Copyright 1986-2022 Xilinx, Inc. All Rights Reserved. Copyright 2022-2023 Advanced Micro Devices, Inc. All Rights Reserved.
---------------------------------------------------------------------------------------------------------------------------------------------------------------------------------------------------------------------------------------------
| Tool Version : Vivado v.2023.1 (win64) Build 3865809 Sun May  7 15:05:29 MDT 2023
| Date         : Mon Apr 13 00:15:09 2026
| Host         : Jip_desktop running 64-bit major release  (build 9200)
| Command      : report_timing_summary -max_paths 10 -report_unconstrained -file design_1_wrapper_timing_summary_routed.rpt -pb design_1_wrapper_timing_summary_routed.pb -rpx design_1_wrapper_timing_summary_routed.rpx -warn_on_violation
| Design       : design_1_wrapper
| Device       : 7z020-clg400
| Speed File   : -1  PRODUCTION 1.12 2019-11-22
| Design State : Routed
---------------------------------------------------------------------------------------------------------------------------------------------------------------------------------------------------------------------------------------------

Timing Summary Report

------------------------------------------------------------------------------------------------
| Timer Settings
| --------------
------------------------------------------------------------------------------------------------

  Enable Multi Corner Analysis               :  Yes
  Enable Pessimism Removal                   :  Yes
  Pessimism Removal Resolution               :  Nearest Common Node
  Enable Input Delay Default Clock           :  No
  Enable Preset / Clear Arcs                 :  No
  Disable Flight Delays                      :  No
  Ignore I/O Paths                           :  No
  Timing Early Launch at Borrowing Latches   :  No
  Borrow Time for Max Delay Exceptions       :  Yes
  Merge Timing Exceptions                    :  Yes

  Corner  Analyze    Analyze    
  Name    Max Paths  Min Paths  
  ------  ---------  ---------  
  Slow    Yes        Yes        
  Fast    Yes        Yes        


------------------------------------------------------------------------------------------------
| Report Methodology
| ------------------
------------------------------------------------------------------------------------------------

Rule       Severity  Description                     Violations  
---------  --------  ------------------------------  ----------  
DPIR-1     Warning   Asynchronous driver check       58          
TIMING-18  Warning   Missing input or output delay   2           
TIMING-20  Warning   Non-clocked latch               4           
LATCH-1    Advisory  Existing latches in the design  1           

Note: This report is based on the most recent report_methodology run and may not be up-to-date. Run report_methodology on the current design for the latest report.



check_timing report

Table of Contents
-----------------
1. checking no_clock (16)
2. checking constant_clock (0)
3. checking pulse_width_clock (0)
4. checking unconstrained_internal_endpoints (4)
5. checking no_input_delay (2)
6. checking no_output_delay (1)
7. checking multiple_clock (0)
8. checking generated_clocks (0)
9. checking loops (0)
10. checking partial_input_delay (0)
11. checking partial_output_delay (0)
12. checking latch_loops (0)

1. checking no_clock (16)
-------------------------
 There are 4 register/latch pins with no clock driven by root clock pin: design_1_i/top_mlp_0/inst/glbl_ctrl_inst/ps_reg[0]/Q (HIGH)

 There are 4 register/latch pins with no clock driven by root clock pin: design_1_i/top_mlp_0/inst/glbl_ctrl_inst/ps_reg[1]/Q (HIGH)

 There are 4 register/latch pins with no clock driven by root clock pin: design_1_i/top_mlp_0/inst/glbl_ctrl_inst/ps_reg[2]/Q (HIGH)

 There are 4 register/latch pins with no clock driven by root clock pin: design_1_i/top_mlp_0/inst/glbl_ctrl_inst/ps_reg[3]/Q (HIGH)


2. checking constant_clock (0)
------------------------------
 There are 0 register/latch pins with constant_clock.


3. checking pulse_width_clock (0)
---------------------------------
 There are 0 register/latch pins which need pulse_width check


4. checking unconstrained_internal_endpoints (4)
------------------------------------------------
 There are 4 pins that are not constrained for maximum delay. (HIGH)

 There are 0 pins that are not constrained for maximum delay due to constant clock.


5. checking no_input_delay (2)
------------------------------
 There are 2 input ports with no input delay specified. (HIGH)

 There are 0 input ports with no input delay but user has a false path constraint.


6. checking no_output_delay (1)
-------------------------------
 There is 1 port with no output delay specified. (HIGH)

 There are 0 ports with no output delay but user has a false path constraint

 There are 0 ports with no output delay but with a timing clock defined on it or propagating through it


7. checking multiple_clock (0)
------------------------------
 There are 0 register/latch pins with multiple clocks.


8. checking generated_clocks (0)
--------------------------------
 There are 0 generated clocks that are not connected to a clock source.


9. checking loops (0)
---------------------
 There are 0 combinational loops in the design.


10. checking partial_input_delay (0)
------------------------------------
 There are 0 input ports with partial input delay specified.


11. checking partial_output_delay (0)
-------------------------------------
 There are 0 ports with partial output delay specified.


12. checking latch_loops (0)
----------------------------
 There are 0 combinational latch loops in the design through latch input



------------------------------------------------------------------------------------------------
| Design Timing Summary
| ---------------------
------------------------------------------------------------------------------------------------

    WNS(ns)      TNS(ns)  TNS Failing Endpoints  TNS Total Endpoints      WHS(ns)      THS(ns)  THS Failing Endpoints  THS Total Endpoints     WPWS(ns)     TPWS(ns)  TPWS Failing Endpoints  TPWS Total Endpoints  
    -------      -------  ---------------------  -------------------      -------      -------  ---------------------  -------------------     --------     --------  ----------------------  --------------------  
      0.621        0.000                      0                 9271        0.032        0.000                      0                 9271        2.750        0.000                       0                  3868  


All user specified timing constraints are met.


------------------------------------------------------------------------------------------------
| Clock Summary
| -------------
------------------------------------------------------------------------------------------------

Clock        Waveform(ns)         Period(ns)      Frequency(MHz)
-----        ------------         ----------      --------------
clk_fpga_0   {0.000 10.000}       20.000          50.000          
sys_clk_pin  {0.000 4.000}        8.000           125.000         


------------------------------------------------------------------------------------------------
| Intra Clock Table
| -----------------
------------------------------------------------------------------------------------------------

Clock             WNS(ns)      TNS(ns)  TNS Failing Endpoints  TNS Total Endpoints      WHS(ns)      THS(ns)  THS Failing Endpoints  THS Total Endpoints     WPWS(ns)     TPWS(ns)  TPWS Failing Endpoints  TPWS Total Endpoints  
-----             -------      -------  ---------------------  -------------------      -------      -------  ---------------------  -------------------     --------     --------  ----------------------  --------------------  
sys_clk_pin         0.621        0.000                      0                 9271        0.032        0.000                      0                 9271        2.750        0.000                       0                  3868  


------------------------------------------------------------------------------------------------
| Inter Clock Table
| -----------------
------------------------------------------------------------------------------------------------

From Clock    To Clock          WNS(ns)      TNS(ns)  TNS Failing Endpoints  TNS Total Endpoints      WHS(ns)      THS(ns)  THS Failing Endpoints  THS Total Endpoints  
----------    --------          -------      -------  ---------------------  -------------------      -------      -------  ---------------------  -------------------  


------------------------------------------------------------------------------------------------
| Other Path Groups Table
| -----------------------
------------------------------------------------------------------------------------------------

Path Group    From Clock    To Clock          WNS(ns)      TNS(ns)  TNS Failing Endpoints  TNS Total Endpoints      WHS(ns)      THS(ns)  THS Failing Endpoints  THS Total Endpoints  
----------    ----------    --------          -------      -------  ---------------------  -------------------      -------      -------  ---------------------  -------------------  


------------------------------------------------------------------------------------------------
| User Ignored Path Table
| -----------------------
------------------------------------------------------------------------------------------------

Path Group    From Clock    To Clock    
----------    ----------    --------    
(none)                      sys_clk_pin   
(none)        sys_clk_pin   sys_clk_pin   


------------------------------------------------------------------------------------------------
| Unconstrained Path Table
| ------------------------
------------------------------------------------------------------------------------------------

Path Group    From Clock    To Clock    
----------    ----------    --------    
(none)                                    
(none)        sys_clk_pin                 
(none)                      sys_clk_pin   


------------------------------------------------------------------------------------------------
| Timing Details
| --------------
------------------------------------------------------------------------------------------------


---------------------------------------------------------------------------------------------------
From Clock:  sys_clk_pin
  To Clock:  sys_clk_pin

Setup :            0  Failing Endpoints,  Worst Slack        0.621ns,  Total Violation        0.000ns
Hold  :            0  Failing Endpoints,  Worst Slack        0.032ns,  Total Violation        0.000ns
PW    :            0  Failing Endpoints,  Worst Slack        2.750ns,  Total Violation        0.000ns
---------------------------------------------------------------------------------------------------


Max Delay Paths
--------------------------------------------------------------------------------------
Slack (MET) :             0.621ns  (required time - arrival time)
  Source:                 design_1_i/top_mlp_0/inst/pu_inst/uut1/dout_int8_reg[6]/C
                            (rising edge-triggered cell FDRE clocked by sys_clk_pin  {rise@0.000ns fall@4.000ns period=8.000ns})
  Destination:            design_1_i/top_mlp_0/inst/pu_inst/local_buffer_cal_reg[49][6]/D
                            (rising edge-triggered cell FDCE clocked by sys_clk_pin  {rise@0.000ns fall@4.000ns period=8.000ns})
  Path Group:             sys_clk_pin
  Path Type:              Setup (Max at Slow Process Corner)
  Requirement:            8.000ns  (sys_clk_pin rise@8.000ns - sys_clk_pin rise@0.000ns)
  Data Path Delay:        6.994ns  (logic 0.478ns (6.834%)  route 6.516ns (93.166%))
  Logic Levels:           0  
  Clock Path Skew:        -0.110ns (DCD - SCD + CPR)
    Destination Clock Delay (DCD):    5.315ns = ( 13.315 - 8.000 ) 
    Source Clock Delay      (SCD):    5.749ns
    Clock Pessimism Removal (CPR):    0.323ns
  Clock Uncertainty:      0.035ns  ((TSJ^2 + TIJ^2)^1/2 + DJ) / 2 + PE
    Total System Jitter     (TSJ):    0.071ns
    Total Input Jitter      (TIJ):    0.000ns
    Discrete Jitter          (DJ):    0.000ns
    Phase Error              (PE):    0.000ns

    Location             Delay type                Incr(ns)  Path(ns)    Netlist Resource(s)
  -------------------------------------------------------------------    -------------------
                         (clock sys_clk_pin rise edge)
                                                      0.000     0.000 r  
    K17                                               0.000     0.000 r  clk (IN)
                         net (fo=0)                   0.000     0.000    clk
    K17                  IBUF (Prop_ibuf_I_O)         1.475     1.475 r  clk_IBUF_inst/O
                         net (fo=1, routed)           2.522     3.997    clk_IBUF
    BUFGCTRL_X0Y16       BUFG (Prop_bufg_I_O)         0.101     4.098 r  clk_IBUF_BUFG_inst/O
                         net (fo=3870, routed)        1.651     5.749    design_1_i/top_mlp_0/inst/pu_inst/uut1/clk
    SLICE_X36Y57         FDRE                                         r  design_1_i/top_mlp_0/inst/pu_inst/uut1/dout_int8_reg[6]/C
  -------------------------------------------------------------------    -------------------
    SLICE_X36Y57         FDRE (Prop_fdre_C_Q)         0.478     6.227 r  design_1_i/top_mlp_0/inst/pu_inst/uut1/dout_int8_reg[6]/Q
                         net (fo=128, routed)         6.516    12.743    design_1_i/top_mlp_0/inst/pu_inst/dout_int8[6]
    SLICE_X56Y68         FDCE                                         r  design_1_i/top_mlp_0/inst/pu_inst/local_buffer_cal_reg[49][6]/D
  -------------------------------------------------------------------    -------------------

                         (clock sys_clk_pin rise edge)
                                                      8.000     8.000 r  
    K17                                               0.000     8.000 r  clk (IN)
                         net (fo=0)                   0.000     8.000    clk
    K17                  IBUF (Prop_ibuf_I_O)         1.404     9.404 r  clk_IBUF_inst/O
                         net (fo=1, routed)           2.293    11.697    clk_IBUF
    BUFGCTRL_X0Y16       BUFG (Prop_bufg_I_O)         0.091    11.788 r  clk_IBUF_BUFG_inst/O
                         net (fo=3870, routed)        1.527    13.315    design_1_i/top_mlp_0/inst/pu_inst/clk
    SLICE_X56Y68         FDCE                                         r  design_1_i/top_mlp_0/inst/pu_inst/local_buffer_cal_reg[49][6]/C
                         clock pessimism              0.323    13.639    
                         clock uncertainty           -0.035    13.603    
    SLICE_X56Y68         FDCE (Setup_fdce_C_D)       -0.239    13.364    design_1_i/top_mlp_0/inst/pu_inst/local_buffer_cal_reg[49][6]
  -------------------------------------------------------------------
                         required time                         13.364    
                         arrival time                         -12.743    
  -------------------------------------------------------------------
                         slack                                  0.621    

Slack (MET) :             0.629ns  (required time - arrival time)
  Source:                 design_1_i/top_mlp_0/inst/glbl_ctrl_inst/r_layer_num_reg[1]/C
                            (rising edge-triggered cell FDCE clocked by sys_clk_pin  {rise@0.000ns fall@4.000ns period=8.000ns})
  Destination:            design_1_i/top_mlp_0/inst/pu_inst/uut1/scaled1_reg/PCIN[0]
                            (rising edge-triggered cell DSP48E1 clocked by sys_clk_pin  {rise@0.000ns fall@4.000ns period=8.000ns})
  Path Group:             sys_clk_pin
  Path Type:              Setup (Max at Slow Process Corner)
  Requirement:            8.000ns  (sys_clk_pin rise@8.000ns - sys_clk_pin rise@0.000ns)
  Data Path Delay:        6.000ns  (logic 4.852ns (80.868%)  route 1.148ns (19.132%))
  Logic Levels:           2  (DSP48E1=1 LUT2=1)
  Clock Path Skew:        0.065ns (DCD - SCD + CPR)
    Destination Clock Delay (DCD):    5.357ns = ( 13.357 - 8.000 ) 
    Source Clock Delay      (SCD):    5.749ns
    Clock Pessimism Removal (CPR):    0.457ns
  Clock Uncertainty:      0.035ns  ((TSJ^2 + TIJ^2)^1/2 + DJ) / 2 + PE
    Total System Jitter     (TSJ):    0.071ns
    Total Input Jitter      (TIJ):    0.000ns
    Discrete Jitter          (DJ):    0.000ns
    Phase Error              (PE):    0.000ns

    Location             Delay type                Incr(ns)  Path(ns)    Netlist Resource(s)
  -------------------------------------------------------------------    -------------------
                         (clock sys_clk_pin rise edge)
                                                      0.000     0.000 r  
    K17                                               0.000     0.000 r  clk (IN)
                         net (fo=0)                   0.000     0.000    clk
    K17                  IBUF (Prop_ibuf_I_O)         1.475     1.475 r  clk_IBUF_inst/O
                         net (fo=1, routed)           2.522     3.997    clk_IBUF
    BUFGCTRL_X0Y16       BUFG (Prop_bufg_I_O)         0.101     4.098 r  clk_IBUF_BUFG_inst/O
                         net (fo=3870, routed)        1.651     5.749    design_1_i/top_mlp_0/inst/glbl_ctrl_inst/clk
    SLICE_X35Y57         FDCE                                         r  design_1_i/top_mlp_0/inst/glbl_ctrl_inst/r_layer_num_reg[1]/C
  -------------------------------------------------------------------    -------------------
    SLICE_X35Y57         FDCE (Prop_fdce_C_Q)         0.456     6.205 r  design_1_i/top_mlp_0/inst/glbl_ctrl_inst/r_layer_num_reg[1]/Q
                         net (fo=9, routed)           0.533     6.738    design_1_i/top_mlp_0/inst/glbl_ctrl_inst/layer_num_w[1]
    SLICE_X35Y57         LUT2 (Prop_lut2_I0_O)        0.152     6.890 r  design_1_i/top_mlp_0/inst/glbl_ctrl_inst/scaled10_i_4/O
                         net (fo=4, routed)           0.612     7.503    design_1_i/top_mlp_0/inst/pu_inst/uut1/scaled1_reg_0[1]
    DSP48_X2Y22          DSP48E1 (Prop_dsp48e1_A[5]_PCOUT[0])
                                                      4.244    11.747 r  design_1_i/top_mlp_0/inst/pu_inst/uut1/scaled10/PCOUT[0]
                         net (fo=1, routed)           0.002    11.749    design_1_i/top_mlp_0/inst/pu_inst/uut1/scaled10_n_153
    DSP48_X2Y23          DSP48E1                                      r  design_1_i/top_mlp_0/inst/pu_inst/uut1/scaled1_reg/PCIN[0]
  -------------------------------------------------------------------    -------------------

                         (clock sys_clk_pin rise edge)
                                                      8.000     8.000 r  
    K17                                               0.000     8.000 r  clk (IN)
                         net (fo=0)                   0.000     8.000    clk
    K17                  IBUF (Prop_ibuf_I_O)         1.404     9.404 r  clk_IBUF_inst/O
                         net (fo=1, routed)           2.293    11.697    clk_IBUF
    BUFGCTRL_X0Y16       BUFG (Prop_bufg_I_O)         0.091    11.788 r  clk_IBUF_BUFG_inst/O
                         net (fo=3870, routed)        1.568    13.357    design_1_i/top_mlp_0/inst/pu_inst/uut1/clk
    DSP48_X2Y23          DSP48E1                                      r  design_1_i/top_mlp_0/inst/pu_inst/uut1/scaled1_reg/CLK
                         clock pessimism              0.457    13.813    
                         clock uncertainty           -0.035    13.778    
    DSP48_X2Y23          DSP48E1 (Setup_dsp48e1_CLK_PCIN[0])
                                                     -1.400    12.378    design_1_i/top_mlp_0/inst/pu_inst/uut1/scaled1_reg
  -------------------------------------------------------------------
                         required time                         12.378    
                         arrival time                         -11.749    
  -------------------------------------------------------------------
                         slack                                  0.629    

Slack (MET) :             0.629ns  (required time - arrival time)
  Source:                 design_1_i/top_mlp_0/inst/glbl_ctrl_inst/r_layer_num_reg[1]/C
                            (rising edge-triggered cell FDCE clocked by sys_clk_pin  {rise@0.000ns fall@4.000ns period=8.000ns})
  Destination:            design_1_i/top_mlp_0/inst/pu_inst/uut1/scaled1_reg/PCIN[10]
                            (rising edge-triggered cell DSP48E1 clocked by sys_clk_pin  {rise@0.000ns fall@4.000ns period=8.000ns})
  Path Group:             sys_clk_pin
  Path Type:              Setup (Max at Slow Process Corner)
  Requirement:            8.000ns  (sys_clk_pin rise@8.000ns - sys_clk_pin rise@0.000ns)
  Data Path Delay:        6.000ns  (logic 4.852ns (80.868%)  route 1.148ns (19.132%))
  Logic Levels:           2  (DSP48E1=1 LUT2=1)
  Clock Path Skew:        0.065ns (DCD - SCD + CPR)
    Destination Clock Delay (DCD):    5.357ns = ( 13.357 - 8.000 ) 
    Source Clock Delay      (SCD):    5.749ns
    Clock Pessimism Removal (CPR):    0.457ns
  Clock Uncertainty:      0.035ns  ((TSJ^2 + TIJ^2)^1/2 + DJ) / 2 + PE
    Total System Jitter     (TSJ):    0.071ns
    Total Input Jitter      (TIJ):    0.000ns
    Discrete Jitter          (DJ):    0.000ns
    Phase Error              (PE):    0.000ns

    Location             Delay type                Incr(ns)  Path(ns)    Netlist Resource(s)
  -------------------------------------------------------------------    -------------------
                         (clock sys_clk_pin rise edge)
                                                      0.000     0.000 r  
    K17                                               0.000     0.000 r  clk (IN)
                         net (fo=0)                   0.000     0.000    clk
    K17                  IBUF (Prop_ibuf_I_O)         1.475     1.475 r  clk_IBUF_inst/O
                         net (fo=1, routed)           2.522     3.997    clk_IBUF
    BUFGCTRL_X0Y16       BUFG (Prop_bufg_I_O)         0.101     4.098 r  clk_IBUF_BUFG_inst/O
                         net (fo=3870, routed)        1.651     5.749    design_1_i/top_mlp_0/inst/glbl_ctrl_inst/clk
    SLICE_X35Y57         FDCE                                         r  design_1_i/top_mlp_0/inst/glbl_ctrl_inst/r_layer_num_reg[1]/C
  -------------------------------------------------------------------    -------------------
    SLICE_X35Y57         FDCE (Prop_fdce_C_Q)         0.456     6.205 r  design_1_i/top_mlp_0/inst/glbl_ctrl_inst/r_layer_num_reg[1]/Q
                         net (fo=9, routed)           0.533     6.738    design_1_i/top_mlp_0/inst/glbl_ctrl_inst/layer_num_w[1]
    SLICE_X35Y57         LUT2 (Prop_lut2_I0_O)        0.152     6.890 r  design_1_i/top_mlp_0/inst/glbl_ctrl_inst/scaled10_i_4/O
                         net (fo=4, routed)           0.612     7.503    design_1_i/top_mlp_0/inst/pu_inst/uut1/scaled1_reg_0[1]
    DSP48_X2Y22          DSP48E1 (Prop_dsp48e1_A[5]_PCOUT[10])
                                                      4.244    11.747 r  design_1_i/top_mlp_0/inst/pu_inst/uut1/scaled10/PCOUT[10]
                         net (fo=1, routed)           0.002    11.749    design_1_i/top_mlp_0/inst/pu_inst/uut1/scaled10_n_143
    DSP48_X2Y23          DSP48E1                                      r  design_1_i/top_mlp_0/inst/pu_inst/uut1/scaled1_reg/PCIN[10]
  -------------------------------------------------------------------    -------------------

                         (clock sys_clk_pin rise edge)
                                                      8.000     8.000 r  
    K17                                               0.000     8.000 r  clk (IN)
                         net (fo=0)                   0.000     8.000    clk
    K17                  IBUF (Prop_ibuf_I_O)         1.404     9.404 r  clk_IBUF_inst/O
                         net (fo=1, routed)           2.293    11.697    clk_IBUF
    BUFGCTRL_X0Y16       BUFG (Prop_bufg_I_O)         0.091    11.788 r  clk_IBUF_BUFG_inst/O
                         net (fo=3870, routed)        1.568    13.357    design_1_i/top_mlp_0/inst/pu_inst/uut1/clk
    DSP48_X2Y23          DSP48E1                                      r  design_1_i/top_mlp_0/inst/pu_inst/uut1/scaled1_reg/CLK
                         clock pessimism              0.457    13.813    
                         clock uncertainty           -0.035    13.778    
    DSP48_X2Y23          DSP48E1 (Setup_dsp48e1_CLK_PCIN[10])
                                                     -1.400    12.378    design_1_i/top_mlp_0/inst/pu_inst/uut1/scaled1_reg
  -------------------------------------------------------------------
                         required time                         12.378    
                         arrival time                         -11.749    
  -------------------------------------------------------------------
                         slack                                  0.629    

Slack (MET) :             0.629ns  (required time - arrival time)
  Source:                 design_1_i/top_mlp_0/inst/glbl_ctrl_inst/r_layer_num_reg[1]/C
                            (rising edge-triggered cell FDCE clocked by sys_clk_pin  {rise@0.000ns fall@4.000ns period=8.000ns})
  Destination:            design_1_i/top_mlp_0/inst/pu_inst/uut1/scaled1_reg/PCIN[11]
                            (rising edge-triggered cell DSP48E1 clocked by sys_clk_pin  {rise@0.000ns fall@4.000ns period=8.000ns})
  Path Group:             sys_clk_pin
  Path Type:              Setup (Max at Slow Process Corner)
  Requirement:            8.000ns  (sys_clk_pin rise@8.000ns - sys_clk_pin rise@0.000ns)
  Data Path Delay:        6.000ns  (logic 4.852ns (80.868%)  route 1.148ns (19.132%))
  Logic Levels:           2  (DSP48E1=1 LUT2=1)
  Clock Path Skew:        0.065ns (DCD - SCD + CPR)
    Destination Clock Delay (DCD):    5.357ns = ( 13.357 - 8.000 ) 
    Source Clock Delay      (SCD):    5.749ns
    Clock Pessimism Removal (CPR):    0.457ns
  Clock Uncertainty:      0.035ns  ((TSJ^2 + TIJ^2)^1/2 + DJ) / 2 + PE
    Total System Jitter     (TSJ):    0.071ns
    Total Input Jitter      (TIJ):    0.000ns
    Discrete Jitter          (DJ):    0.000ns
    Phase Error              (PE):    0.000ns

    Location             Delay type                Incr(ns)  Path(ns)    Netlist Resource(s)
  -------------------------------------------------------------------    -------------------
                         (clock sys_clk_pin rise edge)
                                                      0.000     0.000 r  
    K17                                               0.000     0.000 r  clk (IN)
                         net (fo=0)                   0.000     0.000    clk
    K17                  IBUF (Prop_ibuf_I_O)         1.475     1.475 r  clk_IBUF_inst/O
                         net (fo=1, routed)           2.522     3.997    clk_IBUF
    BUFGCTRL_X0Y16       BUFG (Prop_bufg_I_O)         0.101     4.098 r  clk_IBUF_BUFG_inst/O
                         net (fo=3870, routed)        1.651     5.749    design_1_i/top_mlp_0/inst/glbl_ctrl_inst/clk
    SLICE_X35Y57         FDCE                                         r  design_1_i/top_mlp_0/inst/glbl_ctrl_inst/r_layer_num_reg[1]/C
  -------------------------------------------------------------------    -------------------
    SLICE_X35Y57         FDCE (Prop_fdce_C_Q)         0.456     6.205 r  design_1_i/top_mlp_0/inst/glbl_ctrl_inst/r_layer_num_reg[1]/Q
                         net (fo=9, routed)           0.533     6.738    design_1_i/top_mlp_0/inst/glbl_ctrl_inst/layer_num_w[1]
    SLICE_X35Y57         LUT2 (Prop_lut2_I0_O)        0.152     6.890 r  design_1_i/top_mlp_0/inst/glbl_ctrl_inst/scaled10_i_4/O
                         net (fo=4, routed)           0.612     7.503    design_1_i/top_mlp_0/inst/pu_inst/uut1/scaled1_reg_0[1]
    DSP48_X2Y22          DSP48E1 (Prop_dsp48e1_A[5]_PCOUT[11])
                                                      4.244    11.747 r  design_1_i/top_mlp_0/inst/pu_inst/uut1/scaled10/PCOUT[11]
                         net (fo=1, routed)           0.002    11.749    design_1_i/top_mlp_0/inst/pu_inst/uut1/scaled10_n_142
    DSP48_X2Y23          DSP48E1                                      r  design_1_i/top_mlp_0/inst/pu_inst/uut1/scaled1_reg/PCIN[11]
  -------------------------------------------------------------------    -------------------

                         (clock sys_clk_pin rise edge)
                                                      8.000     8.000 r  
    K17                                               0.000     8.000 r  clk (IN)
                         net (fo=0)                   0.000     8.000    clk
    K17                  IBUF (Prop_ibuf_I_O)         1.404     9.404 r  clk_IBUF_inst/O
                         net (fo=1, routed)           2.293    11.697    clk_IBUF
    BUFGCTRL_X0Y16       BUFG (Prop_bufg_I_O)         0.091    11.788 r  clk_IBUF_BUFG_inst/O
                         net (fo=3870, routed)        1.568    13.357    design_1_i/top_mlp_0/inst/pu_inst/uut1/clk
    DSP48_X2Y23          DSP48E1                                      r  design_1_i/top_mlp_0/inst/pu_inst/uut1/scaled1_reg/CLK
                         clock pessimism              0.457    13.813    
                         clock uncertainty           -0.035    13.778    
    DSP48_X2Y23          DSP48E1 (Setup_dsp48e1_CLK_PCIN[11])
                                                     -1.400    12.378    design_1_i/top_mlp_0/inst/pu_inst/uut1/scaled1_reg
  -------------------------------------------------------------------
                         required time                         12.378    
                         arrival time                         -11.749    
  -------------------------------------------------------------------
                         slack                                  0.629    

Slack (MET) :             0.629ns  (required time - arrival time)
  Source:                 design_1_i/top_mlp_0/inst/glbl_ctrl_inst/r_layer_num_reg[1]/C
                            (rising edge-triggered cell FDCE clocked by sys_clk_pin  {rise@0.000ns fall@4.000ns period=8.000ns})
  Destination:            design_1_i/top_mlp_0/inst/pu_inst/uut1/scaled1_reg/PCIN[12]
                            (rising edge-triggered cell DSP48E1 clocked by sys_clk_pin  {rise@0.000ns fall@4.000ns period=8.000ns})
  Path Group:             sys_clk_pin
  Path Type:              Setup (Max at Slow Process Corner)
  Requirement:            8.000ns  (sys_clk_pin rise@8.000ns - sys_clk_pin rise@0.000ns)
  Data Path Delay:        6.000ns  (logic 4.852ns (80.868%)  route 1.148ns (19.132%))
  Logic Levels:           2  (DSP48E1=1 LUT2=1)
  Clock Path Skew:        0.065ns (DCD - SCD + CPR)
    Destination Clock Delay (DCD):    5.357ns = ( 13.357 - 8.000 ) 
    Source Clock Delay      (SCD):    5.749ns
    Clock Pessimism Removal (CPR):    0.457ns
  Clock Uncertainty:      0.035ns  ((TSJ^2 + TIJ^2)^1/2 + DJ) / 2 + PE
    Total System Jitter     (TSJ):    0.071ns
    Total Input Jitter      (TIJ):    0.000ns
    Discrete Jitter          (DJ):    0.000ns
    Phase Error              (PE):    0.000ns

    Location             Delay type                Incr(ns)  Path(ns)    Netlist Resource(s)
  -------------------------------------------------------------------    -------------------
                         (clock sys_clk_pin rise edge)
                                                      0.000     0.000 r  
    K17                                               0.000     0.000 r  clk (IN)
                         net (fo=0)                   0.000     0.000    clk
    K17                  IBUF (Prop_ibuf_I_O)         1.475     1.475 r  clk_IBUF_inst/O
                         net (fo=1, routed)           2.522     3.997    clk_IBUF
    BUFGCTRL_X0Y16       BUFG (Prop_bufg_I_O)         0.101     4.098 r  clk_IBUF_BUFG_inst/O
                         net (fo=3870, routed)        1.651     5.749    design_1_i/top_mlp_0/inst/glbl_ctrl_inst/clk
    SLICE_X35Y57         FDCE                                         r  design_1_i/top_mlp_0/inst/glbl_ctrl_inst/r_layer_num_reg[1]/C
  -------------------------------------------------------------------    -------------------
    SLICE_X35Y57         FDCE (Prop_fdce_C_Q)         0.456     6.205 r  design_1_i/top_mlp_0/inst/glbl_ctrl_inst/r_layer_num_reg[1]/Q
                         net (fo=9, routed)           0.533     6.738    design_1_i/top_mlp_0/inst/glbl_ctrl_inst/layer_num_w[1]
    SLICE_X35Y57         LUT2 (Prop_lut2_I0_O)        0.152     6.890 r  design_1_i/top_mlp_0/inst/glbl_ctrl_inst/scaled10_i_4/O
                         net (fo=4, routed)           0.612     7.503    design_1_i/top_mlp_0/inst/pu_inst/uut1/scaled1_reg_0[1]
    DSP48_X2Y22          DSP48E1 (Prop_dsp48e1_A[5]_PCOUT[12])
                                                      4.244    11.747 r  design_1_i/top_mlp_0/inst/pu_inst/uut1/scaled10/PCOUT[12]
                         net (fo=1, routed)           0.002    11.749    design_1_i/top_mlp_0/inst/pu_inst/uut1/scaled10_n_141
    DSP48_X2Y23          DSP48E1                                      r  design_1_i/top_mlp_0/inst/pu_inst/uut1/scaled1_reg/PCIN[12]
  -------------------------------------------------------------------    -------------------

                         (clock sys_clk_pin rise edge)
                                                      8.000     8.000 r  
    K17                                               0.000     8.000 r  clk (IN)
                         net (fo=0)                   0.000     8.000    clk
    K17                  IBUF (Prop_ibuf_I_O)         1.404     9.404 r  clk_IBUF_inst/O
                         net (fo=1, routed)           2.293    11.697    clk_IBUF
    BUFGCTRL_X0Y16       BUFG (Prop_bufg_I_O)         0.091    11.788 r  clk_IBUF_BUFG_inst/O
                         net (fo=3870, routed)        1.568    13.357    design_1_i/top_mlp_0/inst/pu_inst/uut1/clk
    DSP48_X2Y23          DSP48E1                                      r  design_1_i/top_mlp_0/inst/pu_inst/uut1/scaled1_reg/CLK
                         clock pessimism              0.457    13.813    
                         clock uncertainty           -0.035    13.778    
    DSP48_X2Y23          DSP48E1 (Setup_dsp48e1_CLK_PCIN[12])
                                                     -1.400    12.378    design_1_i/top_mlp_0/inst/pu_inst/uut1/scaled1_reg
  -------------------------------------------------------------------
                         required time                         12.378    
                         arrival time                         -11.749    
  -------------------------------------------------------------------
                         slack                                  0.629    

Slack (MET) :             0.629ns  (required time - arrival time)
  Source:                 design_1_i/top_mlp_0/inst/glbl_ctrl_inst/r_layer_num_reg[1]/C
                            (rising edge-triggered cell FDCE clocked by sys_clk_pin  {rise@0.000ns fall@4.000ns period=8.000ns})
  Destination:            design_1_i/top_mlp_0/inst/pu_inst/uut1/scaled1_reg/PCIN[13]
                            (rising edge-triggered cell DSP48E1 clocked by sys_clk_pin  {rise@0.000ns fall@4.000ns period=8.000ns})
  Path Group:             sys_clk_pin
  Path Type:              Setup (Max at Slow Process Corner)
  Requirement:            8.000ns  (sys_clk_pin rise@8.000ns - sys_clk_pin rise@0.000ns)
  Data Path Delay:        6.000ns  (logic 4.852ns (80.868%)  route 1.148ns (19.132%))
  Logic Levels:           2  (DSP48E1=1 LUT2=1)
  Clock Path Skew:        0.065ns (DCD - SCD + CPR)
    Destination Clock Delay (DCD):    5.357ns = ( 13.357 - 8.000 ) 
    Source Clock Delay      (SCD):    5.749ns
    Clock Pessimism Removal (CPR):    0.457ns
  Clock Uncertainty:      0.035ns  ((TSJ^2 + TIJ^2)^1/2 + DJ) / 2 + PE
    Total System Jitter     (TSJ):    0.071ns
    Total Input Jitter      (TIJ):    0.000ns
    Discrete Jitter          (DJ):    0.000ns
    Phase Error              (PE):    0.000ns

    Location             Delay type                Incr(ns)  Path(ns)    Netlist Resource(s)
  -------------------------------------------------------------------    -------------------
                         (clock sys_clk_pin rise edge)
                                                      0.000     0.000 r  
    K17                                               0.000     0.000 r  clk (IN)
                         net (fo=0)                   0.000     0.000    clk
    K17                  IBUF (Prop_ibuf_I_O)         1.475     1.475 r  clk_IBUF_inst/O
                         net (fo=1, routed)           2.522     3.997    clk_IBUF
    BUFGCTRL_X0Y16       BUFG (Prop_bufg_I_O)         0.101     4.098 r  clk_IBUF_BUFG_inst/O
                         net (fo=3870, routed)        1.651     5.749    design_1_i/top_mlp_0/inst/glbl_ctrl_inst/clk
    SLICE_X35Y57         FDCE                                         r  design_1_i/top_mlp_0/inst/glbl_ctrl_inst/r_layer_num_reg[1]/C
  -------------------------------------------------------------------    -------------------
    SLICE_X35Y57         FDCE (Prop_fdce_C_Q)         0.456     6.205 r  design_1_i/top_mlp_0/inst/glbl_ctrl_inst/r_layer_num_reg[1]/Q
                         net (fo=9, routed)           0.533     6.738    design_1_i/top_mlp_0/inst/glbl_ctrl_inst/layer_num_w[1]
    SLICE_X35Y57         LUT2 (Prop_lut2_I0_O)        0.152     6.890 r  design_1_i/top_mlp_0/inst/glbl_ctrl_inst/scaled10_i_4/O
                         net (fo=4, routed)           0.612     7.503    design_1_i/top_mlp_0/inst/pu_inst/uut1/scaled1_reg_0[1]
    DSP48_X2Y22          DSP48E1 (Prop_dsp48e1_A[5]_PCOUT[13])
                                                      4.244    11.747 r  design_1_i/top_mlp_0/inst/pu_inst/uut1/scaled10/PCOUT[13]
                         net (fo=1, routed)           0.002    11.749    design_1_i/top_mlp_0/inst/pu_inst/uut1/scaled10_n_140
    DSP48_X2Y23          DSP48E1                                      r  design_1_i/top_mlp_0/inst/pu_inst/uut1/scaled1_reg/PCIN[13]
  -------------------------------------------------------------------    -------------------

                         (clock sys_clk_pin rise edge)
                                                      8.000     8.000 r  
    K17                                               0.000     8.000 r  clk (IN)
                         net (fo=0)                   0.000     8.000    clk
    K17                  IBUF (Prop_ibuf_I_O)         1.404     9.404 r  clk_IBUF_inst/O
                         net (fo=1, routed)           2.293    11.697    clk_IBUF
    BUFGCTRL_X0Y16       BUFG (Prop_bufg_I_O)         0.091    11.788 r  clk_IBUF_BUFG_inst/O
                         net (fo=3870, routed)        1.568    13.357    design_1_i/top_mlp_0/inst/pu_inst/uut1/clk
    DSP48_X2Y23          DSP48E1                                      r  design_1_i/top_mlp_0/inst/pu_inst/uut1/scaled1_reg/CLK
                         clock pessimism              0.457    13.813    
                         clock uncertainty           -0.035    13.778    
    DSP48_X2Y23          DSP48E1 (Setup_dsp48e1_CLK_PCIN[13])
                                                     -1.400    12.378    design_1_i/top_mlp_0/inst/pu_inst/uut1/scaled1_reg
  -------------------------------------------------------------------
                         required time                         12.378    
                         arrival time                         -11.749    
  -------------------------------------------------------------------
                         slack                                  0.629    

Slack (MET) :             0.629ns  (required time - arrival time)
  Source:                 design_1_i/top_mlp_0/inst/glbl_ctrl_inst/r_layer_num_reg[1]/C
                            (rising edge-triggered cell FDCE clocked by sys_clk_pin  {rise@0.000ns fall@4.000ns period=8.000ns})
  Destination:            design_1_i/top_mlp_0/inst/pu_inst/uut1/scaled1_reg/PCIN[14]
                            (rising edge-triggered cell DSP48E1 clocked by sys_clk_pin  {rise@0.000ns fall@4.000ns period=8.000ns})
  Path Group:             sys_clk_pin
  Path Type:              Setup (Max at Slow Process Corner)
  Requirement:            8.000ns  (sys_clk_pin rise@8.000ns - sys_clk_pin rise@0.000ns)
  Data Path Delay:        6.000ns  (logic 4.852ns (80.868%)  route 1.148ns (19.132%))
  Logic Levels:           2  (DSP48E1=1 LUT2=1)
  Clock Path Skew:        0.065ns (DCD - SCD + CPR)
    Destination Clock Delay (DCD):    5.357ns = ( 13.357 - 8.000 ) 
    Source Clock Delay      (SCD):    5.749ns
    Clock Pessimism Removal (CPR):    0.457ns
  Clock Uncertainty:      0.035ns  ((TSJ^2 + TIJ^2)^1/2 + DJ) / 2 + PE
    Total System Jitter     (TSJ):    0.071ns
    Total Input Jitter      (TIJ):    0.000ns
    Discrete Jitter          (DJ):    0.000ns
    Phase Error              (PE):    0.000ns

    Location             Delay type                Incr(ns)  Path(ns)    Netlist Resource(s)
  -------------------------------------------------------------------    -------------------
                         (clock sys_clk_pin rise edge)
                                                      0.000     0.000 r  
    K17                                               0.000     0.000 r  clk (IN)
                         net (fo=0)                   0.000     0.000    clk
    K17                  IBUF (Prop_ibuf_I_O)         1.475     1.475 r  clk_IBUF_inst/O
                         net (fo=1, routed)           2.522     3.997    clk_IBUF
    BUFGCTRL_X0Y16       BUFG (Prop_bufg_I_O)         0.101     4.098 r  clk_IBUF_BUFG_inst/O
                         net (fo=3870, routed)        1.651     5.749    design_1_i/top_mlp_0/inst/glbl_ctrl_inst/clk
    SLICE_X35Y57         FDCE                                         r  design_1_i/top_mlp_0/inst/glbl_ctrl_inst/r_layer_num_reg[1]/C
  -------------------------------------------------------------------    -------------------
    SLICE_X35Y57         FDCE (Prop_fdce_C_Q)         0.456     6.205 r  design_1_i/top_mlp_0/inst/glbl_ctrl_inst/r_layer_num_reg[1]/Q
                         net (fo=9, routed)           0.533     6.738    design_1_i/top_mlp_0/inst/glbl_ctrl_inst/layer_num_w[1]
    SLICE_X35Y57         LUT2 (Prop_lut2_I0_O)        0.152     6.890 r  design_1_i/top_mlp_0/inst/glbl_ctrl_inst/scaled10_i_4/O
                         net (fo=4, routed)           0.612     7.503    design_1_i/top_mlp_0/inst/pu_inst/uut1/scaled1_reg_0[1]
    DSP48_X2Y22          DSP48E1 (Prop_dsp48e1_A[5]_PCOUT[14])
                                                      4.244    11.747 r  design_1_i/top_mlp_0/inst/pu_inst/uut1/scaled10/PCOUT[14]
                         net (fo=1, routed)           0.002    11.749    design_1_i/top_mlp_0/inst/pu_inst/uut1/scaled10_n_139
    DSP48_X2Y23          DSP48E1                                      r  design_1_i/top_mlp_0/inst/pu_inst/uut1/scaled1_reg/PCIN[14]
  -------------------------------------------------------------------    -------------------

                         (clock sys_clk_pin rise edge)
                                                      8.000     8.000 r  
    K17                                               0.000     8.000 r  clk (IN)
                         net (fo=0)                   0.000     8.000    clk
    K17                  IBUF (Prop_ibuf_I_O)         1.404     9.404 r  clk_IBUF_inst/O
                         net (fo=1, routed)           2.293    11.697    clk_IBUF
    BUFGCTRL_X0Y16       BUFG (Prop_bufg_I_O)         0.091    11.788 r  clk_IBUF_BUFG_inst/O
                         net (fo=3870, routed)        1.568    13.357    design_1_i/top_mlp_0/inst/pu_inst/uut1/clk
    DSP48_X2Y23          DSP48E1                                      r  design_1_i/top_mlp_0/inst/pu_inst/uut1/scaled1_reg/CLK
                         clock pessimism              0.457    13.813    
                         clock uncertainty           -0.035    13.778    
    DSP48_X2Y23          DSP48E1 (Setup_dsp48e1_CLK_PCIN[14])
                                                     -1.400    12.378    design_1_i/top_mlp_0/inst/pu_inst/uut1/scaled1_reg
  -------------------------------------------------------------------
                         required time                         12.378    
                         arrival time                         -11.749    
  -------------------------------------------------------------------
                         slack                                  0.629    

Slack (MET) :             0.629ns  (required time - arrival time)
  Source:                 design_1_i/top_mlp_0/inst/glbl_ctrl_inst/r_layer_num_reg[1]/C
                            (rising edge-triggered cell FDCE clocked by sys_clk_pin  {rise@0.000ns fall@4.000ns period=8.000ns})
  Destination:            design_1_i/top_mlp_0/inst/pu_inst/uut1/scaled1_reg/PCIN[15]
                            (rising edge-triggered cell DSP48E1 clocked by sys_clk_pin  {rise@0.000ns fall@4.000ns period=8.000ns})
  Path Group:             sys_clk_pin
  Path Type:              Setup (Max at Slow Process Corner)
  Requirement:            8.000ns  (sys_clk_pin rise@8.000ns - sys_clk_pin rise@0.000ns)
  Data Path Delay:        6.000ns  (logic 4.852ns (80.868%)  route 1.148ns (19.132%))
  Logic Levels:           2  (DSP48E1=1 LUT2=1)
  Clock Path Skew:        0.065ns (DCD - SCD + CPR)
    Destination Clock Delay (DCD):    5.357ns = ( 13.357 - 8.000 ) 
    Source Clock Delay      (SCD):    5.749ns
    Clock Pessimism Removal (CPR):    0.457ns
  Clock Uncertainty:      0.035ns  ((TSJ^2 + TIJ^2)^1/2 + DJ) / 2 + PE
    Total System Jitter     (TSJ):    0.071ns
    Total Input Jitter      (TIJ):    0.000ns
    Discrete Jitter          (DJ):    0.000ns
    Phase Error              (PE):    0.000ns

    Location             Delay type                Incr(ns)  Path(ns)    Netlist Resource(s)
  -------------------------------------------------------------------    -------------------
                         (clock sys_clk_pin rise edge)
                                                      0.000     0.000 r  
    K17                                               0.000     0.000 r  clk (IN)
                         net (fo=0)                   0.000     0.000    clk
    K17                  IBUF (Prop_ibuf_I_O)         1.475     1.475 r  clk_IBUF_inst/O
                         net (fo=1, routed)           2.522     3.997    clk_IBUF
    BUFGCTRL_X0Y16       BUFG (Prop_bufg_I_O)         0.101     4.098 r  clk_IBUF_BUFG_inst/O
                         net (fo=3870, routed)        1.651     5.749    design_1_i/top_mlp_0/inst/glbl_ctrl_inst/clk
    SLICE_X35Y57         FDCE                                         r  design_1_i/top_mlp_0/inst/glbl_ctrl_inst/r_layer_num_reg[1]/C
  -------------------------------------------------------------------    -------------------
    SLICE_X35Y57         FDCE (Prop_fdce_C_Q)         0.456     6.205 r  design_1_i/top_mlp_0/inst/glbl_ctrl_inst/r_layer_num_reg[1]/Q
                         net (fo=9, routed)           0.533     6.738    design_1_i/top_mlp_0/inst/glbl_ctrl_inst/layer_num_w[1]
    SLICE_X35Y57         LUT2 (Prop_lut2_I0_O)        0.152     6.890 r  design_1_i/top_mlp_0/inst/glbl_ctrl_inst/scaled10_i_4/O
                         net (fo=4, routed)           0.612     7.503    design_1_i/top_mlp_0/inst/pu_inst/uut1/scaled1_reg_0[1]
    DSP48_X2Y22          DSP48E1 (Prop_dsp48e1_A[5]_PCOUT[15])
                                                      4.244    11.747 r  design_1_i/top_mlp_0/inst/pu_inst/uut1/scaled10/PCOUT[15]
                         net (fo=1, routed)           0.002    11.749    design_1_i/top_mlp_0/inst/pu_inst/uut1/scaled10_n_138
    DSP48_X2Y23          DSP48E1                                      r  design_1_i/top_mlp_0/inst/pu_inst/uut1/scaled1_reg/PCIN[15]
  -------------------------------------------------------------------    -------------------

                         (clock sys_clk_pin rise edge)
                                                      8.000     8.000 r  
    K17                                               0.000     8.000 r  clk (IN)
                         net (fo=0)                   0.000     8.000    clk
    K17                  IBUF (Prop_ibuf_I_O)         1.404     9.404 r  clk_IBUF_inst/O
                         net (fo=1, routed)           2.293    11.697    clk_IBUF
    BUFGCTRL_X0Y16       BUFG (Prop_bufg_I_O)         0.091    11.788 r  clk_IBUF_BUFG_inst/O
                         net (fo=3870, routed)        1.568    13.357    design_1_i/top_mlp_0/inst/pu_inst/uut1/clk
    DSP48_X2Y23          DSP48E1                                      r  design_1_i/top_mlp_0/inst/pu_inst/uut1/scaled1_reg/CLK
                         clock pessimism              0.457    13.813    
                         clock uncertainty           -0.035    13.778    
    DSP48_X2Y23          DSP48E1 (Setup_dsp48e1_CLK_PCIN[15])
                                                     -1.400    12.378    design_1_i/top_mlp_0/inst/pu_inst/uut1/scaled1_reg
  -------------------------------------------------------------------
                         required time                         12.378    
                         arrival time                         -11.749    
  -------------------------------------------------------------------
                         slack                                  0.629    

Slack (MET) :             0.629ns  (required time - arrival time)
  Source:                 design_1_i/top_mlp_0/inst/glbl_ctrl_inst/r_layer_num_reg[1]/C
                            (rising edge-triggered cell FDCE clocked by sys_clk_pin  {rise@0.000ns fall@4.000ns period=8.000ns})
  Destination:            design_1_i/top_mlp_0/inst/pu_inst/uut1/scaled1_reg/PCIN[16]
                            (rising edge-triggered cell DSP48E1 clocked by sys_clk_pin  {rise@0.000ns fall@4.000ns period=8.000ns})
  Path Group:             sys_clk_pin
  Path Type:              Setup (Max at Slow Process Corner)
  Requirement:            8.000ns  (sys_clk_pin rise@8.000ns - sys_clk_pin rise@0.000ns)
  Data Path Delay:        6.000ns  (logic 4.852ns (80.868%)  route 1.148ns (19.132%))
  Logic Levels:           2  (DSP48E1=1 LUT2=1)
  Clock Path Skew:        0.065ns (DCD - SCD + CPR)
    Destination Clock Delay (DCD):    5.357ns = ( 13.357 - 8.000 ) 
    Source Clock Delay      (SCD):    5.749ns
    Clock Pessimism Removal (CPR):    0.457ns
  Clock Uncertainty:      0.035ns  ((TSJ^2 + TIJ^2)^1/2 + DJ) / 2 + PE
    Total System Jitter     (TSJ):    0.071ns
    Total Input Jitter      (TIJ):    0.000ns
    Discrete Jitter          (DJ):    0.000ns
    Phase Error              (PE):    0.000ns

    Location             Delay type                Incr(ns)  Path(ns)    Netlist Resource(s)
  -------------------------------------------------------------------    -------------------
                         (clock sys_clk_pin rise edge)
                                                      0.000     0.000 r  
    K17                                               0.000     0.000 r  clk (IN)
                         net (fo=0)                   0.000     0.000    clk
    K17                  IBUF (Prop_ibuf_I_O)         1.475     1.475 r  clk_IBUF_inst/O
                         net (fo=1, routed)           2.522     3.997    clk_IBUF
    BUFGCTRL_X0Y16       BUFG (Prop_bufg_I_O)         0.101     4.098 r  clk_IBUF_BUFG_inst/O
                         net (fo=3870, routed)        1.651     5.749    design_1_i/top_mlp_0/inst/glbl_ctrl_inst/clk
    SLICE_X35Y57         FDCE                                         r  design_1_i/top_mlp_0/inst/glbl_ctrl_inst/r_layer_num_reg[1]/C
  -------------------------------------------------------------------    -------------------
    SLICE_X35Y57         FDCE (Prop_fdce_C_Q)         0.456     6.205 r  design_1_i/top_mlp_0/inst/glbl_ctrl_inst/r_layer_num_reg[1]/Q
                         net (fo=9, routed)           0.533     6.738    design_1_i/top_mlp_0/inst/glbl_ctrl_inst/layer_num_w[1]
    SLICE_X35Y57         LUT2 (Prop_lut2_I0_O)        0.152     6.890 r  design_1_i/top_mlp_0/inst/glbl_ctrl_inst/scaled10_i_4/O
                         net (fo=4, routed)           0.612     7.503    design_1_i/top_mlp_0/inst/pu_inst/uut1/scaled1_reg_0[1]
    DSP48_X2Y22          DSP48E1 (Prop_dsp48e1_A[5]_PCOUT[16])
                                                      4.244    11.747 r  design_1_i/top_mlp_0/inst/pu_inst/uut1/scaled10/PCOUT[16]
                         net (fo=1, routed)           0.002    11.749    design_1_i/top_mlp_0/inst/pu_inst/uut1/scaled10_n_137
    DSP48_X2Y23          DSP48E1                                      r  design_1_i/top_mlp_0/inst/pu_inst/uut1/scaled1_reg/PCIN[16]
  -------------------------------------------------------------------    -------------------

                         (clock sys_clk_pin rise edge)
                                                      8.000     8.000 r  
    K17                                               0.000     8.000 r  clk (IN)
                         net (fo=0)                   0.000     8.000    clk
    K17                  IBUF (Prop_ibuf_I_O)         1.404     9.404 r  clk_IBUF_inst/O
                         net (fo=1, routed)           2.293    11.697    clk_IBUF
    BUFGCTRL_X0Y16       BUFG (Prop_bufg_I_O)         0.091    11.788 r  clk_IBUF_BUFG_inst/O
                         net (fo=3870, routed)        1.568    13.357    design_1_i/top_mlp_0/inst/pu_inst/uut1/clk
    DSP48_X2Y23          DSP48E1                                      r  design_1_i/top_mlp_0/inst/pu_inst/uut1/scaled1_reg/CLK
                         clock pessimism              0.457    13.813    
                         clock uncertainty           -0.035    13.778    
    DSP48_X2Y23          DSP48E1 (Setup_dsp48e1_CLK_PCIN[16])
                                                     -1.400    12.378    design_1_i/top_mlp_0/inst/pu_inst/uut1/scaled1_reg
  -------------------------------------------------------------------
                         required time                         12.378    
                         arrival time                         -11.749    
  -------------------------------------------------------------------
                         slack                                  0.629    

Slack (MET) :             0.629ns  (required time - arrival time)
  Source:                 design_1_i/top_mlp_0/inst/glbl_ctrl_inst/r_layer_num_reg[1]/C
                            (rising edge-triggered cell FDCE clocked by sys_clk_pin  {rise@0.000ns fall@4.000ns period=8.000ns})
  Destination:            design_1_i/top_mlp_0/inst/pu_inst/uut1/scaled1_reg/PCIN[17]
                            (rising edge-triggered cell DSP48E1 clocked by sys_clk_pin  {rise@0.000ns fall@4.000ns period=8.000ns})
  Path Group:             sys_clk_pin
  Path Type:              Setup (Max at Slow Process Corner)
  Requirement:            8.000ns  (sys_clk_pin rise@8.000ns - sys_clk_pin rise@0.000ns)
  Data Path Delay:        6.000ns  (logic 4.852ns (80.868%)  route 1.148ns (19.132%))
  Logic Levels:           2  (DSP48E1=1 LUT2=1)
  Clock Path Skew:        0.065ns (DCD - SCD + CPR)
    Destination Clock Delay (DCD):    5.357ns = ( 13.357 - 8.000 ) 
    Source Clock Delay      (SCD):    5.749ns
    Clock Pessimism Removal (CPR):    0.457ns
  Clock Uncertainty:      0.035ns  ((TSJ^2 + TIJ^2)^1/2 + DJ) / 2 + PE
    Total System Jitter     (TSJ):    0.071ns
    Total Input Jitter      (TIJ):    0.000ns
    Discrete Jitter          (DJ):    0.000ns
    Phase Error              (PE):    0.000ns

    Location             Delay type                Incr(ns)  Path(ns)    Netlist Resource(s)
  -------------------------------------------------------------------    -------------------
                         (clock sys_clk_pin rise edge)
                                                      0.000     0.000 r  
    K17                                               0.000     0.000 r  clk (IN)
                         net (fo=0)                   0.000     0.000    clk
    K17                  IBUF (Prop_ibuf_I_O)         1.475     1.475 r  clk_IBUF_inst/O
                         net (fo=1, routed)           2.522     3.997    clk_IBUF
    BUFGCTRL_X0Y16       BUFG (Prop_bufg_I_O)         0.101     4.098 r  clk_IBUF_BUFG_inst/O
                         net (fo=3870, routed)        1.651     5.749    design_1_i/top_mlp_0/inst/glbl_ctrl_inst/clk
    SLICE_X35Y57         FDCE                                         r  design_1_i/top_mlp_0/inst/glbl_ctrl_inst/r_layer_num_reg[1]/C
  -------------------------------------------------------------------    -------------------
    SLICE_X35Y57         FDCE (Prop_fdce_C_Q)         0.456     6.205 r  design_1_i/top_mlp_0/inst/glbl_ctrl_inst/r_layer_num_reg[1]/Q
                         net (fo=9, routed)           0.533     6.738    design_1_i/top_mlp_0/inst/glbl_ctrl_inst/layer_num_w[1]
    SLICE_X35Y57         LUT2 (Prop_lut2_I0_O)        0.152     6.890 r  design_1_i/top_mlp_0/inst/glbl_ctrl_inst/scaled10_i_4/O
                         net (fo=4, routed)           0.612     7.503    design_1_i/top_mlp_0/inst/pu_inst/uut1/scaled1_reg_0[1]
    DSP48_X2Y22          DSP48E1 (Prop_dsp48e1_A[5]_PCOUT[17])
                                                      4.244    11.747 r  design_1_i/top_mlp_0/inst/pu_inst/uut1/scaled10/PCOUT[17]
                         net (fo=1, routed)           0.002    11.749    design_1_i/top_mlp_0/inst/pu_inst/uut1/scaled10_n_136
    DSP48_X2Y23          DSP48E1                                      r  design_1_i/top_mlp_0/inst/pu_inst/uut1/scaled1_reg/PCIN[17]
  -------------------------------------------------------------------    -------------------

                         (clock sys_clk_pin rise edge)
                                                      8.000     8.000 r  
    K17                                               0.000     8.000 r  clk (IN)
                         net (fo=0)                   0.000     8.000    clk
    K17                  IBUF (Prop_ibuf_I_O)         1.404     9.404 r  clk_IBUF_inst/O
                         net (fo=1, routed)           2.293    11.697    clk_IBUF
    BUFGCTRL_X0Y16       BUFG (Prop_bufg_I_O)         0.091    11.788 r  clk_IBUF_BUFG_inst/O
                         net (fo=3870, routed)        1.568    13.357    design_1_i/top_mlp_0/inst/pu_inst/uut1/clk
    DSP48_X2Y23          DSP48E1                                      r  design_1_i/top_mlp_0/inst/pu_inst/uut1/scaled1_reg/CLK
                         clock pessimism              0.457    13.813    
                         clock uncertainty           -0.035    13.778    
    DSP48_X2Y23          DSP48E1 (Setup_dsp48e1_CLK_PCIN[17])
                                                     -1.400    12.378    design_1_i/top_mlp_0/inst/pu_inst/uut1/scaled1_reg
  -------------------------------------------------------------------
                         required time                         12.378    
                         arrival time                         -11.749    
  -------------------------------------------------------------------
                         slack                                  0.629    





Min Delay Paths
--------------------------------------------------------------------------------------
Slack (MET) :             0.032ns  (arrival time - required time)
  Source:                 design_1_i/top_mlp_0/inst/pu_inst/local_buffer_cal_reg[45][7]/C
                            (rising edge-triggered cell FDCE clocked by sys_clk_pin  {rise@0.000ns fall@4.000ns period=8.000ns})
  Destination:            design_1_i/top_mlp_0/inst/pu_inst/local_buffer_reg[45][7]/D
                            (rising edge-triggered cell FDCE clocked by sys_clk_pin  {rise@0.000ns fall@4.000ns period=8.000ns})
  Path Group:             sys_clk_pin
  Path Type:              Hold (Min at Fast Process Corner)
  Requirement:            0.000ns  (sys_clk_pin rise@0.000ns - sys_clk_pin rise@0.000ns)
  Data Path Delay:        0.367ns  (logic 0.164ns (44.733%)  route 0.203ns (55.267%))
  Logic Levels:           0  
  Clock Path Skew:        0.264ns (DCD - SCD - CPR)
    Destination Clock Delay (DCD):    2.176ns
    Source Clock Delay      (SCD):    1.650ns
    Clock Pessimism Removal (CPR):    0.261ns

    Location             Delay type                Incr(ns)  Path(ns)    Netlist Resource(s)
  -------------------------------------------------------------------    -------------------
                         (clock sys_clk_pin rise edge)
                                                      0.000     0.000 r  
    K17                                               0.000     0.000 r  clk (IN)
                         net (fo=0)                   0.000     0.000    clk
    K17                  IBUF (Prop_ibuf_I_O)         0.243     0.243 r  clk_IBUF_inst/O
                         net (fo=1, routed)           0.842     1.084    clk_IBUF
    BUFGCTRL_X0Y16       BUFG (Prop_bufg_I_O)         0.026     1.110 r  clk_IBUF_BUFG_inst/O
                         net (fo=3870, routed)        0.540     1.650    design_1_i/top_mlp_0/inst/pu_inst/clk
    SLICE_X50Y76         FDCE                                         r  design_1_i/top_mlp_0/inst/pu_inst/local_buffer_cal_reg[45][7]/C
  -------------------------------------------------------------------    -------------------
    SLICE_X50Y76         FDCE (Prop_fdce_C_Q)         0.164     1.814 r  design_1_i/top_mlp_0/inst/pu_inst/local_buffer_cal_reg[45][7]/Q
                         net (fo=1, routed)           0.203     2.017    design_1_i/top_mlp_0/inst/pu_inst/local_buffer_cal_reg_n_0_[45][7]
    SLICE_X45Y76         FDCE                                         r  design_1_i/top_mlp_0/inst/pu_inst/local_buffer_reg[45][7]/D
  -------------------------------------------------------------------    -------------------

                         (clock sys_clk_pin rise edge)
                                                      0.000     0.000 r  
    K17                                               0.000     0.000 r  clk (IN)
                         net (fo=0)                   0.000     0.000    clk
    K17                  IBUF (Prop_ibuf_I_O)         0.431     0.431 r  clk_IBUF_inst/O
                         net (fo=1, routed)           0.907     1.338    clk_IBUF
    BUFGCTRL_X0Y16       BUFG (Prop_bufg_I_O)         0.029     1.367 r  clk_IBUF_BUFG_inst/O
                         net (fo=3870, routed)        0.809     2.176    design_1_i/top_mlp_0/inst/pu_inst/clk
    SLICE_X45Y76         FDCE                                         r  design_1_i/top_mlp_0/inst/pu_inst/local_buffer_reg[45][7]/C
                         clock pessimism             -0.261     1.914    
    SLICE_X45Y76         FDCE (Hold_fdce_C_D)         0.070     1.984    design_1_i/top_mlp_0/inst/pu_inst/local_buffer_reg[45][7]
  -------------------------------------------------------------------
                         required time                         -1.984    
                         arrival time                           2.017    
  -------------------------------------------------------------------
                         slack                                  0.032    

Slack (MET) :             0.038ns  (arrival time - required time)
  Source:                 design_1_i/axi_bram_ctrl_0/U0/gext_inst.abcv4_0_ext_inst/GEN_AXI4.I_FULL_AXI/I_WR_CHNL/GEN_WRDATA[12].bram_wrdata_int_reg[12]/C
                            (rising edge-triggered cell FDRE clocked by sys_clk_pin  {rise@0.000ns fall@4.000ns period=8.000ns})
  Destination:            design_1_i/blk_mem_gen_0/U0/inst_blk_mem_gen/gnbram.gnative_mem_map_bmg.native_mem_map_blk_mem_gen/valid.cstr/ramloop[0].ram.r/prim_noinit.ram/DEVICE_7SERIES.WITH_BMM_INFO.TRUE_DP.SIMPLE_PRIM36.TDP_SP36_NO_ECC_ATTR.ram/DIADI[12]
                            (rising edge-triggered cell RAMB36E1 clocked by sys_clk_pin  {rise@0.000ns fall@4.000ns period=8.000ns})
  Path Group:             sys_clk_pin
  Path Type:              Hold (Min at Fast Process Corner)
  Requirement:            0.000ns  (sys_clk_pin rise@0.000ns - sys_clk_pin rise@0.000ns)
  Data Path Delay:        0.388ns  (logic 0.141ns (36.376%)  route 0.247ns (63.624%))
  Logic Levels:           0  
  Clock Path Skew:        0.053ns (DCD - SCD - CPR)
    Destination Clock Delay (DCD):    2.227ns
    Source Clock Delay      (SCD):    1.666ns
    Clock Pessimism Removal (CPR):    0.507ns

    Location             Delay type                Incr(ns)  Path(ns)    Netlist Resource(s)
  -------------------------------------------------------------------    -------------------
                         (clock sys_clk_pin rise edge)
                                                      0.000     0.000 r  
    K17                                               0.000     0.000 r  clk (IN)
                         net (fo=0)                   0.000     0.000    clk
    K17                  IBUF (Prop_ibuf_I_O)         0.243     0.243 r  clk_IBUF_inst/O
                         net (fo=1, routed)           0.842     1.084    clk_IBUF
    BUFGCTRL_X0Y16       BUFG (Prop_bufg_I_O)         0.026     1.110 r  clk_IBUF_BUFG_inst/O
                         net (fo=3870, routed)        0.556     1.666    design_1_i/axi_bram_ctrl_0/U0/gext_inst.abcv4_0_ext_inst/GEN_AXI4.I_FULL_AXI/I_WR_CHNL/s_axi_aclk
    SLICE_X33Y89         FDRE                                         r  design_1_i/axi_bram_ctrl_0/U0/gext_inst.abcv4_0_ext_inst/GEN_AXI4.I_FULL_AXI/I_WR_CHNL/GEN_WRDATA[12].bram_wrdata_int_reg[12]/C
  -------------------------------------------------------------------    -------------------
    SLICE_X33Y89         FDRE (Prop_fdre_C_Q)         0.141     1.807 r  design_1_i/axi_bram_ctrl_0/U0/gext_inst.abcv4_0_ext_inst/GEN_AXI4.I_FULL_AXI/I_WR_CHNL/GEN_WRDATA[12].bram_wrdata_int_reg[12]/Q
                         net (fo=1, routed)           0.247     2.054    design_1_i/blk_mem_gen_0/U0/inst_blk_mem_gen/gnbram.gnative_mem_map_bmg.native_mem_map_blk_mem_gen/valid.cstr/ramloop[0].ram.r/prim_noinit.ram/dina[12]
    RAMB36_X2Y16         RAMB36E1                                     r  design_1_i/blk_mem_gen_0/U0/inst_blk_mem_gen/gnbram.gnative_mem_map_bmg.native_mem_map_blk_mem_gen/valid.cstr/ramloop[0].ram.r/prim_noinit.ram/DEVICE_7SERIES.WITH_BMM_INFO.TRUE_DP.SIMPLE_PRIM36.TDP_SP36_NO_ECC_ATTR.ram/DIADI[12]
  -------------------------------------------------------------------    -------------------

                         (clock sys_clk_pin rise edge)
                                                      0.000     0.000 r  
    K17                                               0.000     0.000 r  clk (IN)
                         net (fo=0)                   0.000     0.000    clk
    K17                  IBUF (Prop_ibuf_I_O)         0.431     0.431 r  clk_IBUF_inst/O
                         net (fo=1, routed)           0.907     1.338    clk_IBUF
    BUFGCTRL_X0Y16       BUFG (Prop_bufg_I_O)         0.029     1.367 r  clk_IBUF_BUFG_inst/O
                         net (fo=3870, routed)        0.860     2.227    design_1_i/blk_mem_gen_0/U0/inst_blk_mem_gen/gnbram.gnative_mem_map_bmg.native_mem_map_blk_mem_gen/valid.cstr/ramloop[0].ram.r/prim_noinit.ram/clka
    RAMB36_X2Y16         RAMB36E1                                     r  design_1_i/blk_mem_gen_0/U0/inst_blk_mem_gen/gnbram.gnative_mem_map_bmg.native_mem_map_blk_mem_gen/valid.cstr/ramloop[0].ram.r/prim_noinit.ram/DEVICE_7SERIES.WITH_BMM_INFO.TRUE_DP.SIMPLE_PRIM36.TDP_SP36_NO_ECC_ATTR.ram/CLKARDCLK
                         clock pessimism             -0.507     1.720    
    RAMB36_X2Y16         RAMB36E1 (Hold_ramb36e1_CLKARDCLK_DIADI[12])
                                                      0.296     2.016    design_1_i/blk_mem_gen_0/U0/inst_blk_mem_gen/gnbram.gnative_mem_map_bmg.native_mem_map_blk_mem_gen/valid.cstr/ramloop[0].ram.r/prim_noinit.ram/DEVICE_7SERIES.WITH_BMM_INFO.TRUE_DP.SIMPLE_PRIM36.TDP_SP36_NO_ECC_ATTR.ram
  -------------------------------------------------------------------
                         required time                         -2.016    
                         arrival time                           2.054    
  -------------------------------------------------------------------
                         slack                                  0.038    

Slack (MET) :             0.039ns  (arrival time - required time)
  Source:                 design_1_i/axi_bram_ctrl_0/U0/gext_inst.abcv4_0_ext_inst/GEN_AXI4.I_FULL_AXI/I_WR_CHNL/GEN_WRDATA[10].bram_wrdata_int_reg[10]/C
                            (rising edge-triggered cell FDRE clocked by sys_clk_pin  {rise@0.000ns fall@4.000ns period=8.000ns})
  Destination:            design_1_i/blk_mem_gen_0/U0/inst_blk_mem_gen/gnbram.gnative_mem_map_bmg.native_mem_map_blk_mem_gen/valid.cstr/ramloop[0].ram.r/prim_noinit.ram/DEVICE_7SERIES.WITH_BMM_INFO.TRUE_DP.SIMPLE_PRIM36.TDP_SP36_NO_ECC_ATTR.ram/DIADI[10]
                            (rising edge-triggered cell RAMB36E1 clocked by sys_clk_pin  {rise@0.000ns fall@4.000ns period=8.000ns})
  Path Group:             sys_clk_pin
  Path Type:              Hold (Min at Fast Process Corner)
  Requirement:            0.000ns  (sys_clk_pin rise@0.000ns - sys_clk_pin rise@0.000ns)
  Data Path Delay:        0.389ns  (logic 0.141ns (36.283%)  route 0.248ns (63.717%))
  Logic Levels:           0  
  Clock Path Skew:        0.053ns (DCD - SCD - CPR)
    Destination Clock Delay (DCD):    2.227ns
    Source Clock Delay      (SCD):    1.666ns
    Clock Pessimism Removal (CPR):    0.507ns

    Location             Delay type                Incr(ns)  Path(ns)    Netlist Resource(s)
  -------------------------------------------------------------------    -------------------
                         (clock sys_clk_pin rise edge)
                                                      0.000     0.000 r  
    K17                                               0.000     0.000 r  clk (IN)
                         net (fo=0)                   0.000     0.000    clk
    K17                  IBUF (Prop_ibuf_I_O)         0.243     0.243 r  clk_IBUF_inst/O
                         net (fo=1, routed)           0.842     1.084    clk_IBUF
    BUFGCTRL_X0Y16       BUFG (Prop_bufg_I_O)         0.026     1.110 r  clk_IBUF_BUFG_inst/O
                         net (fo=3870, routed)        0.556     1.666    design_1_i/axi_bram_ctrl_0/U0/gext_inst.abcv4_0_ext_inst/GEN_AXI4.I_FULL_AXI/I_WR_CHNL/s_axi_aclk
    SLICE_X33Y89         FDRE                                         r  design_1_i/axi_bram_ctrl_0/U0/gext_inst.abcv4_0_ext_inst/GEN_AXI4.I_FULL_AXI/I_WR_CHNL/GEN_WRDATA[10].bram_wrdata_int_reg[10]/C
  -------------------------------------------------------------------    -------------------
    SLICE_X33Y89         FDRE (Prop_fdre_C_Q)         0.141     1.807 r  design_1_i/axi_bram_ctrl_0/U0/gext_inst.abcv4_0_ext_inst/GEN_AXI4.I_FULL_AXI/I_WR_CHNL/GEN_WRDATA[10].bram_wrdata_int_reg[10]/Q
                         net (fo=1, routed)           0.248     2.055    design_1_i/blk_mem_gen_0/U0/inst_blk_mem_gen/gnbram.gnative_mem_map_bmg.native_mem_map_blk_mem_gen/valid.cstr/ramloop[0].ram.r/prim_noinit.ram/dina[10]
    RAMB36_X2Y16         RAMB36E1                                     r  design_1_i/blk_mem_gen_0/U0/inst_blk_mem_gen/gnbram.gnative_mem_map_bmg.native_mem_map_blk_mem_gen/valid.cstr/ramloop[0].ram.r/prim_noinit.ram/DEVICE_7SERIES.WITH_BMM_INFO.TRUE_DP.SIMPLE_PRIM36.TDP_SP36_NO_ECC_ATTR.ram/DIADI[10]
  -------------------------------------------------------------------    -------------------

                         (clock sys_clk_pin rise edge)
                                                      0.000     0.000 r  
    K17                                               0.000     0.000 r  clk (IN)
                         net (fo=0)                   0.000     0.000    clk
    K17                  IBUF (Prop_ibuf_I_O)         0.431     0.431 r  clk_IBUF_inst/O
                         net (fo=1, routed)           0.907     1.338    clk_IBUF
    BUFGCTRL_X0Y16       BUFG (Prop_bufg_I_O)         0.029     1.367 r  clk_IBUF_BUFG_inst/O
                         net (fo=3870, routed)        0.860     2.227    design_1_i/blk_mem_gen_0/U0/inst_blk_mem_gen/gnbram.gnative_mem_map_bmg.native_mem_map_blk_mem_gen/valid.cstr/ramloop[0].ram.r/prim_noinit.ram/clka
    RAMB36_X2Y16         RAMB36E1                                     r  design_1_i/blk_mem_gen_0/U0/inst_blk_mem_gen/gnbram.gnative_mem_map_bmg.native_mem_map_blk_mem_gen/valid.cstr/ramloop[0].ram.r/prim_noinit.ram/DEVICE_7SERIES.WITH_BMM_INFO.TRUE_DP.SIMPLE_PRIM36.TDP_SP36_NO_ECC_ATTR.ram/CLKARDCLK
                         clock pessimism             -0.507     1.720    
    RAMB36_X2Y16         RAMB36E1 (Hold_ramb36e1_CLKARDCLK_DIADI[10])
                                                      0.296     2.016    design_1_i/blk_mem_gen_0/U0/inst_blk_mem_gen/gnbram.gnative_mem_map_bmg.native_mem_map_blk_mem_gen/valid.cstr/ramloop[0].ram.r/prim_noinit.ram/DEVICE_7SERIES.WITH_BMM_INFO.TRUE_DP.SIMPLE_PRIM36.TDP_SP36_NO_ECC_ATTR.ram
  -------------------------------------------------------------------
                         required time                         -2.016    
                         arrival time                           2.055    
  -------------------------------------------------------------------
                         slack                                  0.039    

Slack (MET) :             0.048ns  (arrival time - required time)
  Source:                 design_1_i/top_mlp_0/inst/pu_inst/local_buffer_cal_reg[124][6]/C
                            (rising edge-triggered cell FDCE clocked by sys_clk_pin  {rise@0.000ns fall@4.000ns period=8.000ns})
  Destination:            design_1_i/top_mlp_0/inst/pu_inst/local_buffer_reg[124][6]/D
                            (rising edge-triggered cell FDCE clocked by sys_clk_pin  {rise@0.000ns fall@4.000ns period=8.000ns})
  Path Group:             sys_clk_pin
  Path Type:              Hold (Min at Fast Process Corner)
  Requirement:            0.000ns  (sys_clk_pin rise@0.000ns - sys_clk_pin rise@0.000ns)
  Data Path Delay:        0.381ns  (logic 0.141ns (36.984%)  route 0.240ns (63.016%))
  Logic Levels:           0  
  Clock Path Skew:        0.258ns (DCD - SCD - CPR)
    Destination Clock Delay (DCD):    2.181ns
    Source Clock Delay      (SCD):    1.661ns
    Clock Pessimism Removal (CPR):    0.261ns

    Location             Delay type                Incr(ns)  Path(ns)    Netlist Resource(s)
  -------------------------------------------------------------------    -------------------
                         (clock sys_clk_pin rise edge)
                                                      0.000     0.000 r  
    K17                                               0.000     0.000 r  clk (IN)
                         net (fo=0)                   0.000     0.000    clk
    K17                  IBUF (Prop_ibuf_I_O)         0.243     0.243 r  clk_IBUF_inst/O
                         net (fo=1, routed)           0.842     1.084    clk_IBUF
    BUFGCTRL_X0Y16       BUFG (Prop_bufg_I_O)         0.026     1.110 r  clk_IBUF_BUFG_inst/O
                         net (fo=3870, routed)        0.551     1.661    design_1_i/top_mlp_0/inst/pu_inst/clk
    SLICE_X49Y86         FDCE                                         r  design_1_i/top_mlp_0/inst/pu_inst/local_buffer_cal_reg[124][6]/C
  -------------------------------------------------------------------    -------------------
    SLICE_X49Y86         FDCE (Prop_fdce_C_Q)         0.141     1.802 r  design_1_i/top_mlp_0/inst/pu_inst/local_buffer_cal_reg[124][6]/Q
                         net (fo=1, routed)           0.240     2.042    design_1_i/top_mlp_0/inst/pu_inst/local_buffer_cal_reg_n_0_[124][6]
    SLICE_X53Y84         FDCE                                         r  design_1_i/top_mlp_0/inst/pu_inst/local_buffer_reg[124][6]/D
  -------------------------------------------------------------------    -------------------

                         (clock sys_clk_pin rise edge)
                                                      0.000     0.000 r  
    K17                                               0.000     0.000 r  clk (IN)
                         net (fo=0)                   0.000     0.000    clk
    K17                  IBUF (Prop_ibuf_I_O)         0.431     0.431 r  clk_IBUF_inst/O
                         net (fo=1, routed)           0.907     1.338    clk_IBUF
    BUFGCTRL_X0Y16       BUFG (Prop_bufg_I_O)         0.029     1.367 r  clk_IBUF_BUFG_inst/O
                         net (fo=3870, routed)        0.814     2.181    design_1_i/top_mlp_0/inst/pu_inst/clk
    SLICE_X53Y84         FDCE                                         r  design_1_i/top_mlp_0/inst/pu_inst/local_buffer_reg[124][6]/C
                         clock pessimism             -0.261     1.919    
    SLICE_X53Y84         FDCE (Hold_fdce_C_D)         0.075     1.994    design_1_i/top_mlp_0/inst/pu_inst/local_buffer_reg[124][6]
  -------------------------------------------------------------------
                         required time                         -1.994    
                         arrival time                           2.042    
  -------------------------------------------------------------------
                         slack                                  0.048    

Slack (MET) :             0.051ns  (arrival time - required time)
  Source:                 design_1_i/top_mlp_0/inst/pu_inst/local_buffer_cal_reg[116][0]/C
                            (rising edge-triggered cell FDCE clocked by sys_clk_pin  {rise@0.000ns fall@4.000ns period=8.000ns})
  Destination:            design_1_i/top_mlp_0/inst/pu_inst/local_buffer_reg[116][0]/D
                            (rising edge-triggered cell FDCE clocked by sys_clk_pin  {rise@0.000ns fall@4.000ns period=8.000ns})
  Path Group:             sys_clk_pin
  Path Type:              Hold (Min at Fast Process Corner)
  Requirement:            0.000ns  (sys_clk_pin rise@0.000ns - sys_clk_pin rise@0.000ns)
  Data Path Delay:        0.380ns  (logic 0.164ns (43.143%)  route 0.216ns (56.857%))
  Logic Levels:           0  
  Clock Path Skew:        0.266ns (DCD - SCD - CPR)
    Destination Clock Delay (DCD):    2.183ns
    Source Clock Delay      (SCD):    1.655ns
    Clock Pessimism Removal (CPR):    0.261ns

    Location             Delay type                Incr(ns)  Path(ns)    Netlist Resource(s)
  -------------------------------------------------------------------    -------------------
                         (clock sys_clk_pin rise edge)
                                                      0.000     0.000 r  
    K17                                               0.000     0.000 r  clk (IN)
                         net (fo=0)                   0.000     0.000    clk
    K17                  IBUF (Prop_ibuf_I_O)         0.243     0.243 r  clk_IBUF_inst/O
                         net (fo=1, routed)           0.842     1.084    clk_IBUF
    BUFGCTRL_X0Y16       BUFG (Prop_bufg_I_O)         0.026     1.110 r  clk_IBUF_BUFG_inst/O
                         net (fo=3870, routed)        0.545     1.655    design_1_i/top_mlp_0/inst/pu_inst/clk
    SLICE_X50Y81         FDCE                                         r  design_1_i/top_mlp_0/inst/pu_inst/local_buffer_cal_reg[116][0]/C
  -------------------------------------------------------------------    -------------------
    SLICE_X50Y81         FDCE (Prop_fdce_C_Q)         0.164     1.819 r  design_1_i/top_mlp_0/inst/pu_inst/local_buffer_cal_reg[116][0]/Q
                         net (fo=1, routed)           0.216     2.035    design_1_i/top_mlp_0/inst/pu_inst/local_buffer_cal_reg_n_0_[116][0]
    SLICE_X46Y82         FDCE                                         r  design_1_i/top_mlp_0/inst/pu_inst/local_buffer_reg[116][0]/D
  -------------------------------------------------------------------    -------------------

                         (clock sys_clk_pin rise edge)
                                                      0.000     0.000 r  
    K17                                               0.000     0.000 r  clk (IN)
                         net (fo=0)                   0.000     0.000    clk
    K17                  IBUF (Prop_ibuf_I_O)         0.431     0.431 r  clk_IBUF_inst/O
                         net (fo=1, routed)           0.907     1.338    clk_IBUF
    BUFGCTRL_X0Y16       BUFG (Prop_bufg_I_O)         0.029     1.367 r  clk_IBUF_BUFG_inst/O
                         net (fo=3870, routed)        0.816     2.183    design_1_i/top_mlp_0/inst/pu_inst/clk
    SLICE_X46Y82         FDCE                                         r  design_1_i/top_mlp_0/inst/pu_inst/local_buffer_reg[116][0]/C
                         clock pessimism             -0.261     1.921    
    SLICE_X46Y82         FDCE (Hold_fdce_C_D)         0.063     1.984    design_1_i/top_mlp_0/inst/pu_inst/local_buffer_reg[116][0]
  -------------------------------------------------------------------
                         required time                         -1.984    
                         arrival time                           2.035    
  -------------------------------------------------------------------
                         slack                                  0.051    

Slack (MET) :             0.051ns  (arrival time - required time)
  Source:                 design_1_i/top_mlp_0/inst/pu_inst/local_buffer_cal_reg[112][5]/C
                            (rising edge-triggered cell FDCE clocked by sys_clk_pin  {rise@0.000ns fall@4.000ns period=8.000ns})
  Destination:            design_1_i/top_mlp_0/inst/pu_inst/local_buffer_reg[112][5]/D
                            (rising edge-triggered cell FDCE clocked by sys_clk_pin  {rise@0.000ns fall@4.000ns period=8.000ns})
  Path Group:             sys_clk_pin
  Path Type:              Hold (Min at Fast Process Corner)
  Requirement:            0.000ns  (sys_clk_pin rise@0.000ns - sys_clk_pin rise@0.000ns)
  Data Path Delay:        0.310ns  (logic 0.148ns (47.799%)  route 0.162ns (52.201%))
  Logic Levels:           0  
  Clock Path Skew:        0.266ns (DCD - SCD - CPR)
    Destination Clock Delay (DCD):    2.185ns
    Source Clock Delay      (SCD):    1.657ns
    Clock Pessimism Removal (CPR):    0.261ns

    Location             Delay type                Incr(ns)  Path(ns)    Netlist Resource(s)
  -------------------------------------------------------------------    -------------------
                         (clock sys_clk_pin rise edge)
                                                      0.000     0.000 r  
    K17                                               0.000     0.000 r  clk (IN)
                         net (fo=0)                   0.000     0.000    clk
    K17                  IBUF (Prop_ibuf_I_O)         0.243     0.243 r  clk_IBUF_inst/O
                         net (fo=1, routed)           0.842     1.084    clk_IBUF
    BUFGCTRL_X0Y16       BUFG (Prop_bufg_I_O)         0.026     1.110 r  clk_IBUF_BUFG_inst/O
                         net (fo=3870, routed)        0.547     1.657    design_1_i/top_mlp_0/inst/pu_inst/clk
    SLICE_X50Y83         FDCE                                         r  design_1_i/top_mlp_0/inst/pu_inst/local_buffer_cal_reg[112][5]/C
  -------------------------------------------------------------------    -------------------
    SLICE_X50Y83         FDCE (Prop_fdce_C_Q)         0.148     1.805 r  design_1_i/top_mlp_0/inst/pu_inst/local_buffer_cal_reg[112][5]/Q
                         net (fo=1, routed)           0.162     1.967    design_1_i/top_mlp_0/inst/pu_inst/local_buffer_cal_reg_n_0_[112][5]
    SLICE_X48Y84         FDCE                                         r  design_1_i/top_mlp_0/inst/pu_inst/local_buffer_reg[112][5]/D
  -------------------------------------------------------------------    -------------------

                         (clock sys_clk_pin rise edge)
                                                      0.000     0.000 r  
    K17                                               0.000     0.000 r  clk (IN)
                         net (fo=0)                   0.000     0.000    clk
    K17                  IBUF (Prop_ibuf_I_O)         0.431     0.431 r  clk_IBUF_inst/O
                         net (fo=1, routed)           0.907     1.338    clk_IBUF
    BUFGCTRL_X0Y16       BUFG (Prop_bufg_I_O)         0.029     1.367 r  clk_IBUF_BUFG_inst/O
                         net (fo=3870, routed)        0.818     2.185    design_1_i/top_mlp_0/inst/pu_inst/clk
    SLICE_X48Y84         FDCE                                         r  design_1_i/top_mlp_0/inst/pu_inst/local_buffer_reg[112][5]/C
                         clock pessimism             -0.261     1.923    
    SLICE_X48Y84         FDCE (Hold_fdce_C_D)        -0.008     1.915    design_1_i/top_mlp_0/inst/pu_inst/local_buffer_reg[112][5]
  -------------------------------------------------------------------
                         required time                         -1.915    
                         arrival time                           1.967    
  -------------------------------------------------------------------
                         slack                                  0.051    

Slack (MET) :             0.051ns  (arrival time - required time)
  Source:                 design_1_i/axi_bram_ctrl_0/U0/gext_inst.abcv4_0_ext_inst/GEN_AXI4.I_FULL_AXI/I_WR_CHNL/GEN_WRDATA[24].bram_wrdata_int_reg[24]/C
                            (rising edge-triggered cell FDRE clocked by sys_clk_pin  {rise@0.000ns fall@4.000ns period=8.000ns})
  Destination:            design_1_i/blk_mem_gen_0/U0/inst_blk_mem_gen/gnbram.gnative_mem_map_bmg.native_mem_map_blk_mem_gen/valid.cstr/ramloop[1].ram.r/prim_noinit.ram/DEVICE_7SERIES.WITH_BMM_INFO.TRUE_DP.SIMPLE_PRIM36.TDP_SP36_NO_ECC_ATTR.ram/DIADI[8]
                            (rising edge-triggered cell RAMB36E1 clocked by sys_clk_pin  {rise@0.000ns fall@4.000ns period=8.000ns})
  Path Group:             sys_clk_pin
  Path Type:              Hold (Min at Fast Process Corner)
  Requirement:            0.000ns  (sys_clk_pin rise@0.000ns - sys_clk_pin rise@0.000ns)
  Data Path Delay:        0.353ns  (logic 0.128ns (36.277%)  route 0.225ns (63.723%))
  Logic Levels:           0  
  Clock Path Skew:        0.058ns (DCD - SCD - CPR)
    Destination Clock Delay (DCD):    2.232ns
    Source Clock Delay      (SCD):    1.666ns
    Clock Pessimism Removal (CPR):    0.507ns

    Location             Delay type                Incr(ns)  Path(ns)    Netlist Resource(s)
  -------------------------------------------------------------------    -------------------
                         (clock sys_clk_pin rise edge)
                                                      0.000     0.000 r  
    K17                                               0.000     0.000 r  clk (IN)
                         net (fo=0)                   0.000     0.000    clk
    K17                  IBUF (Prop_ibuf_I_O)         0.243     0.243 r  clk_IBUF_inst/O
                         net (fo=1, routed)           0.842     1.084    clk_IBUF
    BUFGCTRL_X0Y16       BUFG (Prop_bufg_I_O)         0.026     1.110 r  clk_IBUF_BUFG_inst/O
                         net (fo=3870, routed)        0.556     1.666    design_1_i/axi_bram_ctrl_0/U0/gext_inst.abcv4_0_ext_inst/GEN_AXI4.I_FULL_AXI/I_WR_CHNL/s_axi_aclk
    SLICE_X33Y89         FDRE                                         r  design_1_i/axi_bram_ctrl_0/U0/gext_inst.abcv4_0_ext_inst/GEN_AXI4.I_FULL_AXI/I_WR_CHNL/GEN_WRDATA[24].bram_wrdata_int_reg[24]/C
  -------------------------------------------------------------------    -------------------
    SLICE_X33Y89         FDRE (Prop_fdre_C_Q)         0.128     1.794 r  design_1_i/axi_bram_ctrl_0/U0/gext_inst.abcv4_0_ext_inst/GEN_AXI4.I_FULL_AXI/I_WR_CHNL/GEN_WRDATA[24].bram_wrdata_int_reg[24]/Q
                         net (fo=1, routed)           0.225     2.019    design_1_i/blk_mem_gen_0/U0/inst_blk_mem_gen/gnbram.gnative_mem_map_bmg.native_mem_map_blk_mem_gen/valid.cstr/ramloop[1].ram.r/prim_noinit.ram/dina[8]
    RAMB36_X2Y17         RAMB36E1                                     r  design_1_i/blk_mem_gen_0/U0/inst_blk_mem_gen/gnbram.gnative_mem_map_bmg.native_mem_map_blk_mem_gen/valid.cstr/ramloop[1].ram.r/prim_noinit.ram/DEVICE_7SERIES.WITH_BMM_INFO.TRUE_DP.SIMPLE_PRIM36.TDP_SP36_NO_ECC_ATTR.ram/DIADI[8]
  -------------------------------------------------------------------    -------------------

                         (clock sys_clk_pin rise edge)
                                                      0.000     0.000 r  
    K17                                               0.000     0.000 r  clk (IN)
                         net (fo=0)                   0.000     0.000    clk
    K17                  IBUF (Prop_ibuf_I_O)         0.431     0.431 r  clk_IBUF_inst/O
                         net (fo=1, routed)           0.907     1.338    clk_IBUF
    BUFGCTRL_X0Y16       BUFG (Prop_bufg_I_O)         0.029     1.367 r  clk_IBUF_BUFG_inst/O
                         net (fo=3870, routed)        0.865     2.232    design_1_i/blk_mem_gen_0/U0/inst_blk_mem_gen/gnbram.gnative_mem_map_bmg.native_mem_map_blk_mem_gen/valid.cstr/ramloop[1].ram.r/prim_noinit.ram/clka
    RAMB36_X2Y17         RAMB36E1                                     r  design_1_i/blk_mem_gen_0/U0/inst_blk_mem_gen/gnbram.gnative_mem_map_bmg.native_mem_map_blk_mem_gen/valid.cstr/ramloop[1].ram.r/prim_noinit.ram/DEVICE_7SERIES.WITH_BMM_INFO.TRUE_DP.SIMPLE_PRIM36.TDP_SP36_NO_ECC_ATTR.ram/CLKARDCLK
                         clock pessimism             -0.507     1.725    
    RAMB36_X2Y17         RAMB36E1 (Hold_ramb36e1_CLKARDCLK_DIADI[8])
                                                      0.243     1.968    design_1_i/blk_mem_gen_0/U0/inst_blk_mem_gen/gnbram.gnative_mem_map_bmg.native_mem_map_blk_mem_gen/valid.cstr/ramloop[1].ram.r/prim_noinit.ram/DEVICE_7SERIES.WITH_BMM_INFO.TRUE_DP.SIMPLE_PRIM36.TDP_SP36_NO_ECC_ATTR.ram
  -------------------------------------------------------------------
                         required time                         -1.968    
                         arrival time                           2.019    
  -------------------------------------------------------------------
                         slack                                  0.051    

Slack (MET) :             0.052ns  (arrival time - required time)
  Source:                 design_1_i/top_mlp_0/inst/pu_inst/local_buffer_cal_reg[119][7]/C
                            (rising edge-triggered cell FDCE clocked by sys_clk_pin  {rise@0.000ns fall@4.000ns period=8.000ns})
  Destination:            design_1_i/top_mlp_0/inst/pu_inst/local_buffer_reg[119][7]/D
                            (rising edge-triggered cell FDCE clocked by sys_clk_pin  {rise@0.000ns fall@4.000ns period=8.000ns})
  Path Group:             sys_clk_pin
  Path Type:              Hold (Min at Fast Process Corner)
  Requirement:            0.000ns  (sys_clk_pin rise@0.000ns - sys_clk_pin rise@0.000ns)
  Data Path Delay:        0.334ns  (logic 0.148ns (44.295%)  route 0.186ns (55.705%))
  Logic Levels:           0  
  Clock Path Skew:        0.265ns (DCD - SCD - CPR)
    Destination Clock Delay (DCD):    2.183ns
    Source Clock Delay      (SCD):    1.656ns
    Clock Pessimism Removal (CPR):    0.261ns

    Location             Delay type                Incr(ns)  Path(ns)    Netlist Resource(s)
  -------------------------------------------------------------------    -------------------
                         (clock sys_clk_pin rise edge)
                                                      0.000     0.000 r  
    K17                                               0.000     0.000 r  clk (IN)
                         net (fo=0)                   0.000     0.000    clk
    K17                  IBUF (Prop_ibuf_I_O)         0.243     0.243 r  clk_IBUF_inst/O
                         net (fo=1, routed)           0.842     1.084    clk_IBUF
    BUFGCTRL_X0Y16       BUFG (Prop_bufg_I_O)         0.026     1.110 r  clk_IBUF_BUFG_inst/O
                         net (fo=3870, routed)        0.546     1.656    design_1_i/top_mlp_0/inst/pu_inst/clk
    SLICE_X50Y82         FDCE                                         r  design_1_i/top_mlp_0/inst/pu_inst/local_buffer_cal_reg[119][7]/C
  -------------------------------------------------------------------    -------------------
    SLICE_X50Y82         FDCE (Prop_fdce_C_Q)         0.148     1.804 r  design_1_i/top_mlp_0/inst/pu_inst/local_buffer_cal_reg[119][7]/Q
                         net (fo=1, routed)           0.186     1.990    design_1_i/top_mlp_0/inst/pu_inst/local_buffer_cal_reg_n_0_[119][7]
    SLICE_X47Y82         FDCE                                         r  design_1_i/top_mlp_0/inst/pu_inst/local_buffer_reg[119][7]/D
  -------------------------------------------------------------------    -------------------

                         (clock sys_clk_pin rise edge)
                                                      0.000     0.000 r  
    K17                                               0.000     0.000 r  clk (IN)
                         net (fo=0)                   0.000     0.000    clk
    K17                  IBUF (Prop_ibuf_I_O)         0.431     0.431 r  clk_IBUF_inst/O
                         net (fo=1, routed)           0.907     1.338    clk_IBUF
    BUFGCTRL_X0Y16       BUFG (Prop_bufg_I_O)         0.029     1.367 r  clk_IBUF_BUFG_inst/O
                         net (fo=3870, routed)        0.816     2.183    design_1_i/top_mlp_0/inst/pu_inst/clk
    SLICE_X47Y82         FDCE                                         r  design_1_i/top_mlp_0/inst/pu_inst/local_buffer_reg[119][7]/C
                         clock pessimism             -0.261     1.921    
    SLICE_X47Y82         FDCE (Hold_fdce_C_D)         0.017     1.938    design_1_i/top_mlp_0/inst/pu_inst/local_buffer_reg[119][7]
  -------------------------------------------------------------------
                         required time                         -1.938    
                         arrival time                           1.990    
  -------------------------------------------------------------------
                         slack                                  0.052    

Slack (MET) :             0.052ns  (arrival time - required time)
  Source:                 design_1_i/top_mlp_0/inst/pu_inst/local_buffer_cal_reg[45][3]/C
                            (rising edge-triggered cell FDCE clocked by sys_clk_pin  {rise@0.000ns fall@4.000ns period=8.000ns})
  Destination:            design_1_i/top_mlp_0/inst/pu_inst/local_buffer_reg[45][3]/D
                            (rising edge-triggered cell FDCE clocked by sys_clk_pin  {rise@0.000ns fall@4.000ns period=8.000ns})
  Path Group:             sys_clk_pin
  Path Type:              Hold (Min at Fast Process Corner)
  Requirement:            0.000ns  (sys_clk_pin rise@0.000ns - sys_clk_pin rise@0.000ns)
  Data Path Delay:        0.383ns  (logic 0.164ns (42.857%)  route 0.219ns (57.143%))
  Logic Levels:           0  
  Clock Path Skew:        0.264ns (DCD - SCD - CPR)
    Destination Clock Delay (DCD):    2.176ns
    Source Clock Delay      (SCD):    1.650ns
    Clock Pessimism Removal (CPR):    0.261ns

    Location             Delay type                Incr(ns)  Path(ns)    Netlist Resource(s)
  -------------------------------------------------------------------    -------------------
                         (clock sys_clk_pin rise edge)
                                                      0.000     0.000 r  
    K17                                               0.000     0.000 r  clk (IN)
                         net (fo=0)                   0.000     0.000    clk
    K17                  IBUF (Prop_ibuf_I_O)         0.243     0.243 r  clk_IBUF_inst/O
                         net (fo=1, routed)           0.842     1.084    clk_IBUF
    BUFGCTRL_X0Y16       BUFG (Prop_bufg_I_O)         0.026     1.110 r  clk_IBUF_BUFG_inst/O
                         net (fo=3870, routed)        0.540     1.650    design_1_i/top_mlp_0/inst/pu_inst/clk
    SLICE_X50Y73         FDCE                                         r  design_1_i/top_mlp_0/inst/pu_inst/local_buffer_cal_reg[45][3]/C
  -------------------------------------------------------------------    -------------------
    SLICE_X50Y73         FDCE (Prop_fdce_C_Q)         0.164     1.814 r  design_1_i/top_mlp_0/inst/pu_inst/local_buffer_cal_reg[45][3]/Q
                         net (fo=1, routed)           0.219     2.033    design_1_i/top_mlp_0/inst/pu_inst/local_buffer_cal_reg_n_0_[45][3]
    SLICE_X45Y73         FDCE                                         r  design_1_i/top_mlp_0/inst/pu_inst/local_buffer_reg[45][3]/D
  -------------------------------------------------------------------    -------------------

                         (clock sys_clk_pin rise edge)
                                                      0.000     0.000 r  
    K17                                               0.000     0.000 r  clk (IN)
                         net (fo=0)                   0.000     0.000    clk
    K17                  IBUF (Prop_ibuf_I_O)         0.431     0.431 r  clk_IBUF_inst/O
                         net (fo=1, routed)           0.907     1.338    clk_IBUF
    BUFGCTRL_X0Y16       BUFG (Prop_bufg_I_O)         0.029     1.367 r  clk_IBUF_BUFG_inst/O
                         net (fo=3870, routed)        0.809     2.176    design_1_i/top_mlp_0/inst/pu_inst/clk
    SLICE_X45Y73         FDCE                                         r  design_1_i/top_mlp_0/inst/pu_inst/local_buffer_reg[45][3]/C
                         clock pessimism             -0.261     1.914    
    SLICE_X45Y73         FDCE (Hold_fdce_C_D)         0.066     1.980    design_1_i/top_mlp_0/inst/pu_inst/local_buffer_reg[45][3]
  -------------------------------------------------------------------
                         required time                         -1.980    
                         arrival time                           2.033    
  -------------------------------------------------------------------
                         slack                                  0.052    

Slack (MET) :             0.056ns  (arrival time - required time)
  Source:                 design_1_i/axi_bram_ctrl_0/U0/gext_inst.abcv4_0_ext_inst/GEN_AXI4.I_FULL_AXI/I_WR_CHNL/GEN_WRDATA[26].bram_wrdata_int_reg[26]/C
                            (rising edge-triggered cell FDRE clocked by sys_clk_pin  {rise@0.000ns fall@4.000ns period=8.000ns})
  Destination:            design_1_i/blk_mem_gen_0/U0/inst_blk_mem_gen/gnbram.gnative_mem_map_bmg.native_mem_map_blk_mem_gen/valid.cstr/ramloop[1].ram.r/prim_noinit.ram/DEVICE_7SERIES.WITH_BMM_INFO.TRUE_DP.SIMPLE_PRIM36.TDP_SP36_NO_ECC_ATTR.ram/DIADI[10]
                            (rising edge-triggered cell RAMB36E1 clocked by sys_clk_pin  {rise@0.000ns fall@4.000ns period=8.000ns})
  Path Group:             sys_clk_pin
  Path Type:              Hold (Min at Fast Process Corner)
  Requirement:            0.000ns  (sys_clk_pin rise@0.000ns - sys_clk_pin rise@0.000ns)
  Data Path Delay:        0.425ns  (logic 0.141ns (33.141%)  route 0.284ns (66.859%))
  Logic Levels:           0  
  Clock Path Skew:        0.073ns (DCD - SCD - CPR)
    Destination Clock Delay (DCD):    2.232ns
    Source Clock Delay      (SCD):    1.668ns
    Clock Pessimism Removal (CPR):    0.490ns

    Location             Delay type                Incr(ns)  Path(ns)    Netlist Resource(s)
  -------------------------------------------------------------------    -------------------
                         (clock sys_clk_pin rise edge)
                                                      0.000     0.000 r  
    K17                                               0.000     0.000 r  clk (IN)
                         net (fo=0)                   0.000     0.000    clk
    K17                  IBUF (Prop_ibuf_I_O)         0.243     0.243 r  clk_IBUF_inst/O
                         net (fo=1, routed)           0.842     1.084    clk_IBUF
    BUFGCTRL_X0Y16       BUFG (Prop_bufg_I_O)         0.026     1.110 r  clk_IBUF_BUFG_inst/O
                         net (fo=3870, routed)        0.558     1.668    design_1_i/axi_bram_ctrl_0/U0/gext_inst.abcv4_0_ext_inst/GEN_AXI4.I_FULL_AXI/I_WR_CHNL/s_axi_aclk
    SLICE_X35Y95         FDRE                                         r  design_1_i/axi_bram_ctrl_0/U0/gext_inst.abcv4_0_ext_inst/GEN_AXI4.I_FULL_AXI/I_WR_CHNL/GEN_WRDATA[26].bram_wrdata_int_reg[26]/C
  -------------------------------------------------------------------    -------------------
    SLICE_X35Y95         FDRE (Prop_fdre_C_Q)         0.141     1.809 r  design_1_i/axi_bram_ctrl_0/U0/gext_inst.abcv4_0_ext_inst/GEN_AXI4.I_FULL_AXI/I_WR_CHNL/GEN_WRDATA[26].bram_wrdata_int_reg[26]/Q
                         net (fo=1, routed)           0.284     2.094    design_1_i/blk_mem_gen_0/U0/inst_blk_mem_gen/gnbram.gnative_mem_map_bmg.native_mem_map_blk_mem_gen/valid.cstr/ramloop[1].ram.r/prim_noinit.ram/dina[10]
    RAMB36_X2Y17         RAMB36E1                                     r  design_1_i/blk_mem_gen_0/U0/inst_blk_mem_gen/gnbram.gnative_mem_map_bmg.native_mem_map_blk_mem_gen/valid.cstr/ramloop[1].ram.r/prim_noinit.ram/DEVICE_7SERIES.WITH_BMM_INFO.TRUE_DP.SIMPLE_PRIM36.TDP_SP36_NO_ECC_ATTR.ram/DIADI[10]
  -------------------------------------------------------------------    -------------------

                         (clock sys_clk_pin rise edge)
                                                      0.000     0.000 r  
    K17                                               0.000     0.000 r  clk (IN)
                         net (fo=0)                   0.000     0.000    clk
    K17                  IBUF (Prop_ibuf_I_O)         0.431     0.431 r  clk_IBUF_inst/O
                         net (fo=1, routed)           0.907     1.338    clk_IBUF
    BUFGCTRL_X0Y16       BUFG (Prop_bufg_I_O)         0.029     1.367 r  clk_IBUF_BUFG_inst/O
                         net (fo=3870, routed)        0.865     2.232    design_1_i/blk_mem_gen_0/U0/inst_blk_mem_gen/gnbram.gnative_mem_map_bmg.native_mem_map_blk_mem_gen/valid.cstr/ramloop[1].ram.r/prim_noinit.ram/clka
    RAMB36_X2Y17         RAMB36E1                                     r  design_1_i/blk_mem_gen_0/U0/inst_blk_mem_gen/gnbram.gnative_mem_map_bmg.native_mem_map_blk_mem_gen/valid.cstr/ramloop[1].ram.r/prim_noinit.ram/DEVICE_7SERIES.WITH_BMM_INFO.TRUE_DP.SIMPLE_PRIM36.TDP_SP36_NO_ECC_ATTR.ram/CLKARDCLK
                         clock pessimism             -0.490     1.742    
    RAMB36_X2Y17         RAMB36E1 (Hold_ramb36e1_CLKARDCLK_DIADI[10])
                                                      0.296     2.038    design_1_i/blk_mem_gen_0/U0/inst_blk_mem_gen/gnbram.gnative_mem_map_bmg.native_mem_map_blk_mem_gen/valid.cstr/ramloop[1].ram.r/prim_noinit.ram/DEVICE_7SERIES.WITH_BMM_INFO.TRUE_DP.SIMPLE_PRIM36.TDP_SP36_NO_ECC_ATTR.ram
  -------------------------------------------------------------------
                         required time                         -2.038    
                         arrival time                           2.094    
  -------------------------------------------------------------------
                         slack                                  0.056    





Pulse Width Checks
--------------------------------------------------------------------------------------
Clock Name:         sys_clk_pin
Waveform(ns):       { 0.000 4.000 }
Period(ns):         8.000
Sources:            { clk }

Check Type        Corner  Lib Pin             Reference Pin  Required(ns)  Actual(ns)  Slack(ns)  Location      Pin
Min Period        n/a     DSP48E1/CLK         n/a            3.687         8.000       4.313      DSP48_X2Y23   design_1_i/top_mlp_0/inst/pu_inst/uut1/scaled1_reg/CLK
Min Period        n/a     RAMB36E1/CLKARDCLK  n/a            2.576         8.000       5.424      RAMB36_X2Y16  design_1_i/blk_mem_gen_0/U0/inst_blk_mem_gen/gnbram.gnative_mem_map_bmg.native_mem_map_blk_mem_gen/valid.cstr/ramloop[0].ram.r/prim_noinit.ram/DEVICE_7SERIES.WITH_BMM_INFO.TRUE_DP.SIMPLE_PRIM36.TDP_SP36_NO_ECC_ATTR.ram/CLKARDCLK
Min Period        n/a     RAMB36E1/CLKBWRCLK  n/a            2.576         8.000       5.424      RAMB36_X2Y16  design_1_i/blk_mem_gen_0/U0/inst_blk_mem_gen/gnbram.gnative_mem_map_bmg.native_mem_map_blk_mem_gen/valid.cstr/ramloop[0].ram.r/prim_noinit.ram/DEVICE_7SERIES.WITH_BMM_INFO.TRUE_DP.SIMPLE_PRIM36.TDP_SP36_NO_ECC_ATTR.ram/CLKBWRCLK
Min Period        n/a     RAMB36E1/CLKARDCLK  n/a            2.576         8.000       5.424      RAMB36_X2Y17  design_1_i/blk_mem_gen_0/U0/inst_blk_mem_gen/gnbram.gnative_mem_map_bmg.native_mem_map_blk_mem_gen/valid.cstr/ramloop[1].ram.r/prim_noinit.ram/DEVICE_7SERIES.WITH_BMM_INFO.TRUE_DP.SIMPLE_PRIM36.TDP_SP36_NO_ECC_ATTR.ram/CLKARDCLK
Min Period        n/a     RAMB36E1/CLKBWRCLK  n/a            2.576         8.000       5.424      RAMB36_X2Y17  design_1_i/blk_mem_gen_0/U0/inst_blk_mem_gen/gnbram.gnative_mem_map_bmg.native_mem_map_blk_mem_gen/valid.cstr/ramloop[1].ram.r/prim_noinit.ram/DEVICE_7SERIES.WITH_BMM_INFO.TRUE_DP.SIMPLE_PRIM36.TDP_SP36_NO_ECC_ATTR.ram/CLKBWRCLK
Min Period        n/a     RAMB36E1/CLKARDCLK  n/a            2.576         8.000       5.424      RAMB36_X1Y9   design_1_i/top_mlp_0/inst/w_buffer_inst/mem_reg_0_0/CLKARDCLK
Min Period        n/a     RAMB36E1/CLKARDCLK  n/a            2.576         8.000       5.424      RAMB36_X1Y6   design_1_i/top_mlp_0/inst/w_buffer_inst/mem_reg_0_1/CLKARDCLK
Min Period        n/a     RAMB36E1/CLKARDCLK  n/a            2.576         8.000       5.424      RAMB36_X2Y7   design_1_i/top_mlp_0/inst/w_buffer_inst/mem_reg_0_2/CLKARDCLK
Min Period        n/a     RAMB36E1/CLKARDCLK  n/a            2.576         8.000       5.424      RAMB36_X2Y6   design_1_i/top_mlp_0/inst/w_buffer_inst/mem_reg_0_3/CLKARDCLK
Min Period        n/a     RAMB36E1/CLKARDCLK  n/a            2.576         8.000       5.424      RAMB36_X2Y10  design_1_i/top_mlp_0/inst/w_buffer_inst/mem_reg_0_4/CLKARDCLK
Low Pulse Width   Slow    RAMD32/CLK          n/a            1.250         4.000       2.750      SLICE_X46Y91  design_1_i/smartconnect_0/inst/s00_nodes/s00_ar_node/inst/inst_mi_handler/gen_normal_area.inst_fifo_node_payld/gen_xpm_memory_fifo.inst_fifo/gen_mem_rep[0].inst_xpm_memory/xpm_memory_base_inst/gen_wr_a.gen_word_narrow.mem_reg_0_31_0_5/RAMA/CLK
Low Pulse Width   Fast    RAMD32/CLK          n/a            1.250         4.000       2.750      SLICE_X46Y91  design_1_i/smartconnect_0/inst/s00_nodes/s00_ar_node/inst/inst_mi_handler/gen_normal_area.inst_fifo_node_payld/gen_xpm_memory_fifo.inst_fifo/gen_mem_rep[0].inst_xpm_memory/xpm_memory_base_inst/gen_wr_a.gen_word_narrow.mem_reg_0_31_0_5/RAMA/CLK
Low Pulse Width   Slow    RAMD32/CLK          n/a            1.250         4.000       2.750      SLICE_X46Y91  design_1_i/smartconnect_0/inst/s00_nodes/s00_ar_node/inst/inst_mi_handler/gen_normal_area.inst_fifo_node_payld/gen_xpm_memory_fifo.inst_fifo/gen_mem_rep[0].inst_xpm_memory/xpm_memory_base_inst/gen_wr_a.gen_word_narrow.mem_reg_0_31_0_5/RAMA_D1/CLK
Low Pulse Width   Fast    RAMD32/CLK          n/a            1.250         4.000       2.750      SLICE_X46Y91  design_1_i/smartconnect_0/inst/s00_nodes/s00_ar_node/inst/inst_mi_handler/gen_normal_area.inst_fifo_node_payld/gen_xpm_memory_fifo.inst_fifo/gen_mem_rep[0].inst_xpm_memory/xpm_memory_base_inst/gen_wr_a.gen_word_narrow.mem_reg_0_31_0_5/RAMA_D1/CLK
Low Pulse Width   Slow    RAMD32/CLK          n/a            1.250         4.000       2.750      SLICE_X46Y91  design_1_i/smartconnect_0/inst/s00_nodes/s00_ar_node/inst/inst_mi_handler/gen_normal_area.inst_fifo_node_payld/gen_xpm_memory_fifo.inst_fifo/gen_mem_rep[0].inst_xpm_memory/xpm_memory_base_inst/gen_wr_a.gen_word_narrow.mem_reg_0_31_0_5/RAMB/CLK
Low Pulse Width   Fast    RAMD32/CLK          n/a            1.250         4.000       2.750      SLICE_X46Y91  design_1_i/smartconnect_0/inst/s00_nodes/s00_ar_node/inst/inst_mi_handler/gen_normal_area.inst_fifo_node_payld/gen_xpm_memory_fifo.inst_fifo/gen_mem_rep[0].inst_xpm_memory/xpm_memory_base_inst/gen_wr_a.gen_word_narrow.mem_reg_0_31_0_5/RAMB/CLK
Low Pulse Width   Slow    RAMD32/CLK          n/a            1.250         4.000       2.750      SLICE_X46Y91  design_1_i/smartconnect_0/inst/s00_nodes/s00_ar_node/inst/inst_mi_handler/gen_normal_area.inst_fifo_node_payld/gen_xpm_memory_fifo.inst_fifo/gen_mem_rep[0].inst_xpm_memory/xpm_memory_base_inst/gen_wr_a.gen_word_narrow.mem_reg_0_31_0_5/RAMB_D1/CLK
Low Pulse Width   Fast    RAMD32/CLK          n/a            1.250         4.000       2.750      SLICE_X46Y91  design_1_i/smartconnect_0/inst/s00_nodes/s00_ar_node/inst/inst_mi_handler/gen_normal_area.inst_fifo_node_payld/gen_xpm_memory_fifo.inst_fifo/gen_mem_rep[0].inst_xpm_memory/xpm_memory_base_inst/gen_wr_a.gen_word_narrow.mem_reg_0_31_0_5/RAMB_D1/CLK
Low Pulse Width   Slow    RAMD32/CLK          n/a            1.250         4.000       2.750      SLICE_X46Y91  design_1_i/smartconnect_0/inst/s00_nodes/s00_ar_node/inst/inst_mi_handler/gen_normal_area.inst_fifo_node_payld/gen_xpm_memory_fifo.inst_fifo/gen_mem_rep[0].inst_xpm_memory/xpm_memory_base_inst/gen_wr_a.gen_word_narrow.mem_reg_0_31_0_5/RAMC/CLK
Low Pulse Width   Fast    RAMD32/CLK          n/a            1.250         4.000       2.750      SLICE_X46Y91  design_1_i/smartconnect_0/inst/s00_nodes/s00_ar_node/inst/inst_mi_handler/gen_normal_area.inst_fifo_node_payld/gen_xpm_memory_fifo.inst_fifo/gen_mem_rep[0].inst_xpm_memory/xpm_memory_base_inst/gen_wr_a.gen_word_narrow.mem_reg_0_31_0_5/RAMC/CLK
High Pulse Width  Slow    RAMD32/CLK          n/a            1.250         4.000       2.750      SLICE_X46Y91  design_1_i/smartconnect_0/inst/s00_nodes/s00_ar_node/inst/inst_mi_handler/gen_normal_area.inst_fifo_node_payld/gen_xpm_memory_fifo.inst_fifo/gen_mem_rep[0].inst_xpm_memory/xpm_memory_base_inst/gen_wr_a.gen_word_narrow.mem_reg_0_31_0_5/RAMA/CLK
High Pulse Width  Fast    RAMD32/CLK          n/a            1.250         4.000       2.750      SLICE_X46Y91  design_1_i/smartconnect_0/inst/s00_nodes/s00_ar_node/inst/inst_mi_handler/gen_normal_area.inst_fifo_node_payld/gen_xpm_memory_fifo.inst_fifo/gen_mem_rep[0].inst_xpm_memory/xpm_memory_base_inst/gen_wr_a.gen_word_narrow.mem_reg_0_31_0_5/RAMA/CLK
High Pulse Width  Slow    RAMD32/CLK          n/a            1.250         4.000       2.750      SLICE_X46Y91  design_1_i/smartconnect_0/inst/s00_nodes/s00_ar_node/inst/inst_mi_handler/gen_normal_area.inst_fifo_node_payld/gen_xpm_memory_fifo.inst_fifo/gen_mem_rep[0].inst_xpm_memory/xpm_memory_base_inst/gen_wr_a.gen_word_narrow.mem_reg_0_31_0_5/RAMA_D1/CLK
High Pulse Width  Fast    RAMD32/CLK          n/a            1.250         4.000       2.750      SLICE_X46Y91  design_1_i/smartconnect_0/inst/s00_nodes/s00_ar_node/inst/inst_mi_handler/gen_normal_area.inst_fifo_node_payld/gen_xpm_memory_fifo.inst_fifo/gen_mem_rep[0].inst_xpm_memory/xpm_memory_base_inst/gen_wr_a.gen_word_narrow.mem_reg_0_31_0_5/RAMA_D1/CLK
High Pulse Width  Slow    RAMD32/CLK          n/a            1.250         4.000       2.750      SLICE_X46Y91  design_1_i/smartconnect_0/inst/s00_nodes/s00_ar_node/inst/inst_mi_handler/gen_normal_area.inst_fifo_node_payld/gen_xpm_memory_fifo.inst_fifo/gen_mem_rep[0].inst_xpm_memory/xpm_memory_base_inst/gen_wr_a.gen_word_narrow.mem_reg_0_31_0_5/RAMB/CLK
High Pulse Width  Fast    RAMD32/CLK          n/a            1.250         4.000       2.750      SLICE_X46Y91  design_1_i/smartconnect_0/inst/s00_nodes/s00_ar_node/inst/inst_mi_handler/gen_normal_area.inst_fifo_node_payld/gen_xpm_memory_fifo.inst_fifo/gen_mem_rep[0].inst_xpm_memory/xpm_memory_base_inst/gen_wr_a.gen_word_narrow.mem_reg_0_31_0_5/RAMB/CLK
High Pulse Width  Slow    RAMD32/CLK          n/a            1.250         4.000       2.750      SLICE_X46Y91  design_1_i/smartconnect_0/inst/s00_nodes/s00_ar_node/inst/inst_mi_handler/gen_normal_area.inst_fifo_node_payld/gen_xpm_memory_fifo.inst_fifo/gen_mem_rep[0].inst_xpm_memory/xpm_memory_base_inst/gen_wr_a.gen_word_narrow.mem_reg_0_31_0_5/RAMB_D1/CLK
High Pulse Width  Fast    RAMD32/CLK          n/a            1.250         4.000       2.750      SLICE_X46Y91  design_1_i/smartconnect_0/inst/s00_nodes/s00_ar_node/inst/inst_mi_handler/gen_normal_area.inst_fifo_node_payld/gen_xpm_memory_fifo.inst_fifo/gen_mem_rep[0].inst_xpm_memory/xpm_memory_base_inst/gen_wr_a.gen_word_narrow.mem_reg_0_31_0_5/RAMB_D1/CLK
High Pulse Width  Slow    RAMD32/CLK          n/a            1.250         4.000       2.750      SLICE_X46Y91  design_1_i/smartconnect_0/inst/s00_nodes/s00_ar_node/inst/inst_mi_handler/gen_normal_area.inst_fifo_node_payld/gen_xpm_memory_fifo.inst_fifo/gen_mem_rep[0].inst_xpm_memory/xpm_memory_base_inst/gen_wr_a.gen_word_narrow.mem_reg_0_31_0_5/RAMC/CLK
High Pulse Width  Fast    RAMD32/CLK          n/a            1.250         4.000       2.750      SLICE_X46Y91  design_1_i/smartconnect_0/inst/s00_nodes/s00_ar_node/inst/inst_mi_handler/gen_normal_area.inst_fifo_node_payld/gen_xpm_memory_fifo.inst_fifo/gen_mem_rep[0].inst_xpm_memory/xpm_memory_base_inst/gen_wr_a.gen_word_narrow.mem_reg_0_31_0_5/RAMC/CLK



--------------------------------------------------------------------------------------
Path Group:  (none)
From Clock:  
  To Clock:  sys_clk_pin

Max Delay             1 Endpoint
Min Delay             1 Endpoint
--------------------------------------------------------------------------------------


Max Delay Paths
--------------------------------------------------------------------------------------
Slack:                    inf
  Source:                 rst_n
                            (input port)
  Destination:            design_1_i/smartconnect_0/inst/clk_map/psr_aclk/U0/EXT_LPF/ACTIVE_LOW_AUX.ACT_LO_AUX/GENERATE_LEVEL_P_S_CDC.SINGLE_BIT.CROSS_PLEVEL_IN2SCNDRY_IN_cdc_to/D
                            (rising edge-triggered cell FDRE clocked by sys_clk_pin  {rise@0.000ns fall@4.000ns period=8.000ns})
  Path Group:             (none)
  Path Type:              Setup (Max at Slow Process Corner)
  Data Path Delay:        4.339ns  (logic 1.592ns (36.682%)  route 2.747ns (63.318%))
  Logic Levels:           2  (IBUF=1 LUT1=1)
  Clock Path Skew:        5.438ns (DCD - SCD + CPR)
    Destination Clock Delay (DCD):    5.438ns
    Source Clock Delay      (SCD):    0.000ns
    Clock Pessimism Removal (CPR):    0.000ns
  Clock Uncertainty:      0.025ns  ((TSJ^2 + TIJ^2)^1/2 + DJ) / 2 + PE
    Total System Jitter     (TSJ):    0.050ns
    Total Input Jitter      (TIJ):    0.000ns
    Discrete Jitter          (DJ):    0.000ns
    Phase Error              (PE):    0.000ns
  Timing Exception:       False Path

    Location             Delay type                Incr(ns)  Path(ns)    Netlist Resource(s)
  -------------------------------------------------------------------    -------------------
    G15                                               0.000     0.000 f  rst_n (IN)
                         net (fo=0)                   0.000     0.000    rst_n
    G15                  IBUF (Prop_ibuf_I_O)         1.468     1.468 f  rst_n_IBUF_inst/O
                         net (fo=32, routed)          2.747     4.215    design_1_i/smartconnect_0/inst/clk_map/psr_aclk/U0/EXT_LPF/ACTIVE_LOW_AUX.ACT_LO_AUX/aresetn
    SLICE_X47Y109        LUT1 (Prop_lut1_I0_O)        0.124     4.339 r  design_1_i/smartconnect_0/inst/clk_map/psr_aclk/U0/EXT_LPF/ACTIVE_LOW_AUX.ACT_LO_AUX/GENERATE_LEVEL_P_S_CDC.SINGLE_BIT.CROSS_PLEVEL_IN2SCNDRY_IN_cdc_to_i_1/O
                         net (fo=1, routed)           0.000     4.339    design_1_i/smartconnect_0/inst/clk_map/psr_aclk/U0/EXT_LPF/ACTIVE_LOW_AUX.ACT_LO_AUX/asr_d1
    SLICE_X47Y109        FDRE                                         r  design_1_i/smartconnect_0/inst/clk_map/psr_aclk/U0/EXT_LPF/ACTIVE_LOW_AUX.ACT_LO_AUX/GENERATE_LEVEL_P_S_CDC.SINGLE_BIT.CROSS_PLEVEL_IN2SCNDRY_IN_cdc_to/D
  -------------------------------------------------------------------    -------------------

                         (clock sys_clk_pin rise edge)
                                                      0.000     0.000 r  
    K17                                               0.000     0.000 r  clk (IN)
                         net (fo=0)                   0.000     0.000    clk
    K17                  IBUF (Prop_ibuf_I_O)         1.404     1.404 r  clk_IBUF_inst/O
                         net (fo=1, routed)           2.293     3.697    clk_IBUF
    BUFGCTRL_X0Y16       BUFG (Prop_bufg_I_O)         0.091     3.788 r  clk_IBUF_BUFG_inst/O
                         net (fo=3870, routed)        1.650     5.438    design_1_i/smartconnect_0/inst/clk_map/psr_aclk/U0/EXT_LPF/ACTIVE_LOW_AUX.ACT_LO_AUX/aclk
    SLICE_X47Y109        FDRE                                         r  design_1_i/smartconnect_0/inst/clk_map/psr_aclk/U0/EXT_LPF/ACTIVE_LOW_AUX.ACT_LO_AUX/GENERATE_LEVEL_P_S_CDC.SINGLE_BIT.CROSS_PLEVEL_IN2SCNDRY_IN_cdc_to/C





Min Delay Paths
--------------------------------------------------------------------------------------
Slack:                    inf
  Source:                 rst_n
                            (input port)
  Destination:            design_1_i/smartconnect_0/inst/clk_map/psr_aclk/U0/EXT_LPF/ACTIVE_LOW_AUX.ACT_LO_AUX/GENERATE_LEVEL_P_S_CDC.SINGLE_BIT.CROSS_PLEVEL_IN2SCNDRY_IN_cdc_to/D
                            (rising edge-triggered cell FDRE clocked by sys_clk_pin  {rise@0.000ns fall@4.000ns period=8.000ns})
  Path Group:             (none)
  Path Type:              Hold (Min at Fast Process Corner)
  Data Path Delay:        1.532ns  (logic 0.281ns (18.313%)  route 1.251ns (81.687%))
  Logic Levels:           2  (IBUF=1 LUT1=1)
  Clock Path Skew:        2.276ns (DCD - SCD - CPR)
    Destination Clock Delay (DCD):    2.276ns
    Source Clock Delay      (SCD):    0.000ns
    Clock Pessimism Removal (CPR):    -0.000ns
  Timing Exception:       False Path

    Location             Delay type                Incr(ns)  Path(ns)    Netlist Resource(s)
  -------------------------------------------------------------------    -------------------
    G15                                               0.000     0.000 f  rst_n (IN)
                         net (fo=0)                   0.000     0.000    rst_n
    G15                  IBUF (Prop_ibuf_I_O)         0.236     0.236 f  rst_n_IBUF_inst/O
                         net (fo=32, routed)          1.251     1.487    design_1_i/smartconnect_0/inst/clk_map/psr_aclk/U0/EXT_LPF/ACTIVE_LOW_AUX.ACT_LO_AUX/aresetn
    SLICE_X47Y109        LUT1 (Prop_lut1_I0_O)        0.045     1.532 r  design_1_i/smartconnect_0/inst/clk_map/psr_aclk/U0/EXT_LPF/ACTIVE_LOW_AUX.ACT_LO_AUX/GENERATE_LEVEL_P_S_CDC.SINGLE_BIT.CROSS_PLEVEL_IN2SCNDRY_IN_cdc_to_i_1/O
                         net (fo=1, routed)           0.000     1.532    design_1_i/smartconnect_0/inst/clk_map/psr_aclk/U0/EXT_LPF/ACTIVE_LOW_AUX.ACT_LO_AUX/asr_d1
    SLICE_X47Y109        FDRE                                         r  design_1_i/smartconnect_0/inst/clk_map/psr_aclk/U0/EXT_LPF/ACTIVE_LOW_AUX.ACT_LO_AUX/GENERATE_LEVEL_P_S_CDC.SINGLE_BIT.CROSS_PLEVEL_IN2SCNDRY_IN_cdc_to/D
  -------------------------------------------------------------------    -------------------

                         (clock sys_clk_pin rise edge)
                                                      0.000     0.000 r  
    K17                                               0.000     0.000 r  clk (IN)
                         net (fo=0)                   0.000     0.000    clk
    K17                  IBUF (Prop_ibuf_I_O)         0.431     0.431 r  clk_IBUF_inst/O
                         net (fo=1, routed)           0.907     1.338    clk_IBUF
    BUFGCTRL_X0Y16       BUFG (Prop_bufg_I_O)         0.029     1.367 r  clk_IBUF_BUFG_inst/O
                         net (fo=3870, routed)        0.909     2.276    design_1_i/smartconnect_0/inst/clk_map/psr_aclk/U0/EXT_LPF/ACTIVE_LOW_AUX.ACT_LO_AUX/aclk
    SLICE_X47Y109        FDRE                                         r  design_1_i/smartconnect_0/inst/clk_map/psr_aclk/U0/EXT_LPF/ACTIVE_LOW_AUX.ACT_LO_AUX/GENERATE_LEVEL_P_S_CDC.SINGLE_BIT.CROSS_PLEVEL_IN2SCNDRY_IN_cdc_to/C





--------------------------------------------------------------------------------------
Path Group:  (none)
From Clock:  sys_clk_pin
  To Clock:  sys_clk_pin

Max Delay            27 Endpoints
Min Delay            27 Endpoints
--------------------------------------------------------------------------------------


Max Delay Paths
--------------------------------------------------------------------------------------
Slack:                    inf
  Source:                 design_1_i/smartconnect_0/inst/clk_map/psr_aclk/U0/ACTIVE_LOW_BSR_OUT_DFF[0].FDRE_BSR_N/C
                            (rising edge-triggered cell FDRE clocked by sys_clk_pin  {rise@0.000ns fall@4.000ns period=8.000ns})
  Destination:            design_1_i/smartconnect_0/inst/s00_entry_pipeline/s00_transaction_regulator/inst/xpm_cdc_async_rst_inst/arststages_ff_reg[0]/CLR
                            (recovery check against rising-edge clock sys_clk_pin  {rise@0.000ns fall@4.000ns period=8.000ns})
  Path Group:             (none)
  Path Type:              Recovery (Max at Slow Process Corner)
  Data Path Delay:        3.187ns  (logic 0.672ns (21.085%)  route 2.515ns (78.915%))
  Logic Levels:           1  (LUT1=1)
  Clock Path Skew:        -0.454ns (DCD - SCD + CPR)
    Destination Clock Delay (DCD):    5.486ns
    Source Clock Delay      (SCD):    5.941ns
    Clock Pessimism Removal (CPR):    0.000ns
  Clock Uncertainty:      0.035ns  ((TSJ^2 + TIJ^2)^1/2 + DJ) / 2 + PE
    Total System Jitter     (TSJ):    0.071ns
    Total Input Jitter      (TIJ):    0.000ns
    Discrete Jitter          (DJ):    0.000ns
    Phase Error              (PE):    0.000ns
  Timing Exception:       False Path

    Location             Delay type                Incr(ns)  Path(ns)    Netlist Resource(s)
  -------------------------------------------------------------------    -------------------
                         (clock sys_clk_pin rise edge)
                                                      0.000     0.000 r  
    K17                                               0.000     0.000 r  clk (IN)
                         net (fo=0)                   0.000     0.000    clk
    K17                  IBUF (Prop_ibuf_I_O)         1.475     1.475 r  clk_IBUF_inst/O
                         net (fo=1, routed)           2.522     3.997    clk_IBUF
    BUFGCTRL_X0Y16       BUFG (Prop_bufg_I_O)         0.101     4.098 r  clk_IBUF_BUFG_inst/O
                         net (fo=3870, routed)        1.843     5.941    design_1_i/smartconnect_0/inst/clk_map/psr_aclk/U0/aclk
    SLICE_X46Y106        FDRE                                         r  design_1_i/smartconnect_0/inst/clk_map/psr_aclk/U0/ACTIVE_LOW_BSR_OUT_DFF[0].FDRE_BSR_N/C
  -------------------------------------------------------------------    -------------------
    SLICE_X46Y106        FDRE (Prop_fdre_C_Q)         0.518     6.459 r  design_1_i/smartconnect_0/inst/clk_map/psr_aclk/U0/ACTIVE_LOW_BSR_OUT_DFF[0].FDRE_BSR_N/Q
                         net (fo=9, routed)           1.983     8.442    design_1_i/smartconnect_0/inst/s00_entry_pipeline/s00_transaction_regulator/inst/xpm_cdc_async_rst_inst/src_arst
    SLICE_X29Y107        LUT1 (Prop_lut1_I0_O)        0.154     8.596 f  design_1_i/smartconnect_0/inst/s00_entry_pipeline/s00_transaction_regulator/inst/xpm_cdc_async_rst_inst/arststages_ff[2]_i_1/O
                         net (fo=3, routed)           0.532     9.128    design_1_i/smartconnect_0/inst/s00_entry_pipeline/s00_transaction_regulator/inst/xpm_cdc_async_rst_inst/reset_pol
    SLICE_X29Y107        FDCE                                         f  design_1_i/smartconnect_0/inst/s00_entry_pipeline/s00_transaction_regulator/inst/xpm_cdc_async_rst_inst/arststages_ff_reg[0]/CLR
  -------------------------------------------------------------------    -------------------

                         (clock sys_clk_pin rise edge)
                                                      0.000     0.000 r  
    K17                                               0.000     0.000 r  clk (IN)
                         net (fo=0)                   0.000     0.000    clk
    K17                  IBUF (Prop_ibuf_I_O)         1.404     1.404 r  clk_IBUF_inst/O
                         net (fo=1, routed)           2.293     3.697    clk_IBUF
    BUFGCTRL_X0Y16       BUFG (Prop_bufg_I_O)         0.091     3.788 r  clk_IBUF_BUFG_inst/O
                         net (fo=3870, routed)        1.698     5.486    design_1_i/smartconnect_0/inst/s00_entry_pipeline/s00_transaction_regulator/inst/xpm_cdc_async_rst_inst/dest_clk
    SLICE_X29Y107        FDCE                                         r  design_1_i/smartconnect_0/inst/s00_entry_pipeline/s00_transaction_regulator/inst/xpm_cdc_async_rst_inst/arststages_ff_reg[0]/C

Slack:                    inf
  Source:                 design_1_i/smartconnect_0/inst/clk_map/psr_aclk/U0/ACTIVE_LOW_BSR_OUT_DFF[0].FDRE_BSR_N/C
                            (rising edge-triggered cell FDRE clocked by sys_clk_pin  {rise@0.000ns fall@4.000ns period=8.000ns})
  Destination:            design_1_i/smartconnect_0/inst/s00_entry_pipeline/s00_transaction_regulator/inst/xpm_cdc_async_rst_inst/arststages_ff_reg[1]/CLR
                            (recovery check against rising-edge clock sys_clk_pin  {rise@0.000ns fall@4.000ns period=8.000ns})
  Path Group:             (none)
  Path Type:              Recovery (Max at Slow Process Corner)
  Data Path Delay:        3.187ns  (logic 0.672ns (21.085%)  route 2.515ns (78.915%))
  Logic Levels:           1  (LUT1=1)
  Clock Path Skew:        -0.454ns (DCD - SCD + CPR)
    Destination Clock Delay (DCD):    5.486ns
    Source Clock Delay      (SCD):    5.941ns
    Clock Pessimism Removal (CPR):    0.000ns
  Clock Uncertainty:      0.035ns  ((TSJ^2 + TIJ^2)^1/2 + DJ) / 2 + PE
    Total System Jitter     (TSJ):    0.071ns
    Total Input Jitter      (TIJ):    0.000ns
    Discrete Jitter          (DJ):    0.000ns
    Phase Error              (PE):    0.000ns
  Timing Exception:       False Path

    Location             Delay type                Incr(ns)  Path(ns)    Netlist Resource(s)
  -------------------------------------------------------------------    -------------------
                         (clock sys_clk_pin rise edge)
                                                      0.000     0.000 r  
    K17                                               0.000     0.000 r  clk (IN)
                         net (fo=0)                   0.000     0.000    clk
    K17                  IBUF (Prop_ibuf_I_O)         1.475     1.475 r  clk_IBUF_inst/O
                         net (fo=1, routed)           2.522     3.997    clk_IBUF
    BUFGCTRL_X0Y16       BUFG (Prop_bufg_I_O)         0.101     4.098 r  clk_IBUF_BUFG_inst/O
                         net (fo=3870, routed)        1.843     5.941    design_1_i/smartconnect_0/inst/clk_map/psr_aclk/U0/aclk
    SLICE_X46Y106        FDRE                                         r  design_1_i/smartconnect_0/inst/clk_map/psr_aclk/U0/ACTIVE_LOW_BSR_OUT_DFF[0].FDRE_BSR_N/C
  -------------------------------------------------------------------    -------------------
    SLICE_X46Y106        FDRE (Prop_fdre_C_Q)         0.518     6.459 r  design_1_i/smartconnect_0/inst/clk_map/psr_aclk/U0/ACTIVE_LOW_BSR_OUT_DFF[0].FDRE_BSR_N/Q
                         net (fo=9, routed)           1.983     8.442    design_1_i/smartconnect_0/inst/s00_entry_pipeline/s00_transaction_regulator/inst/xpm_cdc_async_rst_inst/src_arst
    SLICE_X29Y107        LUT1 (Prop_lut1_I0_O)        0.154     8.596 f  design_1_i/smartconnect_0/inst/s00_entry_pipeline/s00_transaction_regulator/inst/xpm_cdc_async_rst_inst/arststages_ff[2]_i_1/O
                         net (fo=3, routed)           0.532     9.128    design_1_i/smartconnect_0/inst/s00_entry_pipeline/s00_transaction_regulator/inst/xpm_cdc_async_rst_inst/reset_pol
    SLICE_X29Y107        FDCE                                         f  design_1_i/smartconnect_0/inst/s00_entry_pipeline/s00_transaction_regulator/inst/xpm_cdc_async_rst_inst/arststages_ff_reg[1]/CLR
  -------------------------------------------------------------------    -------------------

                         (clock sys_clk_pin rise edge)
                                                      0.000     0.000 r  
    K17                                               0.000     0.000 r  clk (IN)
                         net (fo=0)                   0.000     0.000    clk
    K17                  IBUF (Prop_ibuf_I_O)         1.404     1.404 r  clk_IBUF_inst/O
                         net (fo=1, routed)           2.293     3.697    clk_IBUF
    BUFGCTRL_X0Y16       BUFG (Prop_bufg_I_O)         0.091     3.788 r  clk_IBUF_BUFG_inst/O
                         net (fo=3870, routed)        1.698     5.486    design_1_i/smartconnect_0/inst/s00_entry_pipeline/s00_transaction_regulator/inst/xpm_cdc_async_rst_inst/dest_clk
    SLICE_X29Y107        FDCE                                         r  design_1_i/smartconnect_0/inst/s00_entry_pipeline/s00_transaction_regulator/inst/xpm_cdc_async_rst_inst/arststages_ff_reg[1]/C

Slack:                    inf
  Source:                 design_1_i/smartconnect_0/inst/clk_map/psr_aclk/U0/ACTIVE_LOW_BSR_OUT_DFF[0].FDRE_BSR_N/C
                            (rising edge-triggered cell FDRE clocked by sys_clk_pin  {rise@0.000ns fall@4.000ns period=8.000ns})
  Destination:            design_1_i/smartconnect_0/inst/s00_entry_pipeline/s00_transaction_regulator/inst/xpm_cdc_async_rst_inst/arststages_ff_reg[2]/CLR
                            (recovery check against rising-edge clock sys_clk_pin  {rise@0.000ns fall@4.000ns period=8.000ns})
  Path Group:             (none)
  Path Type:              Recovery (Max at Slow Process Corner)
  Data Path Delay:        3.187ns  (logic 0.672ns (21.085%)  route 2.515ns (78.915%))
  Logic Levels:           1  (LUT1=1)
  Clock Path Skew:        -0.454ns (DCD - SCD + CPR)
    Destination Clock Delay (DCD):    5.486ns
    Source Clock Delay      (SCD):    5.941ns
    Clock Pessimism Removal (CPR):    0.000ns
  Clock Uncertainty:      0.035ns  ((TSJ^2 + TIJ^2)^1/2 + DJ) / 2 + PE
    Total System Jitter     (TSJ):    0.071ns
    Total Input Jitter      (TIJ):    0.000ns
    Discrete Jitter          (DJ):    0.000ns
    Phase Error              (PE):    0.000ns
  Timing Exception:       False Path

    Location             Delay type                Incr(ns)  Path(ns)    Netlist Resource(s)
  -------------------------------------------------------------------    -------------------
                         (clock sys_clk_pin rise edge)
                                                      0.000     0.000 r  
    K17                                               0.000     0.000 r  clk (IN)
                         net (fo=0)                   0.000     0.000    clk
    K17                  IBUF (Prop_ibuf_I_O)         1.475     1.475 r  clk_IBUF_inst/O
                         net (fo=1, routed)           2.522     3.997    clk_IBUF
    BUFGCTRL_X0Y16       BUFG (Prop_bufg_I_O)         0.101     4.098 r  clk_IBUF_BUFG_inst/O
                         net (fo=3870, routed)        1.843     5.941    design_1_i/smartconnect_0/inst/clk_map/psr_aclk/U0/aclk
    SLICE_X46Y106        FDRE                                         r  design_1_i/smartconnect_0/inst/clk_map/psr_aclk/U0/ACTIVE_LOW_BSR_OUT_DFF[0].FDRE_BSR_N/C
  -------------------------------------------------------------------    -------------------
    SLICE_X46Y106        FDRE (Prop_fdre_C_Q)         0.518     6.459 r  design_1_i/smartconnect_0/inst/clk_map/psr_aclk/U0/ACTIVE_LOW_BSR_OUT_DFF[0].FDRE_BSR_N/Q
                         net (fo=9, routed)           1.983     8.442    design_1_i/smartconnect_0/inst/s00_entry_pipeline/s00_transaction_regulator/inst/xpm_cdc_async_rst_inst/src_arst
    SLICE_X29Y107        LUT1 (Prop_lut1_I0_O)        0.154     8.596 f  design_1_i/smartconnect_0/inst/s00_entry_pipeline/s00_transaction_regulator/inst/xpm_cdc_async_rst_inst/arststages_ff[2]_i_1/O
                         net (fo=3, routed)           0.532     9.128    design_1_i/smartconnect_0/inst/s00_entry_pipeline/s00_transaction_regulator/inst/xpm_cdc_async_rst_inst/reset_pol
    SLICE_X29Y107        FDCE                                         f  design_1_i/smartconnect_0/inst/s00_entry_pipeline/s00_transaction_regulator/inst/xpm_cdc_async_rst_inst/arststages_ff_reg[2]/CLR
  -------------------------------------------------------------------    -------------------

                         (clock sys_clk_pin rise edge)
                                                      0.000     0.000 r  
    K17                                               0.000     0.000 r  clk (IN)
                         net (fo=0)                   0.000     0.000    clk
    K17                  IBUF (Prop_ibuf_I_O)         1.404     1.404 r  clk_IBUF_inst/O
                         net (fo=1, routed)           2.293     3.697    clk_IBUF
    BUFGCTRL_X0Y16       BUFG (Prop_bufg_I_O)         0.091     3.788 r  clk_IBUF_BUFG_inst/O
                         net (fo=3870, routed)        1.698     5.486    design_1_i/smartconnect_0/inst/s00_entry_pipeline/s00_transaction_regulator/inst/xpm_cdc_async_rst_inst/dest_clk
    SLICE_X29Y107        FDCE                                         r  design_1_i/smartconnect_0/inst/s00_entry_pipeline/s00_transaction_regulator/inst/xpm_cdc_async_rst_inst/arststages_ff_reg[2]/C

Slack:                    inf
  Source:                 design_1_i/smartconnect_0/inst/clk_map/psr_aclk/U0/ACTIVE_LOW_BSR_OUT_DFF[0].FDRE_BSR_N/C
                            (rising edge-triggered cell FDRE clocked by sys_clk_pin  {rise@0.000ns fall@4.000ns period=8.000ns})
  Destination:            design_1_i/smartconnect_0/inst/s00_entry_pipeline/s00_mmu/inst/xpm_cdc_async_rst_inst/arststages_ff_reg[0]/CLR
                            (recovery check against rising-edge clock sys_clk_pin  {rise@0.000ns fall@4.000ns period=8.000ns})
  Path Group:             (none)
  Path Type:              Recovery (Max at Slow Process Corner)
  Data Path Delay:        3.122ns  (logic 0.642ns (20.561%)  route 2.480ns (79.439%))
  Logic Levels:           1  (LUT1=1)
  Clock Path Skew:        -0.457ns (DCD - SCD + CPR)
    Destination Clock Delay (DCD):    5.483ns
    Source Clock Delay      (SCD):    5.941ns
    Clock Pessimism Removal (CPR):    0.000ns
  Clock Uncertainty:      0.035ns  ((TSJ^2 + TIJ^2)^1/2 + DJ) / 2 + PE
    Total System Jitter     (TSJ):    0.071ns
    Total Input Jitter      (TIJ):    0.000ns
    Discrete Jitter          (DJ):    0.000ns
    Phase Error              (PE):    0.000ns
  Timing Exception:       False Path

    Location             Delay type                Incr(ns)  Path(ns)    Netlist Resource(s)
  -------------------------------------------------------------------    -------------------
                         (clock sys_clk_pin rise edge)
                                                      0.000     0.000 r  
    K17                                               0.000     0.000 r  clk (IN)
                         net (fo=0)                   0.000     0.000    clk
    K17                  IBUF (Prop_ibuf_I_O)         1.475     1.475 r  clk_IBUF_inst/O
                         net (fo=1, routed)           2.522     3.997    clk_IBUF
    BUFGCTRL_X0Y16       BUFG (Prop_bufg_I_O)         0.101     4.098 r  clk_IBUF_BUFG_inst/O
                         net (fo=3870, routed)        1.843     5.941    design_1_i/smartconnect_0/inst/clk_map/psr_aclk/U0/aclk
    SLICE_X46Y106        FDRE                                         r  design_1_i/smartconnect_0/inst/clk_map/psr_aclk/U0/ACTIVE_LOW_BSR_OUT_DFF[0].FDRE_BSR_N/C
  -------------------------------------------------------------------    -------------------
    SLICE_X46Y106        FDRE (Prop_fdre_C_Q)         0.518     6.459 r  design_1_i/smartconnect_0/inst/clk_map/psr_aclk/U0/ACTIVE_LOW_BSR_OUT_DFF[0].FDRE_BSR_N/Q
                         net (fo=9, routed)           1.983     8.442    design_1_i/smartconnect_0/inst/s00_entry_pipeline/s00_mmu/inst/xpm_cdc_async_rst_inst/src_arst
    SLICE_X29Y107        LUT1 (Prop_lut1_I0_O)        0.124     8.566 f  design_1_i/smartconnect_0/inst/s00_entry_pipeline/s00_mmu/inst/xpm_cdc_async_rst_inst/arststages_ff[2]_i_1/O
                         net (fo=3, routed)           0.497     9.063    design_1_i/smartconnect_0/inst/s00_entry_pipeline/s00_mmu/inst/xpm_cdc_async_rst_inst/reset_pol
    SLICE_X27Y106        FDCE                                         f  design_1_i/smartconnect_0/inst/s00_entry_pipeline/s00_mmu/inst/xpm_cdc_async_rst_inst/arststages_ff_reg[0]/CLR
  -------------------------------------------------------------------    -------------------

                         (clock sys_clk_pin rise edge)
                                                      0.000     0.000 r  
    K17                                               0.000     0.000 r  clk (IN)
                         net (fo=0)                   0.000     0.000    clk
    K17                  IBUF (Prop_ibuf_I_O)         1.404     1.404 r  clk_IBUF_inst/O
                         net (fo=1, routed)           2.293     3.697    clk_IBUF
    BUFGCTRL_X0Y16       BUFG (Prop_bufg_I_O)         0.091     3.788 r  clk_IBUF_BUFG_inst/O
                         net (fo=3870, routed)        1.695     5.483    design_1_i/smartconnect_0/inst/s00_entry_pipeline/s00_mmu/inst/xpm_cdc_async_rst_inst/dest_clk
    SLICE_X27Y106        FDCE                                         r  design_1_i/smartconnect_0/inst/s00_entry_pipeline/s00_mmu/inst/xpm_cdc_async_rst_inst/arststages_ff_reg[0]/C

Slack:                    inf
  Source:                 design_1_i/smartconnect_0/inst/clk_map/psr_aclk/U0/ACTIVE_LOW_BSR_OUT_DFF[0].FDRE_BSR_N/C
                            (rising edge-triggered cell FDRE clocked by sys_clk_pin  {rise@0.000ns fall@4.000ns period=8.000ns})
  Destination:            design_1_i/smartconnect_0/inst/s00_entry_pipeline/s00_mmu/inst/xpm_cdc_async_rst_inst/arststages_ff_reg[1]/CLR
                            (recovery check against rising-edge clock sys_clk_pin  {rise@0.000ns fall@4.000ns period=8.000ns})
  Path Group:             (none)
  Path Type:              Recovery (Max at Slow Process Corner)
  Data Path Delay:        3.122ns  (logic 0.642ns (20.561%)  route 2.480ns (79.439%))
  Logic Levels:           1  (LUT1=1)
  Clock Path Skew:        -0.457ns (DCD - SCD + CPR)
    Destination Clock Delay (DCD):    5.483ns
    Source Clock Delay      (SCD):    5.941ns
    Clock Pessimism Removal (CPR):    0.000ns
  Clock Uncertainty:      0.035ns  ((TSJ^2 + TIJ^2)^1/2 + DJ) / 2 + PE
    Total System Jitter     (TSJ):    0.071ns
    Total Input Jitter      (TIJ):    0.000ns
    Discrete Jitter          (DJ):    0.000ns
    Phase Error              (PE):    0.000ns
  Timing Exception:       False Path

    Location             Delay type                Incr(ns)  Path(ns)    Netlist Resource(s)
  -------------------------------------------------------------------    -------------------
                         (clock sys_clk_pin rise edge)
                                                      0.000     0.000 r  
    K17                                               0.000     0.000 r  clk (IN)
                         net (fo=0)                   0.000     0.000    clk
    K17                  IBUF (Prop_ibuf_I_O)         1.475     1.475 r  clk_IBUF_inst/O
                         net (fo=1, routed)           2.522     3.997    clk_IBUF
    BUFGCTRL_X0Y16       BUFG (Prop_bufg_I_O)         0.101     4.098 r  clk_IBUF_BUFG_inst/O
                         net (fo=3870, routed)        1.843     5.941    design_1_i/smartconnect_0/inst/clk_map/psr_aclk/U0/aclk
    SLICE_X46Y106        FDRE                                         r  design_1_i/smartconnect_0/inst/clk_map/psr_aclk/U0/ACTIVE_LOW_BSR_OUT_DFF[0].FDRE_BSR_N/C
  -------------------------------------------------------------------    -------------------
    SLICE_X46Y106        FDRE (Prop_fdre_C_Q)         0.518     6.459 r  design_1_i/smartconnect_0/inst/clk_map/psr_aclk/U0/ACTIVE_LOW_BSR_OUT_DFF[0].FDRE_BSR_N/Q
                         net (fo=9, routed)           1.983     8.442    design_1_i/smartconnect_0/inst/s00_entry_pipeline/s00_mmu/inst/xpm_cdc_async_rst_inst/src_arst
    SLICE_X29Y107        LUT1 (Prop_lut1_I0_O)        0.124     8.566 f  design_1_i/smartconnect_0/inst/s00_entry_pipeline/s00_mmu/inst/xpm_cdc_async_rst_inst/arststages_ff[2]_i_1/O
                         net (fo=3, routed)           0.497     9.063    design_1_i/smartconnect_0/inst/s00_entry_pipeline/s00_mmu/inst/xpm_cdc_async_rst_inst/reset_pol
    SLICE_X27Y106        FDCE                                         f  design_1_i/smartconnect_0/inst/s00_entry_pipeline/s00_mmu/inst/xpm_cdc_async_rst_inst/arststages_ff_reg[1]/CLR
  -------------------------------------------------------------------    -------------------

                         (clock sys_clk_pin rise edge)
                                                      0.000     0.000 r  
    K17                                               0.000     0.000 r  clk (IN)
                         net (fo=0)                   0.000     0.000    clk
    K17                  IBUF (Prop_ibuf_I_O)         1.404     1.404 r  clk_IBUF_inst/O
                         net (fo=1, routed)           2.293     3.697    clk_IBUF
    BUFGCTRL_X0Y16       BUFG (Prop_bufg_I_O)         0.091     3.788 r  clk_IBUF_BUFG_inst/O
                         net (fo=3870, routed)        1.695     5.483    design_1_i/smartconnect_0/inst/s00_entry_pipeline/s00_mmu/inst/xpm_cdc_async_rst_inst/dest_clk
    SLICE_X27Y106        FDCE                                         r  design_1_i/smartconnect_0/inst/s00_entry_pipeline/s00_mmu/inst/xpm_cdc_async_rst_inst/arststages_ff_reg[1]/C

Slack:                    inf
  Source:                 design_1_i/smartconnect_0/inst/clk_map/psr_aclk/U0/ACTIVE_LOW_BSR_OUT_DFF[0].FDRE_BSR_N/C
                            (rising edge-triggered cell FDRE clocked by sys_clk_pin  {rise@0.000ns fall@4.000ns period=8.000ns})
  Destination:            design_1_i/smartconnect_0/inst/s00_entry_pipeline/s00_mmu/inst/xpm_cdc_async_rst_inst/arststages_ff_reg[2]/CLR
                            (recovery check against rising-edge clock sys_clk_pin  {rise@0.000ns fall@4.000ns period=8.000ns})
  Path Group:             (none)
  Path Type:              Recovery (Max at Slow Process Corner)
  Data Path Delay:        3.122ns  (logic 0.642ns (20.561%)  route 2.480ns (79.439%))
  Logic Levels:           1  (LUT1=1)
  Clock Path Skew:        -0.457ns (DCD - SCD + CPR)
    Destination Clock Delay (DCD):    5.483ns
    Source Clock Delay      (SCD):    5.941ns
    Clock Pessimism Removal (CPR):    0.000ns
  Clock Uncertainty:      0.035ns  ((TSJ^2 + TIJ^2)^1/2 + DJ) / 2 + PE
    Total System Jitter     (TSJ):    0.071ns
    Total Input Jitter      (TIJ):    0.000ns
    Discrete Jitter          (DJ):    0.000ns
    Phase Error              (PE):    0.000ns
  Timing Exception:       False Path

    Location             Delay type                Incr(ns)  Path(ns)    Netlist Resource(s)
  -------------------------------------------------------------------    -------------------
                         (clock sys_clk_pin rise edge)
                                                      0.000     0.000 r  
    K17                                               0.000     0.000 r  clk (IN)
                         net (fo=0)                   0.000     0.000    clk
    K17                  IBUF (Prop_ibuf_I_O)         1.475     1.475 r  clk_IBUF_inst/O
                         net (fo=1, routed)           2.522     3.997    clk_IBUF
    BUFGCTRL_X0Y16       BUFG (Prop_bufg_I_O)         0.101     4.098 r  clk_IBUF_BUFG_inst/O
                         net (fo=3870, routed)        1.843     5.941    design_1_i/smartconnect_0/inst/clk_map/psr_aclk/U0/aclk
    SLICE_X46Y106        FDRE                                         r  design_1_i/smartconnect_0/inst/clk_map/psr_aclk/U0/ACTIVE_LOW_BSR_OUT_DFF[0].FDRE_BSR_N/C
  -------------------------------------------------------------------    -------------------
    SLICE_X46Y106        FDRE (Prop_fdre_C_Q)         0.518     6.459 r  design_1_i/smartconnect_0/inst/clk_map/psr_aclk/U0/ACTIVE_LOW_BSR_OUT_DFF[0].FDRE_BSR_N/Q
                         net (fo=9, routed)           1.983     8.442    design_1_i/smartconnect_0/inst/s00_entry_pipeline/s00_mmu/inst/xpm_cdc_async_rst_inst/src_arst
    SLICE_X29Y107        LUT1 (Prop_lut1_I0_O)        0.124     8.566 f  design_1_i/smartconnect_0/inst/s00_entry_pipeline/s00_mmu/inst/xpm_cdc_async_rst_inst/arststages_ff[2]_i_1/O
                         net (fo=3, routed)           0.497     9.063    design_1_i/smartconnect_0/inst/s00_entry_pipeline/s00_mmu/inst/xpm_cdc_async_rst_inst/reset_pol
    SLICE_X27Y106        FDCE                                         f  design_1_i/smartconnect_0/inst/s00_entry_pipeline/s00_mmu/inst/xpm_cdc_async_rst_inst/arststages_ff_reg[2]/CLR
  -------------------------------------------------------------------    -------------------

                         (clock sys_clk_pin rise edge)
                                                      0.000     0.000 r  
    K17                                               0.000     0.000 r  clk (IN)
                         net (fo=0)                   0.000     0.000    clk
    K17                  IBUF (Prop_ibuf_I_O)         1.404     1.404 r  clk_IBUF_inst/O
                         net (fo=1, routed)           2.293     3.697    clk_IBUF
    BUFGCTRL_X0Y16       BUFG (Prop_bufg_I_O)         0.091     3.788 r  clk_IBUF_BUFG_inst/O
                         net (fo=3870, routed)        1.695     5.483    design_1_i/smartconnect_0/inst/s00_entry_pipeline/s00_mmu/inst/xpm_cdc_async_rst_inst/dest_clk
    SLICE_X27Y106        FDCE                                         r  design_1_i/smartconnect_0/inst/s00_entry_pipeline/s00_mmu/inst/xpm_cdc_async_rst_inst/arststages_ff_reg[2]/C

Slack:                    inf
  Source:                 design_1_i/smartconnect_0/inst/clk_map/psr_aclk/U0/ACTIVE_LOW_BSR_OUT_DFF[0].FDRE_BSR_N/C
                            (rising edge-triggered cell FDRE clocked by sys_clk_pin  {rise@0.000ns fall@4.000ns period=8.000ns})
  Destination:            design_1_i/smartconnect_0/inst/m00_exit_pipeline/m00_exit/inst/xpm_cdc_async_rst_inst/arststages_ff_reg[0]/CLR
                            (recovery check against rising-edge clock sys_clk_pin  {rise@0.000ns fall@4.000ns period=8.000ns})
  Path Group:             (none)
  Path Type:              Recovery (Max at Slow Process Corner)
  Data Path Delay:        2.638ns  (logic 0.671ns (25.439%)  route 1.967ns (74.561%))
  Logic Levels:           1  (LUT1=1)
  Clock Path Skew:        -0.686ns (DCD - SCD + CPR)
    Destination Clock Delay (DCD):    5.255ns
    Source Clock Delay      (SCD):    5.941ns
    Clock Pessimism Removal (CPR):    0.000ns
  Clock Uncertainty:      0.035ns  ((TSJ^2 + TIJ^2)^1/2 + DJ) / 2 + PE
    Total System Jitter     (TSJ):    0.071ns
    Total Input Jitter      (TIJ):    0.000ns
    Discrete Jitter          (DJ):    0.000ns
    Phase Error              (PE):    0.000ns
  Timing Exception:       False Path

    Location             Delay type                Incr(ns)  Path(ns)    Netlist Resource(s)
  -------------------------------------------------------------------    -------------------
                         (clock sys_clk_pin rise edge)
                                                      0.000     0.000 r  
    K17                                               0.000     0.000 r  clk (IN)
                         net (fo=0)                   0.000     0.000    clk
    K17                  IBUF (Prop_ibuf_I_O)         1.475     1.475 r  clk_IBUF_inst/O
                         net (fo=1, routed)           2.522     3.997    clk_IBUF
    BUFGCTRL_X0Y16       BUFG (Prop_bufg_I_O)         0.101     4.098 r  clk_IBUF_BUFG_inst/O
                         net (fo=3870, routed)        1.843     5.941    design_1_i/smartconnect_0/inst/clk_map/psr_aclk/U0/aclk
    SLICE_X46Y106        FDRE                                         r  design_1_i/smartconnect_0/inst/clk_map/psr_aclk/U0/ACTIVE_LOW_BSR_OUT_DFF[0].FDRE_BSR_N/C
  -------------------------------------------------------------------    -------------------
    SLICE_X46Y106        FDRE (Prop_fdre_C_Q)         0.518     6.459 r  design_1_i/smartconnect_0/inst/clk_map/psr_aclk/U0/ACTIVE_LOW_BSR_OUT_DFF[0].FDRE_BSR_N/Q
                         net (fo=9, routed)           1.031     7.490    design_1_i/smartconnect_0/inst/m00_exit_pipeline/m00_exit/inst/xpm_cdc_async_rst_inst/src_arst
    SLICE_X50Y100        LUT1 (Prop_lut1_I0_O)        0.153     7.643 f  design_1_i/smartconnect_0/inst/m00_exit_pipeline/m00_exit/inst/xpm_cdc_async_rst_inst/arststages_ff[2]_i_1/O
                         net (fo=3, routed)           0.935     8.578    design_1_i/smartconnect_0/inst/m00_exit_pipeline/m00_exit/inst/xpm_cdc_async_rst_inst/reset_pol
    SLICE_X50Y99         FDCE                                         f  design_1_i/smartconnect_0/inst/m00_exit_pipeline/m00_exit/inst/xpm_cdc_async_rst_inst/arststages_ff_reg[0]/CLR
  -------------------------------------------------------------------    -------------------

                         (clock sys_clk_pin rise edge)
                                                      0.000     0.000 r  
    K17                                               0.000     0.000 r  clk (IN)
                         net (fo=0)                   0.000     0.000    clk
    K17                  IBUF (Prop_ibuf_I_O)         1.404     1.404 r  clk_IBUF_inst/O
                         net (fo=1, routed)           2.293     3.697    clk_IBUF
    BUFGCTRL_X0Y16       BUFG (Prop_bufg_I_O)         0.091     3.788 r  clk_IBUF_BUFG_inst/O
                         net (fo=3870, routed)        1.467     5.255    design_1_i/smartconnect_0/inst/m00_exit_pipeline/m00_exit/inst/xpm_cdc_async_rst_inst/dest_clk
    SLICE_X50Y99         FDCE                                         r  design_1_i/smartconnect_0/inst/m00_exit_pipeline/m00_exit/inst/xpm_cdc_async_rst_inst/arststages_ff_reg[0]/C

Slack:                    inf
  Source:                 design_1_i/smartconnect_0/inst/clk_map/psr_aclk/U0/ACTIVE_LOW_BSR_OUT_DFF[0].FDRE_BSR_N/C
                            (rising edge-triggered cell FDRE clocked by sys_clk_pin  {rise@0.000ns fall@4.000ns period=8.000ns})
  Destination:            design_1_i/smartconnect_0/inst/m00_exit_pipeline/m00_exit/inst/xpm_cdc_async_rst_inst/arststages_ff_reg[1]/CLR
                            (recovery check against rising-edge clock sys_clk_pin  {rise@0.000ns fall@4.000ns period=8.000ns})
  Path Group:             (none)
  Path Type:              Recovery (Max at Slow Process Corner)
  Data Path Delay:        2.638ns  (logic 0.671ns (25.439%)  route 1.967ns (74.561%))
  Logic Levels:           1  (LUT1=1)
  Clock Path Skew:        -0.686ns (DCD - SCD + CPR)
    Destination Clock Delay (DCD):    5.255ns
    Source Clock Delay      (SCD):    5.941ns
    Clock Pessimism Removal (CPR):    0.000ns
  Clock Uncertainty:      0.035ns  ((TSJ^2 + TIJ^2)^1/2 + DJ) / 2 + PE
    Total System Jitter     (TSJ):    0.071ns
    Total Input Jitter      (TIJ):    0.000ns
    Discrete Jitter          (DJ):    0.000ns
    Phase Error              (PE):    0.000ns
  Timing Exception:       False Path

    Location             Delay type                Incr(ns)  Path(ns)    Netlist Resource(s)
  -------------------------------------------------------------------    -------------------
                         (clock sys_clk_pin rise edge)
                                                      0.000     0.000 r  
    K17                                               0.000     0.000 r  clk (IN)
                         net (fo=0)                   0.000     0.000    clk
    K17                  IBUF (Prop_ibuf_I_O)         1.475     1.475 r  clk_IBUF_inst/O
                         net (fo=1, routed)           2.522     3.997    clk_IBUF
    BUFGCTRL_X0Y16       BUFG (Prop_bufg_I_O)         0.101     4.098 r  clk_IBUF_BUFG_inst/O
                         net (fo=3870, routed)        1.843     5.941    design_1_i/smartconnect_0/inst/clk_map/psr_aclk/U0/aclk
    SLICE_X46Y106        FDRE                                         r  design_1_i/smartconnect_0/inst/clk_map/psr_aclk/U0/ACTIVE_LOW_BSR_OUT_DFF[0].FDRE_BSR_N/C
  -------------------------------------------------------------------    -------------------
    SLICE_X46Y106        FDRE (Prop_fdre_C_Q)         0.518     6.459 r  design_1_i/smartconnect_0/inst/clk_map/psr_aclk/U0/ACTIVE_LOW_BSR_OUT_DFF[0].FDRE_BSR_N/Q
                         net (fo=9, routed)           1.031     7.490    design_1_i/smartconnect_0/inst/m00_exit_pipeline/m00_exit/inst/xpm_cdc_async_rst_inst/src_arst
    SLICE_X50Y100        LUT1 (Prop_lut1_I0_O)        0.153     7.643 f  design_1_i/smartconnect_0/inst/m00_exit_pipeline/m00_exit/inst/xpm_cdc_async_rst_inst/arststages_ff[2]_i_1/O
                         net (fo=3, routed)           0.935     8.578    design_1_i/smartconnect_0/inst/m00_exit_pipeline/m00_exit/inst/xpm_cdc_async_rst_inst/reset_pol
    SLICE_X50Y99         FDCE                                         f  design_1_i/smartconnect_0/inst/m00_exit_pipeline/m00_exit/inst/xpm_cdc_async_rst_inst/arststages_ff_reg[1]/CLR
  -------------------------------------------------------------------    -------------------

                         (clock sys_clk_pin rise edge)
                                                      0.000     0.000 r  
    K17                                               0.000     0.000 r  clk (IN)
                         net (fo=0)                   0.000     0.000    clk
    K17                  IBUF (Prop_ibuf_I_O)         1.404     1.404 r  clk_IBUF_inst/O
                         net (fo=1, routed)           2.293     3.697    clk_IBUF
    BUFGCTRL_X0Y16       BUFG (Prop_bufg_I_O)         0.091     3.788 r  clk_IBUF_BUFG_inst/O
                         net (fo=3870, routed)        1.467     5.255    design_1_i/smartconnect_0/inst/m00_exit_pipeline/m00_exit/inst/xpm_cdc_async_rst_inst/dest_clk
    SLICE_X50Y99         FDCE                                         r  design_1_i/smartconnect_0/inst/m00_exit_pipeline/m00_exit/inst/xpm_cdc_async_rst_inst/arststages_ff_reg[1]/C

Slack:                    inf
  Source:                 design_1_i/smartconnect_0/inst/clk_map/psr_aclk/U0/ACTIVE_LOW_BSR_OUT_DFF[0].FDRE_BSR_N/C
                            (rising edge-triggered cell FDRE clocked by sys_clk_pin  {rise@0.000ns fall@4.000ns period=8.000ns})
  Destination:            design_1_i/smartconnect_0/inst/m00_exit_pipeline/m00_exit/inst/xpm_cdc_async_rst_inst/arststages_ff_reg[2]/CLR
                            (recovery check against rising-edge clock sys_clk_pin  {rise@0.000ns fall@4.000ns period=8.000ns})
  Path Group:             (none)
  Path Type:              Recovery (Max at Slow Process Corner)
  Data Path Delay:        2.638ns  (logic 0.671ns (25.439%)  route 1.967ns (74.561%))
  Logic Levels:           1  (LUT1=1)
  Clock Path Skew:        -0.686ns (DCD - SCD + CPR)
    Destination Clock Delay (DCD):    5.255ns
    Source Clock Delay      (SCD):    5.941ns
    Clock Pessimism Removal (CPR):    0.000ns
  Clock Uncertainty:      0.035ns  ((TSJ^2 + TIJ^2)^1/2 + DJ) / 2 + PE
    Total System Jitter     (TSJ):    0.071ns
    Total Input Jitter      (TIJ):    0.000ns
    Discrete Jitter          (DJ):    0.000ns
    Phase Error              (PE):    0.000ns
  Timing Exception:       False Path

    Location             Delay type                Incr(ns)  Path(ns)    Netlist Resource(s)
  -------------------------------------------------------------------    -------------------
                         (clock sys_clk_pin rise edge)
                                                      0.000     0.000 r  
    K17                                               0.000     0.000 r  clk (IN)
                         net (fo=0)                   0.000     0.000    clk
    K17                  IBUF (Prop_ibuf_I_O)         1.475     1.475 r  clk_IBUF_inst/O
                         net (fo=1, routed)           2.522     3.997    clk_IBUF
    BUFGCTRL_X0Y16       BUFG (Prop_bufg_I_O)         0.101     4.098 r  clk_IBUF_BUFG_inst/O
                         net (fo=3870, routed)        1.843     5.941    design_1_i/smartconnect_0/inst/clk_map/psr_aclk/U0/aclk
    SLICE_X46Y106        FDRE                                         r  design_1_i/smartconnect_0/inst/clk_map/psr_aclk/U0/ACTIVE_LOW_BSR_OUT_DFF[0].FDRE_BSR_N/C
  -------------------------------------------------------------------    -------------------
    SLICE_X46Y106        FDRE (Prop_fdre_C_Q)         0.518     6.459 r  design_1_i/smartconnect_0/inst/clk_map/psr_aclk/U0/ACTIVE_LOW_BSR_OUT_DFF[0].FDRE_BSR_N/Q
                         net (fo=9, routed)           1.031     7.490    design_1_i/smartconnect_0/inst/m00_exit_pipeline/m00_exit/inst/xpm_cdc_async_rst_inst/src_arst
    SLICE_X50Y100        LUT1 (Prop_lut1_I0_O)        0.153     7.643 f  design_1_i/smartconnect_0/inst/m00_exit_pipeline/m00_exit/inst/xpm_cdc_async_rst_inst/arststages_ff[2]_i_1/O
                         net (fo=3, routed)           0.935     8.578    design_1_i/smartconnect_0/inst/m00_exit_pipeline/m00_exit/inst/xpm_cdc_async_rst_inst/reset_pol
    SLICE_X50Y99         FDCE                                         f  design_1_i/smartconnect_0/inst/m00_exit_pipeline/m00_exit/inst/xpm_cdc_async_rst_inst/arststages_ff_reg[2]/CLR
  -------------------------------------------------------------------    -------------------

                         (clock sys_clk_pin rise edge)
                                                      0.000     0.000 r  
    K17                                               0.000     0.000 r  clk (IN)
                         net (fo=0)                   0.000     0.000    clk
    K17                  IBUF (Prop_ibuf_I_O)         1.404     1.404 r  clk_IBUF_inst/O
                         net (fo=1, routed)           2.293     3.697    clk_IBUF
    BUFGCTRL_X0Y16       BUFG (Prop_bufg_I_O)         0.091     3.788 r  clk_IBUF_BUFG_inst/O
                         net (fo=3870, routed)        1.467     5.255    design_1_i/smartconnect_0/inst/m00_exit_pipeline/m00_exit/inst/xpm_cdc_async_rst_inst/dest_clk
    SLICE_X50Y99         FDCE                                         r  design_1_i/smartconnect_0/inst/m00_exit_pipeline/m00_exit/inst/xpm_cdc_async_rst_inst/arststages_ff_reg[2]/C

Slack:                    inf
  Source:                 design_1_i/smartconnect_0/inst/clk_map/psr_aclk/U0/ACTIVE_LOW_BSR_OUT_DFF[0].FDRE_BSR_N/C
                            (rising edge-triggered cell FDRE clocked by sys_clk_pin  {rise@0.000ns fall@4.000ns period=8.000ns})
  Destination:            design_1_i/smartconnect_0/inst/s00_nodes/s00_ar_node/inst/s_sc_xpm_cdc_async_rst_inst/arststages_ff_reg[0]/CLR
                            (recovery check against rising-edge clock sys_clk_pin  {rise@0.000ns fall@4.000ns period=8.000ns})
  Path Group:             (none)
  Path Type:              Recovery (Max at Slow Process Corner)
  Data Path Delay:        2.353ns  (logic 0.642ns (27.285%)  route 1.711ns (72.715%))
  Logic Levels:           1  (LUT1=1)
  Clock Path Skew:        -0.686ns (DCD - SCD + CPR)
    Destination Clock Delay (DCD):    5.255ns
    Source Clock Delay      (SCD):    5.941ns
    Clock Pessimism Removal (CPR):    0.000ns
  Clock Uncertainty:      0.035ns  ((TSJ^2 + TIJ^2)^1/2 + DJ) / 2 + PE
    Total System Jitter     (TSJ):    0.071ns
    Total Input Jitter      (TIJ):    0.000ns
    Discrete Jitter          (DJ):    0.000ns
    Phase Error              (PE):    0.000ns
  Timing Exception:       False Path

    Location             Delay type                Incr(ns)  Path(ns)    Netlist Resource(s)
  -------------------------------------------------------------------    -------------------
                         (clock sys_clk_pin rise edge)
                                                      0.000     0.000 r  
    K17                                               0.000     0.000 r  clk (IN)
                         net (fo=0)                   0.000     0.000    clk
    K17                  IBUF (Prop_ibuf_I_O)         1.475     1.475 r  clk_IBUF_inst/O
                         net (fo=1, routed)           2.522     3.997    clk_IBUF
    BUFGCTRL_X0Y16       BUFG (Prop_bufg_I_O)         0.101     4.098 r  clk_IBUF_BUFG_inst/O
                         net (fo=3870, routed)        1.843     5.941    design_1_i/smartconnect_0/inst/clk_map/psr_aclk/U0/aclk
    SLICE_X46Y106        FDRE                                         r  design_1_i/smartconnect_0/inst/clk_map/psr_aclk/U0/ACTIVE_LOW_BSR_OUT_DFF[0].FDRE_BSR_N/C
  -------------------------------------------------------------------    -------------------
    SLICE_X46Y106        FDRE (Prop_fdre_C_Q)         0.518     6.459 r  design_1_i/smartconnect_0/inst/clk_map/psr_aclk/U0/ACTIVE_LOW_BSR_OUT_DFF[0].FDRE_BSR_N/Q
                         net (fo=9, routed)           1.040     7.499    design_1_i/smartconnect_0/inst/s00_nodes/s00_ar_node/inst/s_sc_xpm_cdc_async_rst_inst/src_arst
    SLICE_X50Y100        LUT1 (Prop_lut1_I0_O)        0.124     7.623 f  design_1_i/smartconnect_0/inst/s00_nodes/s00_ar_node/inst/s_sc_xpm_cdc_async_rst_inst/arststages_ff[2]_i_1/O
                         net (fo=3, routed)           0.671     8.294    design_1_i/smartconnect_0/inst/s00_nodes/s00_ar_node/inst/s_sc_xpm_cdc_async_rst_inst/reset_pol
    SLICE_X50Y97         FDCE                                         f  design_1_i/smartconnect_0/inst/s00_nodes/s00_ar_node/inst/s_sc_xpm_cdc_async_rst_inst/arststages_ff_reg[0]/CLR
  -------------------------------------------------------------------    -------------------

                         (clock sys_clk_pin rise edge)
                                                      0.000     0.000 r  
    K17                                               0.000     0.000 r  clk (IN)
                         net (fo=0)                   0.000     0.000    clk
    K17                  IBUF (Prop_ibuf_I_O)         1.404     1.404 r  clk_IBUF_inst/O
                         net (fo=1, routed)           2.293     3.697    clk_IBUF
    BUFGCTRL_X0Y16       BUFG (Prop_bufg_I_O)         0.091     3.788 r  clk_IBUF_BUFG_inst/O
                         net (fo=3870, routed)        1.467     5.255    design_1_i/smartconnect_0/inst/s00_nodes/s00_ar_node/inst/s_sc_xpm_cdc_async_rst_inst/dest_clk
    SLICE_X50Y97         FDCE                                         r  design_1_i/smartconnect_0/inst/s00_nodes/s00_ar_node/inst/s_sc_xpm_cdc_async_rst_inst/arststages_ff_reg[0]/C





Min Delay Paths
--------------------------------------------------------------------------------------
Slack:                    inf
  Source:                 design_1_i/smartconnect_0/inst/clk_map/psr_aclk/U0/ACTIVE_LOW_BSR_OUT_DFF[0].FDRE_BSR_N/C
                            (rising edge-triggered cell FDRE clocked by sys_clk_pin  {rise@0.000ns fall@4.000ns period=8.000ns})
  Destination:            design_1_i/smartconnect_0/inst/s00_nodes/s00_w_node/inst/s_sc_xpm_cdc_async_rst_inst/arststages_ff_reg[0]/CLR
                            (removal check against rising-edge clock sys_clk_pin  {rise@0.000ns fall@4.000ns period=8.000ns})
  Path Group:             (none)
  Path Type:              Removal (Min at Fast Process Corner)
  Data Path Delay:        0.630ns  (logic 0.209ns (33.180%)  route 0.421ns (66.820%))
  Logic Levels:           1  (LUT1=1)
  Clock Path Skew:        0.443ns (DCD - SCD - CPR)
    Destination Clock Delay (DCD):    2.192ns
    Source Clock Delay      (SCD):    1.748ns
    Clock Pessimism Removal (CPR):    -0.000ns
  Clock Uncertainty:      0.035ns  ((TSJ^2 + TIJ^2)^1/2 + DJ) / 2 + PE
    Total System Jitter     (TSJ):    0.071ns
    Total Input Jitter      (TIJ):    0.000ns
    Discrete Jitter          (DJ):    0.000ns
    Phase Error              (PE):    0.000ns
  Timing Exception:       False Path

    Location             Delay type                Incr(ns)  Path(ns)    Netlist Resource(s)
  -------------------------------------------------------------------    -------------------
                         (clock sys_clk_pin rise edge)
                                                      0.000     0.000 r  
    K17                                               0.000     0.000 r  clk (IN)
                         net (fo=0)                   0.000     0.000    clk
    K17                  IBUF (Prop_ibuf_I_O)         0.243     0.243 r  clk_IBUF_inst/O
                         net (fo=1, routed)           0.842     1.084    clk_IBUF
    BUFGCTRL_X0Y16       BUFG (Prop_bufg_I_O)         0.026     1.110 r  clk_IBUF_BUFG_inst/O
                         net (fo=3870, routed)        0.638     1.748    design_1_i/smartconnect_0/inst/clk_map/psr_aclk/U0/aclk
    SLICE_X46Y106        FDRE                                         r  design_1_i/smartconnect_0/inst/clk_map/psr_aclk/U0/ACTIVE_LOW_BSR_OUT_DFF[0].FDRE_BSR_N/C
  -------------------------------------------------------------------    -------------------
    SLICE_X46Y106        FDRE (Prop_fdre_C_Q)         0.164     1.912 r  design_1_i/smartconnect_0/inst/clk_map/psr_aclk/U0/ACTIVE_LOW_BSR_OUT_DFF[0].FDRE_BSR_N/Q
                         net (fo=9, routed)           0.302     2.214    design_1_i/smartconnect_0/inst/s00_nodes/s00_w_node/inst/s_sc_xpm_cdc_async_rst_inst/src_arst
    SLICE_X41Y99         LUT1 (Prop_lut1_I0_O)        0.045     2.259 f  design_1_i/smartconnect_0/inst/s00_nodes/s00_w_node/inst/s_sc_xpm_cdc_async_rst_inst/arststages_ff[2]_i_1/O
                         net (fo=3, routed)           0.119     2.378    design_1_i/smartconnect_0/inst/s00_nodes/s00_w_node/inst/s_sc_xpm_cdc_async_rst_inst/reset_pol
    SLICE_X41Y99         FDCE                                         f  design_1_i/smartconnect_0/inst/s00_nodes/s00_w_node/inst/s_sc_xpm_cdc_async_rst_inst/arststages_ff_reg[0]/CLR
  -------------------------------------------------------------------    -------------------

                         (clock sys_clk_pin rise edge)
                                                      0.000     0.000 r  
    K17                                               0.000     0.000 r  clk (IN)
                         net (fo=0)                   0.000     0.000    clk
    K17                  IBUF (Prop_ibuf_I_O)         0.431     0.431 r  clk_IBUF_inst/O
                         net (fo=1, routed)           0.907     1.338    clk_IBUF
    BUFGCTRL_X0Y16       BUFG (Prop_bufg_I_O)         0.029     1.367 r  clk_IBUF_BUFG_inst/O
                         net (fo=3870, routed)        0.825     2.192    design_1_i/smartconnect_0/inst/s00_nodes/s00_w_node/inst/s_sc_xpm_cdc_async_rst_inst/dest_clk
    SLICE_X41Y99         FDCE                                         r  design_1_i/smartconnect_0/inst/s00_nodes/s00_w_node/inst/s_sc_xpm_cdc_async_rst_inst/arststages_ff_reg[0]/C

Slack:                    inf
  Source:                 design_1_i/smartconnect_0/inst/clk_map/psr_aclk/U0/ACTIVE_LOW_BSR_OUT_DFF[0].FDRE_BSR_N/C
                            (rising edge-triggered cell FDRE clocked by sys_clk_pin  {rise@0.000ns fall@4.000ns period=8.000ns})
  Destination:            design_1_i/smartconnect_0/inst/s00_nodes/s00_w_node/inst/s_sc_xpm_cdc_async_rst_inst/arststages_ff_reg[1]/CLR
                            (removal check against rising-edge clock sys_clk_pin  {rise@0.000ns fall@4.000ns period=8.000ns})
  Path Group:             (none)
  Path Type:              Removal (Min at Fast Process Corner)
  Data Path Delay:        0.630ns  (logic 0.209ns (33.180%)  route 0.421ns (66.820%))
  Logic Levels:           1  (LUT1=1)
  Clock Path Skew:        0.443ns (DCD - SCD - CPR)
    Destination Clock Delay (DCD):    2.192ns
    Source Clock Delay      (SCD):    1.748ns
    Clock Pessimism Removal (CPR):    -0.000ns
  Clock Uncertainty:      0.035ns  ((TSJ^2 + TIJ^2)^1/2 + DJ) / 2 + PE
    Total System Jitter     (TSJ):    0.071ns
    Total Input Jitter      (TIJ):    0.000ns
    Discrete Jitter          (DJ):    0.000ns
    Phase Error              (PE):    0.000ns
  Timing Exception:       False Path

    Location             Delay type                Incr(ns)  Path(ns)    Netlist Resource(s)
  -------------------------------------------------------------------    -------------------
                         (clock sys_clk_pin rise edge)
                                                      0.000     0.000 r  
    K17                                               0.000     0.000 r  clk (IN)
                         net (fo=0)                   0.000     0.000    clk
    K17                  IBUF (Prop_ibuf_I_O)         0.243     0.243 r  clk_IBUF_inst/O
                         net (fo=1, routed)           0.842     1.084    clk_IBUF
    BUFGCTRL_X0Y16       BUFG (Prop_bufg_I_O)         0.026     1.110 r  clk_IBUF_BUFG_inst/O
                         net (fo=3870, routed)        0.638     1.748    design_1_i/smartconnect_0/inst/clk_map/psr_aclk/U0/aclk
    SLICE_X46Y106        FDRE                                         r  design_1_i/smartconnect_0/inst/clk_map/psr_aclk/U0/ACTIVE_LOW_BSR_OUT_DFF[0].FDRE_BSR_N/C
  -------------------------------------------------------------------    -------------------
    SLICE_X46Y106        FDRE (Prop_fdre_C_Q)         0.164     1.912 r  design_1_i/smartconnect_0/inst/clk_map/psr_aclk/U0/ACTIVE_LOW_BSR_OUT_DFF[0].FDRE_BSR_N/Q
                         net (fo=9, routed)           0.302     2.214    design_1_i/smartconnect_0/inst/s00_nodes/s00_w_node/inst/s_sc_xpm_cdc_async_rst_inst/src_arst
    SLICE_X41Y99         LUT1 (Prop_lut1_I0_O)        0.045     2.259 f  design_1_i/smartconnect_0/inst/s00_nodes/s00_w_node/inst/s_sc_xpm_cdc_async_rst_inst/arststages_ff[2]_i_1/O
                         net (fo=3, routed)           0.119     2.378    design_1_i/smartconnect_0/inst/s00_nodes/s00_w_node/inst/s_sc_xpm_cdc_async_rst_inst/reset_pol
    SLICE_X41Y99         FDCE                                         f  design_1_i/smartconnect_0/inst/s00_nodes/s00_w_node/inst/s_sc_xpm_cdc_async_rst_inst/arststages_ff_reg[1]/CLR
  -------------------------------------------------------------------    -------------------

                         (clock sys_clk_pin rise edge)
                                                      0.000     0.000 r  
    K17                                               0.000     0.000 r  clk (IN)
                         net (fo=0)                   0.000     0.000    clk
    K17                  IBUF (Prop_ibuf_I_O)         0.431     0.431 r  clk_IBUF_inst/O
                         net (fo=1, routed)           0.907     1.338    clk_IBUF
    BUFGCTRL_X0Y16       BUFG (Prop_bufg_I_O)         0.029     1.367 r  clk_IBUF_BUFG_inst/O
                         net (fo=3870, routed)        0.825     2.192    design_1_i/smartconnect_0/inst/s00_nodes/s00_w_node/inst/s_sc_xpm_cdc_async_rst_inst/dest_clk
    SLICE_X41Y99         FDCE                                         r  design_1_i/smartconnect_0/inst/s00_nodes/s00_w_node/inst/s_sc_xpm_cdc_async_rst_inst/arststages_ff_reg[1]/C

Slack:                    inf
  Source:                 design_1_i/smartconnect_0/inst/clk_map/psr_aclk/U0/ACTIVE_LOW_BSR_OUT_DFF[0].FDRE_BSR_N/C
                            (rising edge-triggered cell FDRE clocked by sys_clk_pin  {rise@0.000ns fall@4.000ns period=8.000ns})
  Destination:            design_1_i/smartconnect_0/inst/s00_nodes/s00_w_node/inst/s_sc_xpm_cdc_async_rst_inst/arststages_ff_reg[2]/CLR
                            (removal check against rising-edge clock sys_clk_pin  {rise@0.000ns fall@4.000ns period=8.000ns})
  Path Group:             (none)
  Path Type:              Removal (Min at Fast Process Corner)
  Data Path Delay:        0.630ns  (logic 0.209ns (33.180%)  route 0.421ns (66.820%))
  Logic Levels:           1  (LUT1=1)
  Clock Path Skew:        0.443ns (DCD - SCD - CPR)
    Destination Clock Delay (DCD):    2.192ns
    Source Clock Delay      (SCD):    1.748ns
    Clock Pessimism Removal (CPR):    -0.000ns
  Clock Uncertainty:      0.035ns  ((TSJ^2 + TIJ^2)^1/2 + DJ) / 2 + PE
    Total System Jitter     (TSJ):    0.071ns
    Total Input Jitter      (TIJ):    0.000ns
    Discrete Jitter          (DJ):    0.000ns
    Phase Error              (PE):    0.000ns
  Timing Exception:       False Path

    Location             Delay type                Incr(ns)  Path(ns)    Netlist Resource(s)
  -------------------------------------------------------------------    -------------------
                         (clock sys_clk_pin rise edge)
                                                      0.000     0.000 r  
    K17                                               0.000     0.000 r  clk (IN)
                         net (fo=0)                   0.000     0.000    clk
    K17                  IBUF (Prop_ibuf_I_O)         0.243     0.243 r  clk_IBUF_inst/O
                         net (fo=1, routed)           0.842     1.084    clk_IBUF
    BUFGCTRL_X0Y16       BUFG (Prop_bufg_I_O)         0.026     1.110 r  clk_IBUF_BUFG_inst/O
                         net (fo=3870, routed)        0.638     1.748    design_1_i/smartconnect_0/inst/clk_map/psr_aclk/U0/aclk
    SLICE_X46Y106        FDRE                                         r  design_1_i/smartconnect_0/inst/clk_map/psr_aclk/U0/ACTIVE_LOW_BSR_OUT_DFF[0].FDRE_BSR_N/C
  -------------------------------------------------------------------    -------------------
    SLICE_X46Y106        FDRE (Prop_fdre_C_Q)         0.164     1.912 r  design_1_i/smartconnect_0/inst/clk_map/psr_aclk/U0/ACTIVE_LOW_BSR_OUT_DFF[0].FDRE_BSR_N/Q
                         net (fo=9, routed)           0.302     2.214    design_1_i/smartconnect_0/inst/s00_nodes/s00_w_node/inst/s_sc_xpm_cdc_async_rst_inst/src_arst
    SLICE_X41Y99         LUT1 (Prop_lut1_I0_O)        0.045     2.259 f  design_1_i/smartconnect_0/inst/s00_nodes/s00_w_node/inst/s_sc_xpm_cdc_async_rst_inst/arststages_ff[2]_i_1/O
                         net (fo=3, routed)           0.119     2.378    design_1_i/smartconnect_0/inst/s00_nodes/s00_w_node/inst/s_sc_xpm_cdc_async_rst_inst/reset_pol
    SLICE_X41Y99         FDCE                                         f  design_1_i/smartconnect_0/inst/s00_nodes/s00_w_node/inst/s_sc_xpm_cdc_async_rst_inst/arststages_ff_reg[2]/CLR
  -------------------------------------------------------------------    -------------------

                         (clock sys_clk_pin rise edge)
                                                      0.000     0.000 r  
    K17                                               0.000     0.000 r  clk (IN)
                         net (fo=0)                   0.000     0.000    clk
    K17                  IBUF (Prop_ibuf_I_O)         0.431     0.431 r  clk_IBUF_inst/O
                         net (fo=1, routed)           0.907     1.338    clk_IBUF
    BUFGCTRL_X0Y16       BUFG (Prop_bufg_I_O)         0.029     1.367 r  clk_IBUF_BUFG_inst/O
                         net (fo=3870, routed)        0.825     2.192    design_1_i/smartconnect_0/inst/s00_nodes/s00_w_node/inst/s_sc_xpm_cdc_async_rst_inst/dest_clk
    SLICE_X41Y99         FDCE                                         r  design_1_i/smartconnect_0/inst/s00_nodes/s00_w_node/inst/s_sc_xpm_cdc_async_rst_inst/arststages_ff_reg[2]/C

Slack:                    inf
  Source:                 design_1_i/smartconnect_0/inst/clk_map/psr_aclk/U0/ACTIVE_LOW_BSR_OUT_DFF[0].FDRE_BSR_N/C
                            (rising edge-triggered cell FDRE clocked by sys_clk_pin  {rise@0.000ns fall@4.000ns period=8.000ns})
  Destination:            design_1_i/smartconnect_0/inst/s00_nodes/s00_b_node/inst/s_sc_xpm_cdc_async_rst_inst/arststages_ff_reg[0]/CLR
                            (removal check against rising-edge clock sys_clk_pin  {rise@0.000ns fall@4.000ns period=8.000ns})
  Path Group:             (none)
  Path Type:              Removal (Min at Fast Process Corner)
  Data Path Delay:        0.641ns  (logic 0.209ns (32.614%)  route 0.432ns (67.386%))
  Logic Levels:           1  (LUT1=1)
  Clock Path Skew:        0.529ns (DCD - SCD - CPR)
    Destination Clock Delay (DCD):    2.278ns
    Source Clock Delay      (SCD):    1.748ns
    Clock Pessimism Removal (CPR):    -0.000ns
  Clock Uncertainty:      0.035ns  ((TSJ^2 + TIJ^2)^1/2 + DJ) / 2 + PE
    Total System Jitter     (TSJ):    0.071ns
    Total Input Jitter      (TIJ):    0.000ns
    Discrete Jitter          (DJ):    0.000ns
    Phase Error              (PE):    0.000ns
  Timing Exception:       False Path

    Location             Delay type                Incr(ns)  Path(ns)    Netlist Resource(s)
  -------------------------------------------------------------------    -------------------
                         (clock sys_clk_pin rise edge)
                                                      0.000     0.000 r  
    K17                                               0.000     0.000 r  clk (IN)
                         net (fo=0)                   0.000     0.000    clk
    K17                  IBUF (Prop_ibuf_I_O)         0.243     0.243 r  clk_IBUF_inst/O
                         net (fo=1, routed)           0.842     1.084    clk_IBUF
    BUFGCTRL_X0Y16       BUFG (Prop_bufg_I_O)         0.026     1.110 r  clk_IBUF_BUFG_inst/O
                         net (fo=3870, routed)        0.638     1.748    design_1_i/smartconnect_0/inst/clk_map/psr_aclk/U0/aclk
    SLICE_X46Y106        FDRE                                         r  design_1_i/smartconnect_0/inst/clk_map/psr_aclk/U0/ACTIVE_LOW_BSR_OUT_DFF[0].FDRE_BSR_N/C
  -------------------------------------------------------------------    -------------------
    SLICE_X46Y106        FDRE (Prop_fdre_C_Q)         0.164     1.912 r  design_1_i/smartconnect_0/inst/clk_map/psr_aclk/U0/ACTIVE_LOW_BSR_OUT_DFF[0].FDRE_BSR_N/Q
                         net (fo=9, routed)           0.252     2.165    design_1_i/smartconnect_0/inst/s00_nodes/s00_b_node/inst/s_sc_xpm_cdc_async_rst_inst/src_arst
    SLICE_X48Y101        LUT1 (Prop_lut1_I0_O)        0.045     2.210 f  design_1_i/smartconnect_0/inst/s00_nodes/s00_b_node/inst/s_sc_xpm_cdc_async_rst_inst/arststages_ff[2]_i_1/O
                         net (fo=3, routed)           0.180     2.389    design_1_i/smartconnect_0/inst/s00_nodes/s00_b_node/inst/s_sc_xpm_cdc_async_rst_inst/reset_pol
    SLICE_X49Y101        FDCE                                         f  design_1_i/smartconnect_0/inst/s00_nodes/s00_b_node/inst/s_sc_xpm_cdc_async_rst_inst/arststages_ff_reg[0]/CLR
  -------------------------------------------------------------------    -------------------

                         (clock sys_clk_pin rise edge)
                                                      0.000     0.000 r  
    K17                                               0.000     0.000 r  clk (IN)
                         net (fo=0)                   0.000     0.000    clk
    K17                  IBUF (Prop_ibuf_I_O)         0.431     0.431 r  clk_IBUF_inst/O
                         net (fo=1, routed)           0.907     1.338    clk_IBUF
    BUFGCTRL_X0Y16       BUFG (Prop_bufg_I_O)         0.029     1.367 r  clk_IBUF_BUFG_inst/O
                         net (fo=3870, routed)        0.911     2.278    design_1_i/smartconnect_0/inst/s00_nodes/s00_b_node/inst/s_sc_xpm_cdc_async_rst_inst/dest_clk
    SLICE_X49Y101        FDCE                                         r  design_1_i/smartconnect_0/inst/s00_nodes/s00_b_node/inst/s_sc_xpm_cdc_async_rst_inst/arststages_ff_reg[0]/C

Slack:                    inf
  Source:                 design_1_i/smartconnect_0/inst/clk_map/psr_aclk/U0/ACTIVE_LOW_BSR_OUT_DFF[0].FDRE_BSR_N/C
                            (rising edge-triggered cell FDRE clocked by sys_clk_pin  {rise@0.000ns fall@4.000ns period=8.000ns})
  Destination:            design_1_i/smartconnect_0/inst/s00_nodes/s00_b_node/inst/s_sc_xpm_cdc_async_rst_inst/arststages_ff_reg[1]/CLR
                            (removal check against rising-edge clock sys_clk_pin  {rise@0.000ns fall@4.000ns period=8.000ns})
  Path Group:             (none)
  Path Type:              Removal (Min at Fast Process Corner)
  Data Path Delay:        0.641ns  (logic 0.209ns (32.614%)  route 0.432ns (67.386%))
  Logic Levels:           1  (LUT1=1)
  Clock Path Skew:        0.529ns (DCD - SCD - CPR)
    Destination Clock Delay (DCD):    2.278ns
    Source Clock Delay      (SCD):    1.748ns
    Clock Pessimism Removal (CPR):    -0.000ns
  Clock Uncertainty:      0.035ns  ((TSJ^2 + TIJ^2)^1/2 + DJ) / 2 + PE
    Total System Jitter     (TSJ):    0.071ns
    Total Input Jitter      (TIJ):    0.000ns
    Discrete Jitter          (DJ):    0.000ns
    Phase Error              (PE):    0.000ns
  Timing Exception:       False Path

    Location             Delay type                Incr(ns)  Path(ns)    Netlist Resource(s)
  -------------------------------------------------------------------    -------------------
                         (clock sys_clk_pin rise edge)
                                                      0.000     0.000 r  
    K17                                               0.000     0.000 r  clk (IN)
                         net (fo=0)                   0.000     0.000    clk
    K17                  IBUF (Prop_ibuf_I_O)         0.243     0.243 r  clk_IBUF_inst/O
                         net (fo=1, routed)           0.842     1.084    clk_IBUF
    BUFGCTRL_X0Y16       BUFG (Prop_bufg_I_O)         0.026     1.110 r  clk_IBUF_BUFG_inst/O
                         net (fo=3870, routed)        0.638     1.748    design_1_i/smartconnect_0/inst/clk_map/psr_aclk/U0/aclk
    SLICE_X46Y106        FDRE                                         r  design_1_i/smartconnect_0/inst/clk_map/psr_aclk/U0/ACTIVE_LOW_BSR_OUT_DFF[0].FDRE_BSR_N/C
  -------------------------------------------------------------------    -------------------
    SLICE_X46Y106        FDRE (Prop_fdre_C_Q)         0.164     1.912 r  design_1_i/smartconnect_0/inst/clk_map/psr_aclk/U0/ACTIVE_LOW_BSR_OUT_DFF[0].FDRE_BSR_N/Q
                         net (fo=9, routed)           0.252     2.165    design_1_i/smartconnect_0/inst/s00_nodes/s00_b_node/inst/s_sc_xpm_cdc_async_rst_inst/src_arst
    SLICE_X48Y101        LUT1 (Prop_lut1_I0_O)        0.045     2.210 f  design_1_i/smartconnect_0/inst/s00_nodes/s00_b_node/inst/s_sc_xpm_cdc_async_rst_inst/arststages_ff[2]_i_1/O
                         net (fo=3, routed)           0.180     2.389    design_1_i/smartconnect_0/inst/s00_nodes/s00_b_node/inst/s_sc_xpm_cdc_async_rst_inst/reset_pol
    SLICE_X49Y101        FDCE                                         f  design_1_i/smartconnect_0/inst/s00_nodes/s00_b_node/inst/s_sc_xpm_cdc_async_rst_inst/arststages_ff_reg[1]/CLR
  -------------------------------------------------------------------    -------------------

                         (clock sys_clk_pin rise edge)
                                                      0.000     0.000 r  
    K17                                               0.000     0.000 r  clk (IN)
                         net (fo=0)                   0.000     0.000    clk
    K17                  IBUF (Prop_ibuf_I_O)         0.431     0.431 r  clk_IBUF_inst/O
                         net (fo=1, routed)           0.907     1.338    clk_IBUF
    BUFGCTRL_X0Y16       BUFG (Prop_bufg_I_O)         0.029     1.367 r  clk_IBUF_BUFG_inst/O
                         net (fo=3870, routed)        0.911     2.278    design_1_i/smartconnect_0/inst/s00_nodes/s00_b_node/inst/s_sc_xpm_cdc_async_rst_inst/dest_clk
    SLICE_X49Y101        FDCE                                         r  design_1_i/smartconnect_0/inst/s00_nodes/s00_b_node/inst/s_sc_xpm_cdc_async_rst_inst/arststages_ff_reg[1]/C

Slack:                    inf
  Source:                 design_1_i/smartconnect_0/inst/clk_map/psr_aclk/U0/ACTIVE_LOW_BSR_OUT_DFF[0].FDRE_BSR_N/C
                            (rising edge-triggered cell FDRE clocked by sys_clk_pin  {rise@0.000ns fall@4.000ns period=8.000ns})
  Destination:            design_1_i/smartconnect_0/inst/s00_nodes/s00_b_node/inst/s_sc_xpm_cdc_async_rst_inst/arststages_ff_reg[2]/CLR
                            (removal check against rising-edge clock sys_clk_pin  {rise@0.000ns fall@4.000ns period=8.000ns})
  Path Group:             (none)
  Path Type:              Removal (Min at Fast Process Corner)
  Data Path Delay:        0.641ns  (logic 0.209ns (32.614%)  route 0.432ns (67.386%))
  Logic Levels:           1  (LUT1=1)
  Clock Path Skew:        0.529ns (DCD - SCD - CPR)
    Destination Clock Delay (DCD):    2.278ns
    Source Clock Delay      (SCD):    1.748ns
    Clock Pessimism Removal (CPR):    -0.000ns
  Clock Uncertainty:      0.035ns  ((TSJ^2 + TIJ^2)^1/2 + DJ) / 2 + PE
    Total System Jitter     (TSJ):    0.071ns
    Total Input Jitter      (TIJ):    0.000ns
    Discrete Jitter          (DJ):    0.000ns
    Phase Error              (PE):    0.000ns
  Timing Exception:       False Path

    Location             Delay type                Incr(ns)  Path(ns)    Netlist Resource(s)
  -------------------------------------------------------------------    -------------------
                         (clock sys_clk_pin rise edge)
                                                      0.000     0.000 r  
    K17                                               0.000     0.000 r  clk (IN)
                         net (fo=0)                   0.000     0.000    clk
    K17                  IBUF (Prop_ibuf_I_O)         0.243     0.243 r  clk_IBUF_inst/O
                         net (fo=1, routed)           0.842     1.084    clk_IBUF
    BUFGCTRL_X0Y16       BUFG (Prop_bufg_I_O)         0.026     1.110 r  clk_IBUF_BUFG_inst/O
                         net (fo=3870, routed)        0.638     1.748    design_1_i/smartconnect_0/inst/clk_map/psr_aclk/U0/aclk
    SLICE_X46Y106        FDRE                                         r  design_1_i/smartconnect_0/inst/clk_map/psr_aclk/U0/ACTIVE_LOW_BSR_OUT_DFF[0].FDRE_BSR_N/C
  -------------------------------------------------------------------    -------------------
    SLICE_X46Y106        FDRE (Prop_fdre_C_Q)         0.164     1.912 r  design_1_i/smartconnect_0/inst/clk_map/psr_aclk/U0/ACTIVE_LOW_BSR_OUT_DFF[0].FDRE_BSR_N/Q
                         net (fo=9, routed)           0.252     2.165    design_1_i/smartconnect_0/inst/s00_nodes/s00_b_node/inst/s_sc_xpm_cdc_async_rst_inst/src_arst
    SLICE_X48Y101        LUT1 (Prop_lut1_I0_O)        0.045     2.210 f  design_1_i/smartconnect_0/inst/s00_nodes/s00_b_node/inst/s_sc_xpm_cdc_async_rst_inst/arststages_ff[2]_i_1/O
                         net (fo=3, routed)           0.180     2.389    design_1_i/smartconnect_0/inst/s00_nodes/s00_b_node/inst/s_sc_xpm_cdc_async_rst_inst/reset_pol
    SLICE_X49Y101        FDCE                                         f  design_1_i/smartconnect_0/inst/s00_nodes/s00_b_node/inst/s_sc_xpm_cdc_async_rst_inst/arststages_ff_reg[2]/CLR
  -------------------------------------------------------------------    -------------------

                         (clock sys_clk_pin rise edge)
                                                      0.000     0.000 r  
    K17                                               0.000     0.000 r  clk (IN)
                         net (fo=0)                   0.000     0.000    clk
    K17                  IBUF (Prop_ibuf_I_O)         0.431     0.431 r  clk_IBUF_inst/O
                         net (fo=1, routed)           0.907     1.338    clk_IBUF
    BUFGCTRL_X0Y16       BUFG (Prop_bufg_I_O)         0.029     1.367 r  clk_IBUF_BUFG_inst/O
                         net (fo=3870, routed)        0.911     2.278    design_1_i/smartconnect_0/inst/s00_nodes/s00_b_node/inst/s_sc_xpm_cdc_async_rst_inst/dest_clk
    SLICE_X49Y101        FDCE                                         r  design_1_i/smartconnect_0/inst/s00_nodes/s00_b_node/inst/s_sc_xpm_cdc_async_rst_inst/arststages_ff_reg[2]/C

Slack:                    inf
  Source:                 design_1_i/smartconnect_0/inst/clk_map/psr_aclk/U0/ACTIVE_LOW_BSR_OUT_DFF[0].FDRE_BSR_N/C
                            (rising edge-triggered cell FDRE clocked by sys_clk_pin  {rise@0.000ns fall@4.000ns period=8.000ns})
  Destination:            design_1_i/smartconnect_0/inst/s00_nodes/s00_r_node/inst/s_sc_xpm_cdc_async_rst_inst/arststages_ff_reg[0]/CLR
                            (removal check against rising-edge clock sys_clk_pin  {rise@0.000ns fall@4.000ns period=8.000ns})
  Path Group:             (none)
  Path Type:              Removal (Min at Fast Process Corner)
  Data Path Delay:        0.707ns  (logic 0.215ns (30.406%)  route 0.492ns (69.594%))
  Logic Levels:           1  (LUT1=1)
  Clock Path Skew:        0.529ns (DCD - SCD - CPR)
    Destination Clock Delay (DCD):    2.278ns
    Source Clock Delay      (SCD):    1.748ns
    Clock Pessimism Removal (CPR):    -0.000ns
  Clock Uncertainty:      0.035ns  ((TSJ^2 + TIJ^2)^1/2 + DJ) / 2 + PE
    Total System Jitter     (TSJ):    0.071ns
    Total Input Jitter      (TIJ):    0.000ns
    Discrete Jitter          (DJ):    0.000ns
    Phase Error              (PE):    0.000ns
  Timing Exception:       False Path

    Location             Delay type                Incr(ns)  Path(ns)    Netlist Resource(s)
  -------------------------------------------------------------------    -------------------
                         (clock sys_clk_pin rise edge)
                                                      0.000     0.000 r  
    K17                                               0.000     0.000 r  clk (IN)
                         net (fo=0)                   0.000     0.000    clk
    K17                  IBUF (Prop_ibuf_I_O)         0.243     0.243 r  clk_IBUF_inst/O
                         net (fo=1, routed)           0.842     1.084    clk_IBUF
    BUFGCTRL_X0Y16       BUFG (Prop_bufg_I_O)         0.026     1.110 r  clk_IBUF_BUFG_inst/O
                         net (fo=3870, routed)        0.638     1.748    design_1_i/smartconnect_0/inst/clk_map/psr_aclk/U0/aclk
    SLICE_X46Y106        FDRE                                         r  design_1_i/smartconnect_0/inst/clk_map/psr_aclk/U0/ACTIVE_LOW_BSR_OUT_DFF[0].FDRE_BSR_N/C
  -------------------------------------------------------------------    -------------------
    SLICE_X46Y106        FDRE (Prop_fdre_C_Q)         0.164     1.912 r  design_1_i/smartconnect_0/inst/clk_map/psr_aclk/U0/ACTIVE_LOW_BSR_OUT_DFF[0].FDRE_BSR_N/Q
                         net (fo=9, routed)           0.252     2.165    design_1_i/smartconnect_0/inst/s00_nodes/s00_r_node/inst/s_sc_xpm_cdc_async_rst_inst/src_arst
    SLICE_X48Y101        LUT1 (Prop_lut1_I0_O)        0.051     2.216 f  design_1_i/smartconnect_0/inst/s00_nodes/s00_r_node/inst/s_sc_xpm_cdc_async_rst_inst/arststages_ff[2]_i_1/O
                         net (fo=3, routed)           0.240     2.456    design_1_i/smartconnect_0/inst/s00_nodes/s00_r_node/inst/s_sc_xpm_cdc_async_rst_inst/reset_pol
    SLICE_X48Y101        FDCE                                         f  design_1_i/smartconnect_0/inst/s00_nodes/s00_r_node/inst/s_sc_xpm_cdc_async_rst_inst/arststages_ff_reg[0]/CLR
  -------------------------------------------------------------------    -------------------

                         (clock sys_clk_pin rise edge)
                                                      0.000     0.000 r  
    K17                                               0.000     0.000 r  clk (IN)
                         net (fo=0)                   0.000     0.000    clk
    K17                  IBUF (Prop_ibuf_I_O)         0.431     0.431 r  clk_IBUF_inst/O
                         net (fo=1, routed)           0.907     1.338    clk_IBUF
    BUFGCTRL_X0Y16       BUFG (Prop_bufg_I_O)         0.029     1.367 r  clk_IBUF_BUFG_inst/O
                         net (fo=3870, routed)        0.911     2.278    design_1_i/smartconnect_0/inst/s00_nodes/s00_r_node/inst/s_sc_xpm_cdc_async_rst_inst/dest_clk
    SLICE_X48Y101        FDCE                                         r  design_1_i/smartconnect_0/inst/s00_nodes/s00_r_node/inst/s_sc_xpm_cdc_async_rst_inst/arststages_ff_reg[0]/C

Slack:                    inf
  Source:                 design_1_i/smartconnect_0/inst/clk_map/psr_aclk/U0/ACTIVE_LOW_BSR_OUT_DFF[0].FDRE_BSR_N/C
                            (rising edge-triggered cell FDRE clocked by sys_clk_pin  {rise@0.000ns fall@4.000ns period=8.000ns})
  Destination:            design_1_i/smartconnect_0/inst/s00_nodes/s00_r_node/inst/s_sc_xpm_cdc_async_rst_inst/arststages_ff_reg[1]/CLR
                            (removal check against rising-edge clock sys_clk_pin  {rise@0.000ns fall@4.000ns period=8.000ns})
  Path Group:             (none)
  Path Type:              Removal (Min at Fast Process Corner)
  Data Path Delay:        0.707ns  (logic 0.215ns (30.406%)  route 0.492ns (69.594%))
  Logic Levels:           1  (LUT1=1)
  Clock Path Skew:        0.529ns (DCD - SCD - CPR)
    Destination Clock Delay (DCD):    2.278ns
    Source Clock Delay      (SCD):    1.748ns
    Clock Pessimism Removal (CPR):    -0.000ns
  Clock Uncertainty:      0.035ns  ((TSJ^2 + TIJ^2)^1/2 + DJ) / 2 + PE
    Total System Jitter     (TSJ):    0.071ns
    Total Input Jitter      (TIJ):    0.000ns
    Discrete Jitter          (DJ):    0.000ns
    Phase Error              (PE):    0.000ns
  Timing Exception:       False Path

    Location             Delay type                Incr(ns)  Path(ns)    Netlist Resource(s)
  -------------------------------------------------------------------    -------------------
                         (clock sys_clk_pin rise edge)
                                                      0.000     0.000 r  
    K17                                               0.000     0.000 r  clk (IN)
                         net (fo=0)                   0.000     0.000    clk
    K17                  IBUF (Prop_ibuf_I_O)         0.243     0.243 r  clk_IBUF_inst/O
                         net (fo=1, routed)           0.842     1.084    clk_IBUF
    BUFGCTRL_X0Y16       BUFG (Prop_bufg_I_O)         0.026     1.110 r  clk_IBUF_BUFG_inst/O
                         net (fo=3870, routed)        0.638     1.748    design_1_i/smartconnect_0/inst/clk_map/psr_aclk/U0/aclk
    SLICE_X46Y106        FDRE                                         r  design_1_i/smartconnect_0/inst/clk_map/psr_aclk/U0/ACTIVE_LOW_BSR_OUT_DFF[0].FDRE_BSR_N/C
  -------------------------------------------------------------------    -------------------
    SLICE_X46Y106        FDRE (Prop_fdre_C_Q)         0.164     1.912 r  design_1_i/smartconnect_0/inst/clk_map/psr_aclk/U0/ACTIVE_LOW_BSR_OUT_DFF[0].FDRE_BSR_N/Q
                         net (fo=9, routed)           0.252     2.165    design_1_i/smartconnect_0/inst/s00_nodes/s00_r_node/inst/s_sc_xpm_cdc_async_rst_inst/src_arst
    SLICE_X48Y101        LUT1 (Prop_lut1_I0_O)        0.051     2.216 f  design_1_i/smartconnect_0/inst/s00_nodes/s00_r_node/inst/s_sc_xpm_cdc_async_rst_inst/arststages_ff[2]_i_1/O
                         net (fo=3, routed)           0.240     2.456    design_1_i/smartconnect_0/inst/s00_nodes/s00_r_node/inst/s_sc_xpm_cdc_async_rst_inst/reset_pol
    SLICE_X48Y101        FDCE                                         f  design_1_i/smartconnect_0/inst/s00_nodes/s00_r_node/inst/s_sc_xpm_cdc_async_rst_inst/arststages_ff_reg[1]/CLR
  -------------------------------------------------------------------    -------------------

                         (clock sys_clk_pin rise edge)
                                                      0.000     0.000 r  
    K17                                               0.000     0.000 r  clk (IN)
                         net (fo=0)                   0.000     0.000    clk
    K17                  IBUF (Prop_ibuf_I_O)         0.431     0.431 r  clk_IBUF_inst/O
                         net (fo=1, routed)           0.907     1.338    clk_IBUF
    BUFGCTRL_X0Y16       BUFG (Prop_bufg_I_O)         0.029     1.367 r  clk_IBUF_BUFG_inst/O
                         net (fo=3870, routed)        0.911     2.278    design_1_i/smartconnect_0/inst/s00_nodes/s00_r_node/inst/s_sc_xpm_cdc_async_rst_inst/dest_clk
    SLICE_X48Y101        FDCE                                         r  design_1_i/smartconnect_0/inst/s00_nodes/s00_r_node/inst/s_sc_xpm_cdc_async_rst_inst/arststages_ff_reg[1]/C

Slack:                    inf
  Source:                 design_1_i/smartconnect_0/inst/clk_map/psr_aclk/U0/ACTIVE_LOW_BSR_OUT_DFF[0].FDRE_BSR_N/C
                            (rising edge-triggered cell FDRE clocked by sys_clk_pin  {rise@0.000ns fall@4.000ns period=8.000ns})
  Destination:            design_1_i/smartconnect_0/inst/s00_nodes/s00_r_node/inst/s_sc_xpm_cdc_async_rst_inst/arststages_ff_reg[2]/CLR
                            (removal check against rising-edge clock sys_clk_pin  {rise@0.000ns fall@4.000ns period=8.000ns})
  Path Group:             (none)
  Path Type:              Removal (Min at Fast Process Corner)
  Data Path Delay:        0.707ns  (logic 0.215ns (30.406%)  route 0.492ns (69.594%))
  Logic Levels:           1  (LUT1=1)
  Clock Path Skew:        0.529ns (DCD - SCD - CPR)
    Destination Clock Delay (DCD):    2.278ns
    Source Clock Delay      (SCD):    1.748ns
    Clock Pessimism Removal (CPR):    -0.000ns
  Clock Uncertainty:      0.035ns  ((TSJ^2 + TIJ^2)^1/2 + DJ) / 2 + PE
    Total System Jitter     (TSJ):    0.071ns
    Total Input Jitter      (TIJ):    0.000ns
    Discrete Jitter          (DJ):    0.000ns
    Phase Error              (PE):    0.000ns
  Timing Exception:       False Path

    Location             Delay type                Incr(ns)  Path(ns)    Netlist Resource(s)
  -------------------------------------------------------------------    -------------------
                         (clock sys_clk_pin rise edge)
                                                      0.000     0.000 r  
    K17                                               0.000     0.000 r  clk (IN)
                         net (fo=0)                   0.000     0.000    clk
    K17                  IBUF (Prop_ibuf_I_O)         0.243     0.243 r  clk_IBUF_inst/O
                         net (fo=1, routed)           0.842     1.084    clk_IBUF
    BUFGCTRL_X0Y16       BUFG (Prop_bufg_I_O)         0.026     1.110 r  clk_IBUF_BUFG_inst/O
                         net (fo=3870, routed)        0.638     1.748    design_1_i/smartconnect_0/inst/clk_map/psr_aclk/U0/aclk
    SLICE_X46Y106        FDRE                                         r  design_1_i/smartconnect_0/inst/clk_map/psr_aclk/U0/ACTIVE_LOW_BSR_OUT_DFF[0].FDRE_BSR_N/C
  -------------------------------------------------------------------    -------------------
    SLICE_X46Y106        FDRE (Prop_fdre_C_Q)         0.164     1.912 r  design_1_i/smartconnect_0/inst/clk_map/psr_aclk/U0/ACTIVE_LOW_BSR_OUT_DFF[0].FDRE_BSR_N/Q
                         net (fo=9, routed)           0.252     2.165    design_1_i/smartconnect_0/inst/s00_nodes/s00_r_node/inst/s_sc_xpm_cdc_async_rst_inst/src_arst
    SLICE_X48Y101        LUT1 (Prop_lut1_I0_O)        0.051     2.216 f  design_1_i/smartconnect_0/inst/s00_nodes/s00_r_node/inst/s_sc_xpm_cdc_async_rst_inst/arststages_ff[2]_i_1/O
                         net (fo=3, routed)           0.240     2.456    design_1_i/smartconnect_0/inst/s00_nodes/s00_r_node/inst/s_sc_xpm_cdc_async_rst_inst/reset_pol
    SLICE_X48Y101        FDCE                                         f  design_1_i/smartconnect_0/inst/s00_nodes/s00_r_node/inst/s_sc_xpm_cdc_async_rst_inst/arststages_ff_reg[2]/CLR
  -------------------------------------------------------------------    -------------------

                         (clock sys_clk_pin rise edge)
                                                      0.000     0.000 r  
    K17                                               0.000     0.000 r  clk (IN)
                         net (fo=0)                   0.000     0.000    clk
    K17                  IBUF (Prop_ibuf_I_O)         0.431     0.431 r  clk_IBUF_inst/O
                         net (fo=1, routed)           0.907     1.338    clk_IBUF
    BUFGCTRL_X0Y16       BUFG (Prop_bufg_I_O)         0.029     1.367 r  clk_IBUF_BUFG_inst/O
                         net (fo=3870, routed)        0.911     2.278    design_1_i/smartconnect_0/inst/s00_nodes/s00_r_node/inst/s_sc_xpm_cdc_async_rst_inst/dest_clk
    SLICE_X48Y101        FDCE                                         r  design_1_i/smartconnect_0/inst/s00_nodes/s00_r_node/inst/s_sc_xpm_cdc_async_rst_inst/arststages_ff_reg[2]/C

Slack:                    inf
  Source:                 design_1_i/smartconnect_0/inst/clk_map/psr_aclk/U0/ACTIVE_LOW_BSR_OUT_DFF[0].FDRE_BSR_N/C
                            (rising edge-triggered cell FDRE clocked by sys_clk_pin  {rise@0.000ns fall@4.000ns period=8.000ns})
  Destination:            design_1_i/smartconnect_0/inst/s00_nodes/s00_aw_node/inst/s_sc_xpm_cdc_async_rst_inst/arststages_ff_reg[0]/CLR
                            (removal check against rising-edge clock sys_clk_pin  {rise@0.000ns fall@4.000ns period=8.000ns})
  Path Group:             (none)
  Path Type:              Removal (Min at Fast Process Corner)
  Data Path Delay:        0.736ns  (logic 0.208ns (28.244%)  route 0.528ns (71.756%))
  Logic Levels:           1  (LUT1=1)
  Clock Path Skew:        0.529ns (DCD - SCD - CPR)
    Destination Clock Delay (DCD):    2.278ns
    Source Clock Delay      (SCD):    1.748ns
    Clock Pessimism Removal (CPR):    -0.000ns
  Clock Uncertainty:      0.035ns  ((TSJ^2 + TIJ^2)^1/2 + DJ) / 2 + PE
    Total System Jitter     (TSJ):    0.071ns
    Total Input Jitter      (TIJ):    0.000ns
    Discrete Jitter          (DJ):    0.000ns
    Phase Error              (PE):    0.000ns
  Timing Exception:       False Path

    Location             Delay type                Incr(ns)  Path(ns)    Netlist Resource(s)
  -------------------------------------------------------------------    -------------------
                         (clock sys_clk_pin rise edge)
                                                      0.000     0.000 r  
    K17                                               0.000     0.000 r  clk (IN)
                         net (fo=0)                   0.000     0.000    clk
    K17                  IBUF (Prop_ibuf_I_O)         0.243     0.243 r  clk_IBUF_inst/O
                         net (fo=1, routed)           0.842     1.084    clk_IBUF
    BUFGCTRL_X0Y16       BUFG (Prop_bufg_I_O)         0.026     1.110 r  clk_IBUF_BUFG_inst/O
                         net (fo=3870, routed)        0.638     1.748    design_1_i/smartconnect_0/inst/clk_map/psr_aclk/U0/aclk
    SLICE_X46Y106        FDRE                                         r  design_1_i/smartconnect_0/inst/clk_map/psr_aclk/U0/ACTIVE_LOW_BSR_OUT_DFF[0].FDRE_BSR_N/C
  -------------------------------------------------------------------    -------------------
    SLICE_X46Y106        FDRE (Prop_fdre_C_Q)         0.164     1.912 r  design_1_i/smartconnect_0/inst/clk_map/psr_aclk/U0/ACTIVE_LOW_BSR_OUT_DFF[0].FDRE_BSR_N/Q
                         net (fo=9, routed)           0.362     2.275    design_1_i/smartconnect_0/inst/s00_nodes/s00_aw_node/inst/s_sc_xpm_cdc_async_rst_inst/src_arst
    SLICE_X50Y100        LUT1 (Prop_lut1_I0_O)        0.044     2.319 f  design_1_i/smartconnect_0/inst/s00_nodes/s00_aw_node/inst/s_sc_xpm_cdc_async_rst_inst/arststages_ff[2]_i_1/O
                         net (fo=3, routed)           0.166     2.485    design_1_i/smartconnect_0/inst/s00_nodes/s00_aw_node/inst/s_sc_xpm_cdc_async_rst_inst/reset_pol
    SLICE_X48Y100        FDCE                                         f  design_1_i/smartconnect_0/inst/s00_nodes/s00_aw_node/inst/s_sc_xpm_cdc_async_rst_inst/arststages_ff_reg[0]/CLR
  -------------------------------------------------------------------    -------------------

                         (clock sys_clk_pin rise edge)
                                                      0.000     0.000 r  
    K17                                               0.000     0.000 r  clk (IN)
                         net (fo=0)                   0.000     0.000    clk
    K17                  IBUF (Prop_ibuf_I_O)         0.431     0.431 r  clk_IBUF_inst/O
                         net (fo=1, routed)           0.907     1.338    clk_IBUF
    BUFGCTRL_X0Y16       BUFG (Prop_bufg_I_O)         0.029     1.367 r  clk_IBUF_BUFG_inst/O
                         net (fo=3870, routed)        0.911     2.278    design_1_i/smartconnect_0/inst/s00_nodes/s00_aw_node/inst/s_sc_xpm_cdc_async_rst_inst/dest_clk
    SLICE_X48Y100        FDCE                                         r  design_1_i/smartconnect_0/inst/s00_nodes/s00_aw_node/inst/s_sc_xpm_cdc_async_rst_inst/arststages_ff_reg[0]/C





--------------------------------------------------------------------------------------
Path Group:  (none)
From Clock:  
  To Clock:  

Max Delay             1 Endpoint
Min Delay             1 Endpoint
--------------------------------------------------------------------------------------


Max Delay Paths
--------------------------------------------------------------------------------------
Slack:                    inf
  Source:                 start_i
                            (input port)
  Destination:            design_1_i/top_mlp_0/inst/glbl_ctrl_inst/ns_reg[0]/D
  Path Group:             (none)
  Path Type:              Max at Slow Process Corner
  Data Path Delay:        8.333ns  (logic 1.737ns (20.844%)  route 6.596ns (79.156%))
  Logic Levels:           3  (IBUF=1 LUT5=2)

    Location             Delay type                Incr(ns)  Path(ns)    Netlist Resource(s)
  -------------------------------------------------------------------    -------------------
    K18                                               0.000     0.000 r  start_i (IN)
                         net (fo=0)                   0.000     0.000    start_i
    K18                  IBUF (Prop_ibuf_I_O)         1.489     1.489 r  start_i_IBUF_inst/O
                         net (fo=2, routed)           5.234     6.723    design_1_i/top_mlp_0/inst/glbl_ctrl_inst/start_i
    SLICE_X33Y65         LUT5 (Prop_lut5_I1_O)        0.124     6.847 r  design_1_i/top_mlp_0/inst/glbl_ctrl_inst/ns_reg[0]_i_2/O
                         net (fo=1, routed)           0.670     7.517    design_1_i/top_mlp_0/inst/glbl_ctrl_inst/ns_reg[0]_i_2_n_0
    SLICE_X33Y65         LUT5 (Prop_lut5_I0_O)        0.124     7.641 r  design_1_i/top_mlp_0/inst/glbl_ctrl_inst/ns_reg[0]_i_1/O
                         net (fo=1, routed)           0.691     8.333    design_1_i/top_mlp_0/inst/glbl_ctrl_inst/ns__0[0]
    SLICE_X28Y65         LDCE                                         r  design_1_i/top_mlp_0/inst/glbl_ctrl_inst/ns_reg[0]/D
  -------------------------------------------------------------------    -------------------





Min Delay Paths
--------------------------------------------------------------------------------------
Slack:                    inf
  Source:                 start_i
                            (input port)
  Destination:            design_1_i/top_mlp_0/inst/glbl_ctrl_inst/ns_reg[0]/D
  Path Group:             (none)
  Path Type:              Min at Fast Process Corner
  Data Path Delay:        3.131ns  (logic 0.347ns (11.070%)  route 2.785ns (88.930%))
  Logic Levels:           3  (IBUF=1 LUT5=1 LUT6=1)

    Location             Delay type                Incr(ns)  Path(ns)    Netlist Resource(s)
  -------------------------------------------------------------------    -------------------
    K18                                               0.000     0.000 r  start_i (IN)
                         net (fo=0)                   0.000     0.000    start_i
    K18                  IBUF (Prop_ibuf_I_O)         0.257     0.257 r  start_i_IBUF_inst/O
                         net (fo=2, routed)           2.337     2.593    design_1_i/top_mlp_0/inst/glbl_ctrl_inst/start_i
    SLICE_X33Y65         LUT6 (Prop_lut6_I5_O)        0.045     2.638 r  design_1_i/top_mlp_0/inst/glbl_ctrl_inst/ns_reg[0]_i_4/O
                         net (fo=1, routed)           0.159     2.797    design_1_i/top_mlp_0/inst/glbl_ctrl_inst/ns_reg[0]_i_4_n_0
    SLICE_X33Y65         LUT5 (Prop_lut5_I4_O)        0.045     2.842 r  design_1_i/top_mlp_0/inst/glbl_ctrl_inst/ns_reg[0]_i_1/O
                         net (fo=1, routed)           0.289     3.131    design_1_i/top_mlp_0/inst/glbl_ctrl_inst/ns__0[0]
    SLICE_X28Y65         LDCE                                         r  design_1_i/top_mlp_0/inst/glbl_ctrl_inst/ns_reg[0]/D
  -------------------------------------------------------------------    -------------------





--------------------------------------------------------------------------------------
Path Group:  (none)
From Clock:  sys_clk_pin
  To Clock:  

Max Delay             5 Endpoints
Min Delay             5 Endpoints
--------------------------------------------------------------------------------------


Max Delay Paths
--------------------------------------------------------------------------------------
Slack:                    inf
  Source:                 design_1_i/top_mlp_0/inst/glbl_ctrl_inst/r_done_intr_reg/C
                            (rising edge-triggered cell FDCE clocked by sys_clk_pin  {rise@0.000ns fall@4.000ns period=8.000ns})
  Destination:            done_led_o
                            (output port)
  Path Group:             (none)
  Path Type:              Max at Slow Process Corner
  Data Path Delay:        9.700ns  (logic 4.039ns (41.636%)  route 5.661ns (58.364%))
  Logic Levels:           1  (OBUF=1)
  Clock Uncertainty:      0.025ns  ((TSJ^2 + TIJ^2)^1/2 + DJ) / 2 + PE
    Total System Jitter     (TSJ):    0.050ns
    Total Input Jitter      (TIJ):    0.000ns
    Discrete Jitter          (DJ):    0.000ns
    Phase Error              (PE):    0.000ns

    Location             Delay type                Incr(ns)  Path(ns)    Netlist Resource(s)
  -------------------------------------------------------------------    -------------------
                         (clock sys_clk_pin rise edge)
                                                      0.000     0.000 r  
    K17                                               0.000     0.000 r  clk (IN)
                         net (fo=0)                   0.000     0.000    clk
    K17                  IBUF (Prop_ibuf_I_O)         1.475     1.475 r  clk_IBUF_inst/O
                         net (fo=1, routed)           2.522     3.997    clk_IBUF
    BUFGCTRL_X0Y16       BUFG (Prop_bufg_I_O)         0.101     4.098 r  clk_IBUF_BUFG_inst/O
                         net (fo=3870, routed)        1.694     5.792    design_1_i/top_mlp_0/inst/glbl_ctrl_inst/clk
    SLICE_X28Y64         FDCE                                         r  design_1_i/top_mlp_0/inst/glbl_ctrl_inst/r_done_intr_reg/C
  -------------------------------------------------------------------    -------------------
    SLICE_X28Y64         FDCE (Prop_fdce_C_Q)         0.456     6.248 r  design_1_i/top_mlp_0/inst/glbl_ctrl_inst/r_done_intr_reg/Q
                         net (fo=3, routed)           5.661    11.909    done_led_o_OBUF
    M15                  OBUF (Prop_obuf_I_O)         3.583    15.492 r  done_led_o_OBUF_inst/O
                         net (fo=0)                   0.000    15.492    done_led_o
    M15                                                               r  done_led_o (OUT)
  -------------------------------------------------------------------    -------------------

Slack:                    inf
  Source:                 design_1_i/top_mlp_0/inst/glbl_ctrl_inst/colcounter_reg[0]/C
                            (rising edge-triggered cell FDCE clocked by sys_clk_pin  {rise@0.000ns fall@4.000ns period=8.000ns})
  Destination:            design_1_i/top_mlp_0/inst/glbl_ctrl_inst/ns_reg[0]/D
  Path Group:             (none)
  Path Type:              Max at Slow Process Corner
  Data Path Delay:        5.588ns  (logic 1.188ns (21.258%)  route 4.400ns (78.742%))
  Logic Levels:           4  (LUT4=1 LUT5=3)
  Clock Uncertainty:      0.025ns  ((TSJ^2 + TIJ^2)^1/2 + DJ) / 2 + PE
    Total System Jitter     (TSJ):    0.050ns
    Total Input Jitter      (TIJ):    0.000ns
    Discrete Jitter          (DJ):    0.000ns
    Phase Error              (PE):    0.000ns

    Location             Delay type                Incr(ns)  Path(ns)    Netlist Resource(s)
  -------------------------------------------------------------------    -------------------
                         (clock sys_clk_pin rise edge)
                                                      0.000     0.000 r  
    K17                                               0.000     0.000 r  clk (IN)
                         net (fo=0)                   0.000     0.000    clk
    K17                  IBUF (Prop_ibuf_I_O)         1.475     1.475 r  clk_IBUF_inst/O
                         net (fo=1, routed)           2.522     3.997    clk_IBUF
    BUFGCTRL_X0Y16       BUFG (Prop_bufg_I_O)         0.101     4.098 r  clk_IBUF_BUFG_inst/O
                         net (fo=3870, routed)        1.696     5.794    design_1_i/top_mlp_0/inst/glbl_ctrl_inst/clk
    SLICE_X29Y61         FDCE                                         r  design_1_i/top_mlp_0/inst/glbl_ctrl_inst/colcounter_reg[0]/C
  -------------------------------------------------------------------    -------------------
    SLICE_X29Y61         FDCE (Prop_fdce_C_Q)         0.456     6.250 r  design_1_i/top_mlp_0/inst/glbl_ctrl_inst/colcounter_reg[0]/Q
                         net (fo=14, routed)          1.026     7.275    design_1_i/top_mlp_0/inst/glbl_ctrl_inst/colcounter[0]
    SLICE_X29Y63         LUT4 (Prop_lut4_I1_O)        0.152     7.427 r  design_1_i/top_mlp_0/inst/glbl_ctrl_inst/ns_reg[2]_i_4/O
                         net (fo=4, routed)           0.829     8.256    design_1_i/top_mlp_0/inst/glbl_ctrl_inst/ns_reg[2]_i_4_n_0
    SLICE_X30Y63         LUT5 (Prop_lut5_I0_O)        0.332     8.588 r  design_1_i/top_mlp_0/inst/glbl_ctrl_inst/ns_reg[0]_i_7/O
                         net (fo=2, routed)           1.056     9.644    design_1_i/top_mlp_0/inst/glbl_ctrl_inst/ns_reg[0]_i_7_n_0
    SLICE_X33Y64         LUT5 (Prop_lut5_I2_O)        0.124     9.768 r  design_1_i/top_mlp_0/inst/glbl_ctrl_inst/ns_reg[0]_i_3/O
                         net (fo=1, routed)           0.799    10.567    design_1_i/top_mlp_0/inst/glbl_ctrl_inst/ns_reg[0]_i_3_n_0
    SLICE_X33Y65         LUT5 (Prop_lut5_I2_O)        0.124    10.691 r  design_1_i/top_mlp_0/inst/glbl_ctrl_inst/ns_reg[0]_i_1/O
                         net (fo=1, routed)           0.691    11.382    design_1_i/top_mlp_0/inst/glbl_ctrl_inst/ns__0[0]
    SLICE_X28Y65         LDCE                                         r  design_1_i/top_mlp_0/inst/glbl_ctrl_inst/ns_reg[0]/D
  -------------------------------------------------------------------    -------------------

Slack:                    inf
  Source:                 design_1_i/top_mlp_0/inst/glbl_ctrl_inst/colcounter_reg[5]/C
                            (rising edge-triggered cell FDCE clocked by sys_clk_pin  {rise@0.000ns fall@4.000ns period=8.000ns})
  Destination:            design_1_i/top_mlp_0/inst/glbl_ctrl_inst/ns_reg[3]/D
  Path Group:             (none)
  Path Type:              Max at Slow Process Corner
  Data Path Delay:        4.920ns  (logic 1.196ns (24.309%)  route 3.724ns (75.691%))
  Logic Levels:           3  (LUT2=1 LUT6=2)
  Clock Uncertainty:      0.025ns  ((TSJ^2 + TIJ^2)^1/2 + DJ) / 2 + PE
    Total System Jitter     (TSJ):    0.050ns
    Total Input Jitter      (TIJ):    0.000ns
    Discrete Jitter          (DJ):    0.000ns
    Phase Error              (PE):    0.000ns

    Location             Delay type                Incr(ns)  Path(ns)    Netlist Resource(s)
  -------------------------------------------------------------------    -------------------
                         (clock sys_clk_pin rise edge)
                                                      0.000     0.000 r  
    K17                                               0.000     0.000 r  clk (IN)
                         net (fo=0)                   0.000     0.000    clk
    K17                  IBUF (Prop_ibuf_I_O)         1.475     1.475 r  clk_IBUF_inst/O
                         net (fo=1, routed)           2.522     3.997    clk_IBUF
    BUFGCTRL_X0Y16       BUFG (Prop_bufg_I_O)         0.101     4.098 r  clk_IBUF_BUFG_inst/O
                         net (fo=3870, routed)        1.696     5.794    design_1_i/top_mlp_0/inst/glbl_ctrl_inst/clk
    SLICE_X29Y61         FDCE                                         r  design_1_i/top_mlp_0/inst/glbl_ctrl_inst/colcounter_reg[5]/C
  -------------------------------------------------------------------    -------------------
    SLICE_X29Y61         FDCE (Prop_fdce_C_Q)         0.419     6.213 f  design_1_i/top_mlp_0/inst/glbl_ctrl_inst/colcounter_reg[5]/Q
                         net (fo=13, routed)          1.495     7.707    design_1_i/top_mlp_0/inst/glbl_ctrl_inst/colcounter[5]
    SLICE_X31Y62         LUT2 (Prop_lut2_I1_O)        0.327     8.034 f  design_1_i/top_mlp_0/inst/glbl_ctrl_inst/ns_reg[3]_i_6/O
                         net (fo=1, routed)           0.797     8.831    design_1_i/top_mlp_0/inst/glbl_ctrl_inst/ns_reg[3]_i_6_n_0
    SLICE_X30Y63         LUT6 (Prop_lut6_I4_O)        0.326     9.157 f  design_1_i/top_mlp_0/inst/glbl_ctrl_inst/ns_reg[3]_i_4/O
                         net (fo=1, routed)           0.791     9.948    design_1_i/top_mlp_0/inst/glbl_ctrl_inst/ns_reg[3]_i_4_n_0
    SLICE_X29Y63         LUT6 (Prop_lut6_I1_O)        0.124    10.072 r  design_1_i/top_mlp_0/inst/glbl_ctrl_inst/ns_reg[3]_i_1/O
                         net (fo=1, routed)           0.642    10.714    design_1_i/top_mlp_0/inst/glbl_ctrl_inst/ns__0[3]
    SLICE_X28Y63         LDCE                                         r  design_1_i/top_mlp_0/inst/glbl_ctrl_inst/ns_reg[3]/D
  -------------------------------------------------------------------    -------------------

Slack:                    inf
  Source:                 design_1_i/top_mlp_0/inst/glbl_ctrl_inst/colcounter_reg[3]/C
                            (rising edge-triggered cell FDCE clocked by sys_clk_pin  {rise@0.000ns fall@4.000ns period=8.000ns})
  Destination:            design_1_i/top_mlp_0/inst/glbl_ctrl_inst/ns_reg[1]/D
  Path Group:             (none)
  Path Type:              Max at Slow Process Corner
  Data Path Delay:        4.173ns  (logic 0.828ns (19.840%)  route 3.345ns (80.160%))
  Logic Levels:           3  (LUT4=1 LUT6=2)
  Clock Uncertainty:      0.025ns  ((TSJ^2 + TIJ^2)^1/2 + DJ) / 2 + PE
    Total System Jitter     (TSJ):    0.050ns
    Total Input Jitter      (TIJ):    0.000ns
    Discrete Jitter          (DJ):    0.000ns
    Phase Error              (PE):    0.000ns

    Location             Delay type                Incr(ns)  Path(ns)    Netlist Resource(s)
  -------------------------------------------------------------------    -------------------
                         (clock sys_clk_pin rise edge)
                                                      0.000     0.000 r  
    K17                                               0.000     0.000 r  clk (IN)
                         net (fo=0)                   0.000     0.000    clk
    K17                  IBUF (Prop_ibuf_I_O)         1.475     1.475 r  clk_IBUF_inst/O
                         net (fo=1, routed)           2.522     3.997    clk_IBUF
    BUFGCTRL_X0Y16       BUFG (Prop_bufg_I_O)         0.101     4.098 r  clk_IBUF_BUFG_inst/O
                         net (fo=3870, routed)        1.694     5.792    design_1_i/top_mlp_0/inst/glbl_ctrl_inst/clk
    SLICE_X29Y63         FDCE                                         r  design_1_i/top_mlp_0/inst/glbl_ctrl_inst/colcounter_reg[3]/C
  -------------------------------------------------------------------    -------------------
    SLICE_X29Y63         FDCE (Prop_fdce_C_Q)         0.456     6.248 f  design_1_i/top_mlp_0/inst/glbl_ctrl_inst/colcounter_reg[3]/Q
                         net (fo=12, routed)          1.488     7.736    design_1_i/top_mlp_0/inst/glbl_ctrl_inst/colcounter[3]
    SLICE_X31Y61         LUT4 (Prop_lut4_I0_O)        0.124     7.860 r  design_1_i/top_mlp_0/inst/glbl_ctrl_inst/ns_reg[2]_i_5/O
                         net (fo=1, routed)           0.421     8.282    design_1_i/top_mlp_0/inst/glbl_ctrl_inst/ns_reg[2]_i_5_n_0
    SLICE_X28Y61         LUT6 (Prop_lut6_I0_O)        0.124     8.406 r  design_1_i/top_mlp_0/inst/glbl_ctrl_inst/ns_reg[2]_i_3/O
                         net (fo=2, routed)           0.790     9.196    design_1_i/top_mlp_0/inst/glbl_ctrl_inst/ns_reg[2]_i_3_n_0
    SLICE_X28Y63         LUT6 (Prop_lut6_I1_O)        0.124     9.320 r  design_1_i/top_mlp_0/inst/glbl_ctrl_inst/ns_reg[1]_i_1/O
                         net (fo=1, routed)           0.646     9.965    design_1_i/top_mlp_0/inst/glbl_ctrl_inst/ns_reg[1]_i_1_n_0
    SLICE_X28Y63         LDCE                                         r  design_1_i/top_mlp_0/inst/glbl_ctrl_inst/ns_reg[1]/D
  -------------------------------------------------------------------    -------------------

Slack:                    inf
  Source:                 design_1_i/top_mlp_0/inst/glbl_ctrl_inst/colcounter_reg[3]/C
                            (rising edge-triggered cell FDCE clocked by sys_clk_pin  {rise@0.000ns fall@4.000ns period=8.000ns})
  Destination:            design_1_i/top_mlp_0/inst/glbl_ctrl_inst/ns_reg[2]/D
  Path Group:             (none)
  Path Type:              Max at Slow Process Corner
  Data Path Delay:        3.873ns  (logic 0.828ns (21.377%)  route 3.045ns (78.623%))
  Logic Levels:           3  (LUT4=1 LUT5=1 LUT6=1)
  Clock Uncertainty:      0.025ns  ((TSJ^2 + TIJ^2)^1/2 + DJ) / 2 + PE
    Total System Jitter     (TSJ):    0.050ns
    Total Input Jitter      (TIJ):    0.000ns
    Discrete Jitter          (DJ):    0.000ns
    Phase Error              (PE):    0.000ns

    Location             Delay type                Incr(ns)  Path(ns)    Netlist Resource(s)
  -------------------------------------------------------------------    -------------------
                         (clock sys_clk_pin rise edge)
                                                      0.000     0.000 r  
    K17                                               0.000     0.000 r  clk (IN)
                         net (fo=0)                   0.000     0.000    clk
    K17                  IBUF (Prop_ibuf_I_O)         1.475     1.475 r  clk_IBUF_inst/O
                         net (fo=1, routed)           2.522     3.997    clk_IBUF
    BUFGCTRL_X0Y16       BUFG (Prop_bufg_I_O)         0.101     4.098 r  clk_IBUF_BUFG_inst/O
                         net (fo=3870, routed)        1.694     5.792    design_1_i/top_mlp_0/inst/glbl_ctrl_inst/clk
    SLICE_X29Y63         FDCE                                         r  design_1_i/top_mlp_0/inst/glbl_ctrl_inst/colcounter_reg[3]/C
  -------------------------------------------------------------------    -------------------
    SLICE_X29Y63         FDCE (Prop_fdce_C_Q)         0.456     6.248 f  design_1_i/top_mlp_0/inst/glbl_ctrl_inst/colcounter_reg[3]/Q
                         net (fo=12, routed)          1.488     7.736    design_1_i/top_mlp_0/inst/glbl_ctrl_inst/colcounter[3]
    SLICE_X31Y61         LUT4 (Prop_lut4_I0_O)        0.124     7.860 r  design_1_i/top_mlp_0/inst/glbl_ctrl_inst/ns_reg[2]_i_5/O
                         net (fo=1, routed)           0.421     8.282    design_1_i/top_mlp_0/inst/glbl_ctrl_inst/ns_reg[2]_i_5_n_0
    SLICE_X28Y61         LUT6 (Prop_lut6_I0_O)        0.124     8.406 r  design_1_i/top_mlp_0/inst/glbl_ctrl_inst/ns_reg[2]_i_3/O
                         net (fo=2, routed)           0.568     8.973    design_1_i/top_mlp_0/inst/glbl_ctrl_inst/ns_reg[2]_i_3_n_0
    SLICE_X28Y63         LUT5 (Prop_lut5_I4_O)        0.124     9.097 r  design_1_i/top_mlp_0/inst/glbl_ctrl_inst/ns_reg[2]_i_1/O
                         net (fo=1, routed)           0.568     9.665    design_1_i/top_mlp_0/inst/glbl_ctrl_inst/ns__0[2]
    SLICE_X28Y63         LDCE                                         r  design_1_i/top_mlp_0/inst/glbl_ctrl_inst/ns_reg[2]/D
  -------------------------------------------------------------------    -------------------





Min Delay Paths
--------------------------------------------------------------------------------------
Slack:                    inf
  Source:                 design_1_i/top_mlp_0/inst/glbl_ctrl_inst/ps_reg[2]/C
                            (rising edge-triggered cell FDCE clocked by sys_clk_pin  {rise@0.000ns fall@4.000ns period=8.000ns})
  Destination:            design_1_i/top_mlp_0/inst/glbl_ctrl_inst/ns_reg[3]/D
  Path Group:             (none)
  Path Type:              Min at Fast Process Corner
  Data Path Delay:        0.633ns  (logic 0.186ns (29.385%)  route 0.447ns (70.615%))
  Logic Levels:           1  (LUT6=1)
  Clock Uncertainty:      0.025ns  ((TSJ^2 + TIJ^2)^1/2 + DJ) / 2 + PE
    Total System Jitter     (TSJ):    0.050ns
    Total Input Jitter      (TIJ):    0.000ns
    Discrete Jitter          (DJ):    0.000ns
    Phase Error              (PE):    0.000ns

    Location             Delay type                Incr(ns)  Path(ns)    Netlist Resource(s)
  -------------------------------------------------------------------    -------------------
                         (clock sys_clk_pin rise edge)
                                                      0.000     0.000 r  
    K17                                               0.000     0.000 r  clk (IN)
                         net (fo=0)                   0.000     0.000    clk
    K17                  IBUF (Prop_ibuf_I_O)         0.243     0.243 r  clk_IBUF_inst/O
                         net (fo=1, routed)           0.842     1.084    clk_IBUF
    BUFGCTRL_X0Y16       BUFG (Prop_bufg_I_O)         0.026     1.110 r  clk_IBUF_BUFG_inst/O
                         net (fo=3870, routed)        0.573     1.683    design_1_i/top_mlp_0/inst/glbl_ctrl_inst/clk
    SLICE_X28Y62         FDCE                                         r  design_1_i/top_mlp_0/inst/glbl_ctrl_inst/ps_reg[2]/C
  -------------------------------------------------------------------    -------------------
    SLICE_X28Y62         FDCE (Prop_fdce_C_Q)         0.141     1.824 r  design_1_i/top_mlp_0/inst/glbl_ctrl_inst/ps_reg[2]/Q
                         net (fo=79, routed)          0.219     2.043    design_1_i/top_mlp_0/inst/glbl_ctrl_inst/ps[2]
    SLICE_X29Y63         LUT6 (Prop_lut6_I3_O)        0.045     2.088 r  design_1_i/top_mlp_0/inst/glbl_ctrl_inst/ns_reg[3]_i_1/O
                         net (fo=1, routed)           0.228     2.316    design_1_i/top_mlp_0/inst/glbl_ctrl_inst/ns__0[3]
    SLICE_X28Y63         LDCE                                         r  design_1_i/top_mlp_0/inst/glbl_ctrl_inst/ns_reg[3]/D
  -------------------------------------------------------------------    -------------------

Slack:                    inf
  Source:                 design_1_i/top_mlp_0/inst/glbl_ctrl_inst/ps_reg[1]/C
                            (rising edge-triggered cell FDCE clocked by sys_clk_pin  {rise@0.000ns fall@4.000ns period=8.000ns})
  Destination:            design_1_i/top_mlp_0/inst/glbl_ctrl_inst/ns_reg[1]/D
  Path Group:             (none)
  Path Type:              Min at Fast Process Corner
  Data Path Delay:        0.721ns  (logic 0.186ns (25.784%)  route 0.535ns (74.215%))
  Logic Levels:           1  (LUT6=1)
  Clock Uncertainty:      0.025ns  ((TSJ^2 + TIJ^2)^1/2 + DJ) / 2 + PE
    Total System Jitter     (TSJ):    0.050ns
    Total Input Jitter      (TIJ):    0.000ns
    Discrete Jitter          (DJ):    0.000ns
    Phase Error              (PE):    0.000ns

    Location             Delay type                Incr(ns)  Path(ns)    Netlist Resource(s)
  -------------------------------------------------------------------    -------------------
                         (clock sys_clk_pin rise edge)
                                                      0.000     0.000 r  
    K17                                               0.000     0.000 r  clk (IN)
                         net (fo=0)                   0.000     0.000    clk
    K17                  IBUF (Prop_ibuf_I_O)         0.243     0.243 r  clk_IBUF_inst/O
                         net (fo=1, routed)           0.842     1.084    clk_IBUF
    BUFGCTRL_X0Y16       BUFG (Prop_bufg_I_O)         0.026     1.110 r  clk_IBUF_BUFG_inst/O
                         net (fo=3870, routed)        0.573     1.683    design_1_i/top_mlp_0/inst/glbl_ctrl_inst/clk
    SLICE_X28Y62         FDCE                                         r  design_1_i/top_mlp_0/inst/glbl_ctrl_inst/ps_reg[1]/C
  -------------------------------------------------------------------    -------------------
    SLICE_X28Y62         FDCE (Prop_fdce_C_Q)         0.141     1.824 r  design_1_i/top_mlp_0/inst/glbl_ctrl_inst/ps_reg[1]/Q
                         net (fo=72, routed)          0.304     2.128    design_1_i/top_mlp_0/inst/glbl_ctrl_inst/ps[1]
    SLICE_X28Y63         LUT6 (Prop_lut6_I2_O)        0.045     2.173 r  design_1_i/top_mlp_0/inst/glbl_ctrl_inst/ns_reg[1]_i_1/O
                         net (fo=1, routed)           0.232     2.404    design_1_i/top_mlp_0/inst/glbl_ctrl_inst/ns_reg[1]_i_1_n_0
    SLICE_X28Y63         LDCE                                         r  design_1_i/top_mlp_0/inst/glbl_ctrl_inst/ns_reg[1]/D
  -------------------------------------------------------------------    -------------------

Slack:                    inf
  Source:                 design_1_i/top_mlp_0/inst/glbl_ctrl_inst/ps_reg[3]/C
                            (rising edge-triggered cell FDCE clocked by sys_clk_pin  {rise@0.000ns fall@4.000ns period=8.000ns})
  Destination:            design_1_i/top_mlp_0/inst/glbl_ctrl_inst/ns_reg[2]/D
  Path Group:             (none)
  Path Type:              Min at Fast Process Corner
  Data Path Delay:        0.726ns  (logic 0.186ns (25.619%)  route 0.540ns (74.381%))
  Logic Levels:           1  (LUT5=1)
  Clock Uncertainty:      0.025ns  ((TSJ^2 + TIJ^2)^1/2 + DJ) / 2 + PE
    Total System Jitter     (TSJ):    0.050ns
    Total Input Jitter      (TIJ):    0.000ns
    Discrete Jitter          (DJ):    0.000ns
    Phase Error              (PE):    0.000ns

    Location             Delay type                Incr(ns)  Path(ns)    Netlist Resource(s)
  -------------------------------------------------------------------    -------------------
                         (clock sys_clk_pin rise edge)
                                                      0.000     0.000 r  
    K17                                               0.000     0.000 r  clk (IN)
                         net (fo=0)                   0.000     0.000    clk
    K17                  IBUF (Prop_ibuf_I_O)         0.243     0.243 r  clk_IBUF_inst/O
                         net (fo=1, routed)           0.842     1.084    clk_IBUF
    BUFGCTRL_X0Y16       BUFG (Prop_bufg_I_O)         0.026     1.110 r  clk_IBUF_BUFG_inst/O
                         net (fo=3870, routed)        0.573     1.683    design_1_i/top_mlp_0/inst/glbl_ctrl_inst/clk
    SLICE_X28Y62         FDCE                                         r  design_1_i/top_mlp_0/inst/glbl_ctrl_inst/ps_reg[3]/C
  -------------------------------------------------------------------    -------------------
    SLICE_X28Y62         FDCE (Prop_fdce_C_Q)         0.141     1.824 f  design_1_i/top_mlp_0/inst/glbl_ctrl_inst/ps_reg[3]/Q
                         net (fo=70, routed)          0.364     2.188    design_1_i/top_mlp_0/inst/glbl_ctrl_inst/ps[3]
    SLICE_X28Y63         LUT5 (Prop_lut5_I1_O)        0.045     2.233 r  design_1_i/top_mlp_0/inst/glbl_ctrl_inst/ns_reg[2]_i_1/O
                         net (fo=1, routed)           0.176     2.409    design_1_i/top_mlp_0/inst/glbl_ctrl_inst/ns__0[2]
    SLICE_X28Y63         LDCE                                         r  design_1_i/top_mlp_0/inst/glbl_ctrl_inst/ns_reg[2]/D
  -------------------------------------------------------------------    -------------------

Slack:                    inf
  Source:                 design_1_i/top_mlp_0/inst/pu_inst/r_prcss_done_reg/C
                            (rising edge-triggered cell FDCE clocked by sys_clk_pin  {rise@0.000ns fall@4.000ns period=8.000ns})
  Destination:            design_1_i/top_mlp_0/inst/glbl_ctrl_inst/ns_reg[0]/D
  Path Group:             (none)
  Path Type:              Min at Fast Process Corner
  Data Path Delay:        1.087ns  (logic 0.291ns (26.761%)  route 0.796ns (73.239%))
  Logic Levels:           2  (LUT5=1 LUT6=1)
  Clock Uncertainty:      0.025ns  ((TSJ^2 + TIJ^2)^1/2 + DJ) / 2 + PE
    Total System Jitter     (TSJ):    0.050ns
    Total Input Jitter      (TIJ):    0.000ns
    Discrete Jitter          (DJ):    0.000ns
    Phase Error              (PE):    0.000ns

    Location             Delay type                Incr(ns)  Path(ns)    Netlist Resource(s)
  -------------------------------------------------------------------    -------------------
                         (clock sys_clk_pin rise edge)
                                                      0.000     0.000 r  
    K17                                               0.000     0.000 r  clk (IN)
                         net (fo=0)                   0.000     0.000    clk
    K17                  IBUF (Prop_ibuf_I_O)         0.243     0.243 r  clk_IBUF_inst/O
                         net (fo=1, routed)           0.842     1.084    clk_IBUF
    BUFGCTRL_X0Y16       BUFG (Prop_bufg_I_O)         0.026     1.110 r  clk_IBUF_BUFG_inst/O
                         net (fo=3870, routed)        0.549     1.659    design_1_i/top_mlp_0/inst/pu_inst/clk
    SLICE_X36Y68         FDCE                                         r  design_1_i/top_mlp_0/inst/pu_inst/r_prcss_done_reg/C
  -------------------------------------------------------------------    -------------------
    SLICE_X36Y68         FDCE (Prop_fdce_C_Q)         0.148     1.807 r  design_1_i/top_mlp_0/inst/pu_inst/r_prcss_done_reg/Q
                         net (fo=5, routed)           0.349     2.156    design_1_i/top_mlp_0/inst/glbl_ctrl_inst/prcss_done
    SLICE_X33Y65         LUT6 (Prop_lut6_I1_O)        0.098     2.254 r  design_1_i/top_mlp_0/inst/glbl_ctrl_inst/ns_reg[0]_i_4/O
                         net (fo=1, routed)           0.159     2.412    design_1_i/top_mlp_0/inst/glbl_ctrl_inst/ns_reg[0]_i_4_n_0
    SLICE_X33Y65         LUT5 (Prop_lut5_I4_O)        0.045     2.457 r  design_1_i/top_mlp_0/inst/glbl_ctrl_inst/ns_reg[0]_i_1/O
                         net (fo=1, routed)           0.289     2.747    design_1_i/top_mlp_0/inst/glbl_ctrl_inst/ns__0[0]
    SLICE_X28Y65         LDCE                                         r  design_1_i/top_mlp_0/inst/glbl_ctrl_inst/ns_reg[0]/D
  -------------------------------------------------------------------    -------------------

Slack:                    inf
  Source:                 design_1_i/top_mlp_0/inst/glbl_ctrl_inst/r_done_intr_reg/C
                            (rising edge-triggered cell FDCE clocked by sys_clk_pin  {rise@0.000ns fall@4.000ns period=8.000ns})
  Destination:            done_led_o
                            (output port)
  Path Group:             (none)
  Path Type:              Min at Fast Process Corner
  Data Path Delay:        3.687ns  (logic 1.424ns (38.630%)  route 2.262ns (61.370%))
  Logic Levels:           1  (OBUF=1)
  Clock Uncertainty:      0.025ns  ((TSJ^2 + TIJ^2)^1/2 + DJ) / 2 + PE
    Total System Jitter     (TSJ):    0.050ns
    Total Input Jitter      (TIJ):    0.000ns
    Discrete Jitter          (DJ):    0.000ns
    Phase Error              (PE):    0.000ns

    Location             Delay type                Incr(ns)  Path(ns)    Netlist Resource(s)
  -------------------------------------------------------------------    -------------------
                         (clock sys_clk_pin rise edge)
                                                      0.000     0.000 r  
    K17                                               0.000     0.000 r  clk (IN)
                         net (fo=0)                   0.000     0.000    clk
    K17                  IBUF (Prop_ibuf_I_O)         0.243     0.243 r  clk_IBUF_inst/O
                         net (fo=1, routed)           0.842     1.084    clk_IBUF
    BUFGCTRL_X0Y16       BUFG (Prop_bufg_I_O)         0.026     1.110 r  clk_IBUF_BUFG_inst/O
                         net (fo=3870, routed)        0.572     1.682    design_1_i/top_mlp_0/inst/glbl_ctrl_inst/clk
    SLICE_X28Y64         FDCE                                         r  design_1_i/top_mlp_0/inst/glbl_ctrl_inst/r_done_intr_reg/C
  -------------------------------------------------------------------    -------------------
    SLICE_X28Y64         FDCE (Prop_fdce_C_Q)         0.141     1.823 r  design_1_i/top_mlp_0/inst/glbl_ctrl_inst/r_done_intr_reg/Q
                         net (fo=3, routed)           2.262     4.086    done_led_o_OBUF
    M15                  OBUF (Prop_obuf_I_O)         1.283     5.369 r  done_led_o_OBUF_inst/O
                         net (fo=0)                   0.000     5.369    done_led_o
    M15                                                               r  done_led_o (OUT)
  -------------------------------------------------------------------    -------------------





--------------------------------------------------------------------------------------
Path Group:  (none)
From Clock:  
  To Clock:  sys_clk_pin

Max Delay          2396 Endpoints
Min Delay          2396 Endpoints
--------------------------------------------------------------------------------------


Max Delay Paths
--------------------------------------------------------------------------------------
Slack:                    inf
  Source:                 rst_n
                            (input port)
  Destination:            design_1_i/top_mlp_0/inst/pu_inst/local_buffer_cal_reg[57][0]/CLR
                            (recovery check against rising-edge clock sys_clk_pin  {rise@0.000ns fall@4.000ns period=8.000ns})
  Path Group:             (none)
  Path Type:              Recovery (Max at Slow Process Corner)
  Data Path Delay:        18.696ns  (logic 1.592ns (8.513%)  route 17.104ns (91.487%))
  Logic Levels:           2  (IBUF=1 LUT1=1)
  Clock Path Skew:        5.244ns (DCD - SCD + CPR)
    Destination Clock Delay (DCD):    5.244ns
    Source Clock Delay      (SCD):    0.000ns
    Clock Pessimism Removal (CPR):    0.000ns
  Clock Uncertainty:      0.025ns  ((TSJ^2 + TIJ^2)^1/2 + DJ) / 2 + PE
    Total System Jitter     (TSJ):    0.050ns
    Total Input Jitter      (TIJ):    0.000ns
    Discrete Jitter          (DJ):    0.000ns
    Phase Error              (PE):    0.000ns

    Location             Delay type                Incr(ns)  Path(ns)    Netlist Resource(s)
  -------------------------------------------------------------------    -------------------
    G15                                               0.000     0.000 r  rst_n (IN)
                         net (fo=0)                   0.000     0.000    rst_n
    G15                  IBUF (Prop_ibuf_I_O)         1.468     1.468 r  rst_n_IBUF_inst/O
                         net (fo=32, routed)          5.819     7.286    design_1_i/top_mlp_0/inst/pu_inst/my_mac/rst_n
    SLICE_X35Y61         LUT1 (Prop_lut1_I0_O)        0.124     7.410 f  design_1_i/top_mlp_0/inst/pu_inst/my_mac/r_done_intr_i_2/O
                         net (fo=2197, routed)       11.285    18.696    design_1_i/top_mlp_0/inst/pu_inst/rst_n_0
    SLICE_X52Y68         FDCE                                         f  design_1_i/top_mlp_0/inst/pu_inst/local_buffer_cal_reg[57][0]/CLR
  -------------------------------------------------------------------    -------------------

                         (clock sys_clk_pin rise edge)
                                                      0.000     0.000 r  
    K17                                               0.000     0.000 r  clk (IN)
                         net (fo=0)                   0.000     0.000    clk
    K17                  IBUF (Prop_ibuf_I_O)         1.404     1.404 r  clk_IBUF_inst/O
                         net (fo=1, routed)           2.293     3.697    clk_IBUF
    BUFGCTRL_X0Y16       BUFG (Prop_bufg_I_O)         0.091     3.788 r  clk_IBUF_BUFG_inst/O
                         net (fo=3870, routed)        1.456     5.244    design_1_i/top_mlp_0/inst/pu_inst/clk
    SLICE_X52Y68         FDCE                                         r  design_1_i/top_mlp_0/inst/pu_inst/local_buffer_cal_reg[57][0]/C

Slack:                    inf
  Source:                 rst_n
                            (input port)
  Destination:            design_1_i/top_mlp_0/inst/pu_inst/local_buffer_cal_reg[57][7]/CLR
                            (recovery check against rising-edge clock sys_clk_pin  {rise@0.000ns fall@4.000ns period=8.000ns})
  Path Group:             (none)
  Path Type:              Recovery (Max at Slow Process Corner)
  Data Path Delay:        18.696ns  (logic 1.592ns (8.513%)  route 17.104ns (91.487%))
  Logic Levels:           2  (IBUF=1 LUT1=1)
  Clock Path Skew:        5.244ns (DCD - SCD + CPR)
    Destination Clock Delay (DCD):    5.244ns
    Source Clock Delay      (SCD):    0.000ns
    Clock Pessimism Removal (CPR):    0.000ns
  Clock Uncertainty:      0.025ns  ((TSJ^2 + TIJ^2)^1/2 + DJ) / 2 + PE
    Total System Jitter     (TSJ):    0.050ns
    Total Input Jitter      (TIJ):    0.000ns
    Discrete Jitter          (DJ):    0.000ns
    Phase Error              (PE):    0.000ns

    Location             Delay type                Incr(ns)  Path(ns)    Netlist Resource(s)
  -------------------------------------------------------------------    -------------------
    G15                                               0.000     0.000 r  rst_n (IN)
                         net (fo=0)                   0.000     0.000    rst_n
    G15                  IBUF (Prop_ibuf_I_O)         1.468     1.468 r  rst_n_IBUF_inst/O
                         net (fo=32, routed)          5.819     7.286    design_1_i/top_mlp_0/inst/pu_inst/my_mac/rst_n
    SLICE_X35Y61         LUT1 (Prop_lut1_I0_O)        0.124     7.410 f  design_1_i/top_mlp_0/inst/pu_inst/my_mac/r_done_intr_i_2/O
                         net (fo=2197, routed)       11.285    18.696    design_1_i/top_mlp_0/inst/pu_inst/rst_n_0
    SLICE_X52Y68         FDCE                                         f  design_1_i/top_mlp_0/inst/pu_inst/local_buffer_cal_reg[57][7]/CLR
  -------------------------------------------------------------------    -------------------

                         (clock sys_clk_pin rise edge)
                                                      0.000     0.000 r  
    K17                                               0.000     0.000 r  clk (IN)
                         net (fo=0)                   0.000     0.000    clk
    K17                  IBUF (Prop_ibuf_I_O)         1.404     1.404 r  clk_IBUF_inst/O
                         net (fo=1, routed)           2.293     3.697    clk_IBUF
    BUFGCTRL_X0Y16       BUFG (Prop_bufg_I_O)         0.091     3.788 r  clk_IBUF_BUFG_inst/O
                         net (fo=3870, routed)        1.456     5.244    design_1_i/top_mlp_0/inst/pu_inst/clk
    SLICE_X52Y68         FDCE                                         r  design_1_i/top_mlp_0/inst/pu_inst/local_buffer_cal_reg[57][7]/C

Slack:                    inf
  Source:                 rst_n
                            (input port)
  Destination:            design_1_i/top_mlp_0/inst/pu_inst/local_buffer_cal_reg[55][0]/CLR
                            (recovery check against rising-edge clock sys_clk_pin  {rise@0.000ns fall@4.000ns period=8.000ns})
  Path Group:             (none)
  Path Type:              Recovery (Max at Slow Process Corner)
  Data Path Delay:        18.691ns  (logic 1.592ns (8.515%)  route 17.100ns (91.485%))
  Logic Levels:           2  (IBUF=1 LUT1=1)
  Clock Path Skew:        5.244ns (DCD - SCD + CPR)
    Destination Clock Delay (DCD):    5.244ns
    Source Clock Delay      (SCD):    0.000ns
    Clock Pessimism Removal (CPR):    0.000ns
  Clock Uncertainty:      0.025ns  ((TSJ^2 + TIJ^2)^1/2 + DJ) / 2 + PE
    Total System Jitter     (TSJ):    0.050ns
    Total Input Jitter      (TIJ):    0.000ns
    Discrete Jitter          (DJ):    0.000ns
    Phase Error              (PE):    0.000ns

    Location             Delay type                Incr(ns)  Path(ns)    Netlist Resource(s)
  -------------------------------------------------------------------    -------------------
    G15                                               0.000     0.000 r  rst_n (IN)
                         net (fo=0)                   0.000     0.000    rst_n
    G15                  IBUF (Prop_ibuf_I_O)         1.468     1.468 r  rst_n_IBUF_inst/O
                         net (fo=32, routed)          5.819     7.286    design_1_i/top_mlp_0/inst/pu_inst/my_mac/rst_n
    SLICE_X35Y61         LUT1 (Prop_lut1_I0_O)        0.124     7.410 f  design_1_i/top_mlp_0/inst/pu_inst/my_mac/r_done_intr_i_2/O
                         net (fo=2197, routed)       11.281    18.691    design_1_i/top_mlp_0/inst/pu_inst/rst_n_0
    SLICE_X53Y68         FDCE                                         f  design_1_i/top_mlp_0/inst/pu_inst/local_buffer_cal_reg[55][0]/CLR
  -------------------------------------------------------------------    -------------------

                         (clock sys_clk_pin rise edge)
                                                      0.000     0.000 r  
    K17                                               0.000     0.000 r  clk (IN)
                         net (fo=0)                   0.000     0.000    clk
    K17                  IBUF (Prop_ibuf_I_O)         1.404     1.404 r  clk_IBUF_inst/O
                         net (fo=1, routed)           2.293     3.697    clk_IBUF
    BUFGCTRL_X0Y16       BUFG (Prop_bufg_I_O)         0.091     3.788 r  clk_IBUF_BUFG_inst/O
                         net (fo=3870, routed)        1.456     5.244    design_1_i/top_mlp_0/inst/pu_inst/clk
    SLICE_X53Y68         FDCE                                         r  design_1_i/top_mlp_0/inst/pu_inst/local_buffer_cal_reg[55][0]/C

Slack:                    inf
  Source:                 rst_n
                            (input port)
  Destination:            design_1_i/top_mlp_0/inst/pu_inst/local_buffer_cal_reg[63][0]/CLR
                            (recovery check against rising-edge clock sys_clk_pin  {rise@0.000ns fall@4.000ns period=8.000ns})
  Path Group:             (none)
  Path Type:              Recovery (Max at Slow Process Corner)
  Data Path Delay:        18.398ns  (logic 1.592ns (8.651%)  route 16.806ns (91.349%))
  Logic Levels:           2  (IBUF=1 LUT1=1)
  Clock Path Skew:        5.246ns (DCD - SCD + CPR)
    Destination Clock Delay (DCD):    5.246ns
    Source Clock Delay      (SCD):    0.000ns
    Clock Pessimism Removal (CPR):    0.000ns
  Clock Uncertainty:      0.025ns  ((TSJ^2 + TIJ^2)^1/2 + DJ) / 2 + PE
    Total System Jitter     (TSJ):    0.050ns
    Total Input Jitter      (TIJ):    0.000ns
    Discrete Jitter          (DJ):    0.000ns
    Phase Error              (PE):    0.000ns

    Location             Delay type                Incr(ns)  Path(ns)    Netlist Resource(s)
  -------------------------------------------------------------------    -------------------
    G15                                               0.000     0.000 r  rst_n (IN)
                         net (fo=0)                   0.000     0.000    rst_n
    G15                  IBUF (Prop_ibuf_I_O)         1.468     1.468 r  rst_n_IBUF_inst/O
                         net (fo=32, routed)          5.819     7.286    design_1_i/top_mlp_0/inst/pu_inst/my_mac/rst_n
    SLICE_X35Y61         LUT1 (Prop_lut1_I0_O)        0.124     7.410 f  design_1_i/top_mlp_0/inst/pu_inst/my_mac/r_done_intr_i_2/O
                         net (fo=2197, routed)       10.988    18.398    design_1_i/top_mlp_0/inst/pu_inst/rst_n_0
    SLICE_X52Y67         FDCE                                         f  design_1_i/top_mlp_0/inst/pu_inst/local_buffer_cal_reg[63][0]/CLR
  -------------------------------------------------------------------    -------------------

                         (clock sys_clk_pin rise edge)
                                                      0.000     0.000 r  
    K17                                               0.000     0.000 r  clk (IN)
                         net (fo=0)                   0.000     0.000    clk
    K17                  IBUF (Prop_ibuf_I_O)         1.404     1.404 r  clk_IBUF_inst/O
                         net (fo=1, routed)           2.293     3.697    clk_IBUF
    BUFGCTRL_X0Y16       BUFG (Prop_bufg_I_O)         0.091     3.788 r  clk_IBUF_BUFG_inst/O
                         net (fo=3870, routed)        1.458     5.246    design_1_i/top_mlp_0/inst/pu_inst/clk
    SLICE_X52Y67         FDCE                                         r  design_1_i/top_mlp_0/inst/pu_inst/local_buffer_cal_reg[63][0]/C

Slack:                    inf
  Source:                 rst_n
                            (input port)
  Destination:            design_1_i/top_mlp_0/inst/pu_inst/local_buffer_cal_reg[63][4]/CLR
                            (recovery check against rising-edge clock sys_clk_pin  {rise@0.000ns fall@4.000ns period=8.000ns})
  Path Group:             (none)
  Path Type:              Recovery (Max at Slow Process Corner)
  Data Path Delay:        18.398ns  (logic 1.592ns (8.651%)  route 16.806ns (91.349%))
  Logic Levels:           2  (IBUF=1 LUT1=1)
  Clock Path Skew:        5.246ns (DCD - SCD + CPR)
    Destination Clock Delay (DCD):    5.246ns
    Source Clock Delay      (SCD):    0.000ns
    Clock Pessimism Removal (CPR):    0.000ns
  Clock Uncertainty:      0.025ns  ((TSJ^2 + TIJ^2)^1/2 + DJ) / 2 + PE
    Total System Jitter     (TSJ):    0.050ns
    Total Input Jitter      (TIJ):    0.000ns
    Discrete Jitter          (DJ):    0.000ns
    Phase Error              (PE):    0.000ns

    Location             Delay type                Incr(ns)  Path(ns)    Netlist Resource(s)
  -------------------------------------------------------------------    -------------------
    G15                                               0.000     0.000 r  rst_n (IN)
                         net (fo=0)                   0.000     0.000    rst_n
    G15                  IBUF (Prop_ibuf_I_O)         1.468     1.468 r  rst_n_IBUF_inst/O
                         net (fo=32, routed)          5.819     7.286    design_1_i/top_mlp_0/inst/pu_inst/my_mac/rst_n
    SLICE_X35Y61         LUT1 (Prop_lut1_I0_O)        0.124     7.410 f  design_1_i/top_mlp_0/inst/pu_inst/my_mac/r_done_intr_i_2/O
                         net (fo=2197, routed)       10.988    18.398    design_1_i/top_mlp_0/inst/pu_inst/rst_n_0
    SLICE_X52Y67         FDCE                                         f  design_1_i/top_mlp_0/inst/pu_inst/local_buffer_cal_reg[63][4]/CLR
  -------------------------------------------------------------------    -------------------

                         (clock sys_clk_pin rise edge)
                                                      0.000     0.000 r  
    K17                                               0.000     0.000 r  clk (IN)
                         net (fo=0)                   0.000     0.000    clk
    K17                  IBUF (Prop_ibuf_I_O)         1.404     1.404 r  clk_IBUF_inst/O
                         net (fo=1, routed)           2.293     3.697    clk_IBUF
    BUFGCTRL_X0Y16       BUFG (Prop_bufg_I_O)         0.091     3.788 r  clk_IBUF_BUFG_inst/O
                         net (fo=3870, routed)        1.458     5.246    design_1_i/top_mlp_0/inst/pu_inst/clk
    SLICE_X52Y67         FDCE                                         r  design_1_i/top_mlp_0/inst/pu_inst/local_buffer_cal_reg[63][4]/C

Slack:                    inf
  Source:                 rst_n
                            (input port)
  Destination:            design_1_i/top_mlp_0/inst/pu_inst/local_buffer_cal_reg[63][7]/CLR
                            (recovery check against rising-edge clock sys_clk_pin  {rise@0.000ns fall@4.000ns period=8.000ns})
  Path Group:             (none)
  Path Type:              Recovery (Max at Slow Process Corner)
  Data Path Delay:        18.398ns  (logic 1.592ns (8.651%)  route 16.806ns (91.349%))
  Logic Levels:           2  (IBUF=1 LUT1=1)
  Clock Path Skew:        5.246ns (DCD - SCD + CPR)
    Destination Clock Delay (DCD):    5.246ns
    Source Clock Delay      (SCD):    0.000ns
    Clock Pessimism Removal (CPR):    0.000ns
  Clock Uncertainty:      0.025ns  ((TSJ^2 + TIJ^2)^1/2 + DJ) / 2 + PE
    Total System Jitter     (TSJ):    0.050ns
    Total Input Jitter      (TIJ):    0.000ns
    Discrete Jitter          (DJ):    0.000ns
    Phase Error              (PE):    0.000ns

    Location             Delay type                Incr(ns)  Path(ns)    Netlist Resource(s)
  -------------------------------------------------------------------    -------------------
    G15                                               0.000     0.000 r  rst_n (IN)
                         net (fo=0)                   0.000     0.000    rst_n
    G15                  IBUF (Prop_ibuf_I_O)         1.468     1.468 r  rst_n_IBUF_inst/O
                         net (fo=32, routed)          5.819     7.286    design_1_i/top_mlp_0/inst/pu_inst/my_mac/rst_n
    SLICE_X35Y61         LUT1 (Prop_lut1_I0_O)        0.124     7.410 f  design_1_i/top_mlp_0/inst/pu_inst/my_mac/r_done_intr_i_2/O
                         net (fo=2197, routed)       10.988    18.398    design_1_i/top_mlp_0/inst/pu_inst/rst_n_0
    SLICE_X52Y67         FDCE                                         f  design_1_i/top_mlp_0/inst/pu_inst/local_buffer_cal_reg[63][7]/CLR
  -------------------------------------------------------------------    -------------------

                         (clock sys_clk_pin rise edge)
                                                      0.000     0.000 r  
    K17                                               0.000     0.000 r  clk (IN)
                         net (fo=0)                   0.000     0.000    clk
    K17                  IBUF (Prop_ibuf_I_O)         1.404     1.404 r  clk_IBUF_inst/O
                         net (fo=1, routed)           2.293     3.697    clk_IBUF
    BUFGCTRL_X0Y16       BUFG (Prop_bufg_I_O)         0.091     3.788 r  clk_IBUF_BUFG_inst/O
                         net (fo=3870, routed)        1.458     5.246    design_1_i/top_mlp_0/inst/pu_inst/clk
    SLICE_X52Y67         FDCE                                         r  design_1_i/top_mlp_0/inst/pu_inst/local_buffer_cal_reg[63][7]/C

Slack:                    inf
  Source:                 rst_n
                            (input port)
  Destination:            design_1_i/top_mlp_0/inst/pu_inst/local_buffer_cal_reg[59][0]/CLR
                            (recovery check against rising-edge clock sys_clk_pin  {rise@0.000ns fall@4.000ns period=8.000ns})
  Path Group:             (none)
  Path Type:              Recovery (Max at Slow Process Corner)
  Data Path Delay:        18.393ns  (logic 1.592ns (8.653%)  route 16.802ns (91.347%))
  Logic Levels:           2  (IBUF=1 LUT1=1)
  Clock Path Skew:        5.246ns (DCD - SCD + CPR)
    Destination Clock Delay (DCD):    5.246ns
    Source Clock Delay      (SCD):    0.000ns
    Clock Pessimism Removal (CPR):    0.000ns
  Clock Uncertainty:      0.025ns  ((TSJ^2 + TIJ^2)^1/2 + DJ) / 2 + PE
    Total System Jitter     (TSJ):    0.050ns
    Total Input Jitter      (TIJ):    0.000ns
    Discrete Jitter          (DJ):    0.000ns
    Phase Error              (PE):    0.000ns

    Location             Delay type                Incr(ns)  Path(ns)    Netlist Resource(s)
  -------------------------------------------------------------------    -------------------
    G15                                               0.000     0.000 r  rst_n (IN)
                         net (fo=0)                   0.000     0.000    rst_n
    G15                  IBUF (Prop_ibuf_I_O)         1.468     1.468 r  rst_n_IBUF_inst/O
                         net (fo=32, routed)          5.819     7.286    design_1_i/top_mlp_0/inst/pu_inst/my_mac/rst_n
    SLICE_X35Y61         LUT1 (Prop_lut1_I0_O)        0.124     7.410 f  design_1_i/top_mlp_0/inst/pu_inst/my_mac/r_done_intr_i_2/O
                         net (fo=2197, routed)       10.983    18.393    design_1_i/top_mlp_0/inst/pu_inst/rst_n_0
    SLICE_X53Y67         FDCE                                         f  design_1_i/top_mlp_0/inst/pu_inst/local_buffer_cal_reg[59][0]/CLR
  -------------------------------------------------------------------    -------------------

                         (clock sys_clk_pin rise edge)
                                                      0.000     0.000 r  
    K17                                               0.000     0.000 r  clk (IN)
                         net (fo=0)                   0.000     0.000    clk
    K17                  IBUF (Prop_ibuf_I_O)         1.404     1.404 r  clk_IBUF_inst/O
                         net (fo=1, routed)           2.293     3.697    clk_IBUF
    BUFGCTRL_X0Y16       BUFG (Prop_bufg_I_O)         0.091     3.788 r  clk_IBUF_BUFG_inst/O
                         net (fo=3870, routed)        1.458     5.246    design_1_i/top_mlp_0/inst/pu_inst/clk
    SLICE_X53Y67         FDCE                                         r  design_1_i/top_mlp_0/inst/pu_inst/local_buffer_cal_reg[59][0]/C

Slack:                    inf
  Source:                 rst_n
                            (input port)
  Destination:            design_1_i/top_mlp_0/inst/pu_inst/local_buffer_cal_reg[58][2]/CLR
                            (recovery check against rising-edge clock sys_clk_pin  {rise@0.000ns fall@4.000ns period=8.000ns})
  Path Group:             (none)
  Path Type:              Recovery (Max at Slow Process Corner)
  Data Path Delay:        18.016ns  (logic 1.592ns (8.834%)  route 16.425ns (91.166%))
  Logic Levels:           2  (IBUF=1 LUT1=1)
  Clock Path Skew:        5.316ns (DCD - SCD + CPR)
    Destination Clock Delay (DCD):    5.316ns
    Source Clock Delay      (SCD):    0.000ns
    Clock Pessimism Removal (CPR):    0.000ns
  Clock Uncertainty:      0.025ns  ((TSJ^2 + TIJ^2)^1/2 + DJ) / 2 + PE
    Total System Jitter     (TSJ):    0.050ns
    Total Input Jitter      (TIJ):    0.000ns
    Discrete Jitter          (DJ):    0.000ns
    Phase Error              (PE):    0.000ns

    Location             Delay type                Incr(ns)  Path(ns)    Netlist Resource(s)
  -------------------------------------------------------------------    -------------------
    G15                                               0.000     0.000 r  rst_n (IN)
                         net (fo=0)                   0.000     0.000    rst_n
    G15                  IBUF (Prop_ibuf_I_O)         1.468     1.468 r  rst_n_IBUF_inst/O
                         net (fo=32, routed)          5.819     7.286    design_1_i/top_mlp_0/inst/pu_inst/my_mac/rst_n
    SLICE_X35Y61         LUT1 (Prop_lut1_I0_O)        0.124     7.410 f  design_1_i/top_mlp_0/inst/pu_inst/my_mac/r_done_intr_i_2/O
                         net (fo=2197, routed)       10.606    18.016    design_1_i/top_mlp_0/inst/pu_inst/rst_n_0
    SLICE_X55Y67         FDCE                                         f  design_1_i/top_mlp_0/inst/pu_inst/local_buffer_cal_reg[58][2]/CLR
  -------------------------------------------------------------------    -------------------

                         (clock sys_clk_pin rise edge)
                                                      0.000     0.000 r  
    K17                                               0.000     0.000 r  clk (IN)
                         net (fo=0)                   0.000     0.000    clk
    K17                  IBUF (Prop_ibuf_I_O)         1.404     1.404 r  clk_IBUF_inst/O
                         net (fo=1, routed)           2.293     3.697    clk_IBUF
    BUFGCTRL_X0Y16       BUFG (Prop_bufg_I_O)         0.091     3.788 r  clk_IBUF_BUFG_inst/O
                         net (fo=3870, routed)        1.528     5.316    design_1_i/top_mlp_0/inst/pu_inst/clk
    SLICE_X55Y67         FDCE                                         r  design_1_i/top_mlp_0/inst/pu_inst/local_buffer_cal_reg[58][2]/C

Slack:                    inf
  Source:                 rst_n
                            (input port)
  Destination:            design_1_i/top_mlp_0/inst/pu_inst/local_buffer_cal_reg[59][2]/CLR
                            (recovery check against rising-edge clock sys_clk_pin  {rise@0.000ns fall@4.000ns period=8.000ns})
  Path Group:             (none)
  Path Type:              Recovery (Max at Slow Process Corner)
  Data Path Delay:        18.016ns  (logic 1.592ns (8.834%)  route 16.425ns (91.166%))
  Logic Levels:           2  (IBUF=1 LUT1=1)
  Clock Path Skew:        5.316ns (DCD - SCD + CPR)
    Destination Clock Delay (DCD):    5.316ns
    Source Clock Delay      (SCD):    0.000ns
    Clock Pessimism Removal (CPR):    0.000ns
  Clock Uncertainty:      0.025ns  ((TSJ^2 + TIJ^2)^1/2 + DJ) / 2 + PE
    Total System Jitter     (TSJ):    0.050ns
    Total Input Jitter      (TIJ):    0.000ns
    Discrete Jitter          (DJ):    0.000ns
    Phase Error              (PE):    0.000ns

    Location             Delay type                Incr(ns)  Path(ns)    Netlist Resource(s)
  -------------------------------------------------------------------    -------------------
    G15                                               0.000     0.000 r  rst_n (IN)
                         net (fo=0)                   0.000     0.000    rst_n
    G15                  IBUF (Prop_ibuf_I_O)         1.468     1.468 r  rst_n_IBUF_inst/O
                         net (fo=32, routed)          5.819     7.286    design_1_i/top_mlp_0/inst/pu_inst/my_mac/rst_n
    SLICE_X35Y61         LUT1 (Prop_lut1_I0_O)        0.124     7.410 f  design_1_i/top_mlp_0/inst/pu_inst/my_mac/r_done_intr_i_2/O
                         net (fo=2197, routed)       10.606    18.016    design_1_i/top_mlp_0/inst/pu_inst/rst_n_0
    SLICE_X54Y67         FDCE                                         f  design_1_i/top_mlp_0/inst/pu_inst/local_buffer_cal_reg[59][2]/CLR
  -------------------------------------------------------------------    -------------------

                         (clock sys_clk_pin rise edge)
                                                      0.000     0.000 r  
    K17                                               0.000     0.000 r  clk (IN)
                         net (fo=0)                   0.000     0.000    clk
    K17                  IBUF (Prop_ibuf_I_O)         1.404     1.404 r  clk_IBUF_inst/O
                         net (fo=1, routed)           2.293     3.697    clk_IBUF
    BUFGCTRL_X0Y16       BUFG (Prop_bufg_I_O)         0.091     3.788 r  clk_IBUF_BUFG_inst/O
                         net (fo=3870, routed)        1.528     5.316    design_1_i/top_mlp_0/inst/pu_inst/clk
    SLICE_X54Y67         FDCE                                         r  design_1_i/top_mlp_0/inst/pu_inst/local_buffer_cal_reg[59][2]/C

Slack:                    inf
  Source:                 rst_n
                            (input port)
  Destination:            design_1_i/top_mlp_0/inst/pu_inst/local_buffer_cal_reg[120][6]/CLR
                            (recovery check against rising-edge clock sys_clk_pin  {rise@0.000ns fall@4.000ns period=8.000ns})
  Path Group:             (none)
  Path Type:              Recovery (Max at Slow Process Corner)
  Data Path Delay:        17.965ns  (logic 1.592ns (8.859%)  route 16.374ns (91.141%))
  Logic Levels:           2  (IBUF=1 LUT1=1)
  Clock Path Skew:        5.318ns (DCD - SCD + CPR)
    Destination Clock Delay (DCD):    5.318ns
    Source Clock Delay      (SCD):    0.000ns
    Clock Pessimism Removal (CPR):    0.000ns
  Clock Uncertainty:      0.025ns  ((TSJ^2 + TIJ^2)^1/2 + DJ) / 2 + PE
    Total System Jitter     (TSJ):    0.050ns
    Total Input Jitter      (TIJ):    0.000ns
    Discrete Jitter          (DJ):    0.000ns
    Phase Error              (PE):    0.000ns

    Location             Delay type                Incr(ns)  Path(ns)    Netlist Resource(s)
  -------------------------------------------------------------------    -------------------
    G15                                               0.000     0.000 r  rst_n (IN)
                         net (fo=0)                   0.000     0.000    rst_n
    G15                  IBUF (Prop_ibuf_I_O)         1.468     1.468 r  rst_n_IBUF_inst/O
                         net (fo=32, routed)          5.819     7.286    design_1_i/top_mlp_0/inst/pu_inst/my_mac/rst_n
    SLICE_X35Y61         LUT1 (Prop_lut1_I0_O)        0.124     7.410 f  design_1_i/top_mlp_0/inst/pu_inst/my_mac/r_done_intr_i_2/O
                         net (fo=2197, routed)       10.555    17.965    design_1_i/top_mlp_0/inst/pu_inst/rst_n_0
    SLICE_X54Y84         FDCE                                         f  design_1_i/top_mlp_0/inst/pu_inst/local_buffer_cal_reg[120][6]/CLR
  -------------------------------------------------------------------    -------------------

                         (clock sys_clk_pin rise edge)
                                                      0.000     0.000 r  
    K17                                               0.000     0.000 r  clk (IN)
                         net (fo=0)                   0.000     0.000    clk
    K17                  IBUF (Prop_ibuf_I_O)         1.404     1.404 r  clk_IBUF_inst/O
                         net (fo=1, routed)           2.293     3.697    clk_IBUF
    BUFGCTRL_X0Y16       BUFG (Prop_bufg_I_O)         0.091     3.788 r  clk_IBUF_BUFG_inst/O
                         net (fo=3870, routed)        1.530     5.318    design_1_i/top_mlp_0/inst/pu_inst/clk
    SLICE_X54Y84         FDCE                                         r  design_1_i/top_mlp_0/inst/pu_inst/local_buffer_cal_reg[120][6]/C





Min Delay Paths
--------------------------------------------------------------------------------------
Slack:                    inf
  Source:                 design_1_i/top_mlp_0/inst/glbl_ctrl_inst/ns_reg[2]/G
                            (positive level-sensitive latch)
  Destination:            design_1_i/top_mlp_0/inst/glbl_ctrl_inst/ps_reg[2]/D
                            (rising edge-triggered cell FDCE clocked by sys_clk_pin  {rise@0.000ns fall@4.000ns period=8.000ns})
  Path Group:             (none)
  Path Type:              Hold (Min at Fast Process Corner)
  Data Path Delay:        0.270ns  (logic 0.158ns (58.555%)  route 0.112ns (41.445%))
  Logic Levels:           1  (LDCE=1)
  Clock Uncertainty:      0.025ns  ((TSJ^2 + TIJ^2)^1/2 + DJ) / 2 + PE
    Total System Jitter     (TSJ):    0.050ns
    Total Input Jitter      (TIJ):    0.000ns
    Discrete Jitter          (DJ):    0.000ns
    Phase Error              (PE):    0.000ns

    Location             Delay type                Incr(ns)  Path(ns)    Netlist Resource(s)
  -------------------------------------------------------------------    -------------------
    SLICE_X28Y63         LDCE                         0.000     0.000 r  design_1_i/top_mlp_0/inst/glbl_ctrl_inst/ns_reg[2]/G
    SLICE_X28Y63         LDCE (EnToQ_ldce_G_Q)        0.158     0.158 r  design_1_i/top_mlp_0/inst/glbl_ctrl_inst/ns_reg[2]/Q
                         net (fo=1, routed)           0.112     0.270    design_1_i/top_mlp_0/inst/glbl_ctrl_inst/ns[2]
    SLICE_X28Y62         FDCE                                         r  design_1_i/top_mlp_0/inst/glbl_ctrl_inst/ps_reg[2]/D
  -------------------------------------------------------------------    -------------------

                         (clock sys_clk_pin rise edge)
                                                      0.000     0.000 r  
    K17                                               0.000     0.000 r  clk (IN)
                         net (fo=0)                   0.000     0.000    clk
    K17                  IBUF (Prop_ibuf_I_O)         0.431     0.431 r  clk_IBUF_inst/O
                         net (fo=1, routed)           0.907     1.338    clk_IBUF
    BUFGCTRL_X0Y16       BUFG (Prop_bufg_I_O)         0.029     1.367 r  clk_IBUF_BUFG_inst/O
                         net (fo=3870, routed)        0.840     2.207    design_1_i/top_mlp_0/inst/glbl_ctrl_inst/clk
    SLICE_X28Y62         FDCE                                         r  design_1_i/top_mlp_0/inst/glbl_ctrl_inst/ps_reg[2]/C

Slack:                    inf
  Source:                 design_1_i/top_mlp_0/inst/glbl_ctrl_inst/ns_reg[1]/G
                            (positive level-sensitive latch)
  Destination:            design_1_i/top_mlp_0/inst/glbl_ctrl_inst/ps_reg[1]/D
                            (rising edge-triggered cell FDCE clocked by sys_clk_pin  {rise@0.000ns fall@4.000ns period=8.000ns})
  Path Group:             (none)
  Path Type:              Hold (Min at Fast Process Corner)
  Data Path Delay:        0.277ns  (logic 0.158ns (56.949%)  route 0.119ns (43.051%))
  Logic Levels:           1  (LDCE=1)
  Clock Uncertainty:      0.025ns  ((TSJ^2 + TIJ^2)^1/2 + DJ) / 2 + PE
    Total System Jitter     (TSJ):    0.050ns
    Total Input Jitter      (TIJ):    0.000ns
    Discrete Jitter          (DJ):    0.000ns
    Phase Error              (PE):    0.000ns

    Location             Delay type                Incr(ns)  Path(ns)    Netlist Resource(s)
  -------------------------------------------------------------------    -------------------
    SLICE_X28Y63         LDCE                         0.000     0.000 r  design_1_i/top_mlp_0/inst/glbl_ctrl_inst/ns_reg[1]/G
    SLICE_X28Y63         LDCE (EnToQ_ldce_G_Q)        0.158     0.158 r  design_1_i/top_mlp_0/inst/glbl_ctrl_inst/ns_reg[1]/Q
                         net (fo=1, routed)           0.119     0.277    design_1_i/top_mlp_0/inst/glbl_ctrl_inst/ns[1]
    SLICE_X28Y62         FDCE                                         r  design_1_i/top_mlp_0/inst/glbl_ctrl_inst/ps_reg[1]/D
  -------------------------------------------------------------------    -------------------

                         (clock sys_clk_pin rise edge)
                                                      0.000     0.000 r  
    K17                                               0.000     0.000 r  clk (IN)
                         net (fo=0)                   0.000     0.000    clk
    K17                  IBUF (Prop_ibuf_I_O)         0.431     0.431 r  clk_IBUF_inst/O
                         net (fo=1, routed)           0.907     1.338    clk_IBUF
    BUFGCTRL_X0Y16       BUFG (Prop_bufg_I_O)         0.029     1.367 r  clk_IBUF_BUFG_inst/O
                         net (fo=3870, routed)        0.840     2.207    design_1_i/top_mlp_0/inst/glbl_ctrl_inst/clk
    SLICE_X28Y62         FDCE                                         r  design_1_i/top_mlp_0/inst/glbl_ctrl_inst/ps_reg[1]/C

Slack:                    inf
  Source:                 design_1_i/top_mlp_0/inst/glbl_ctrl_inst/ns_reg[0]/G
                            (positive level-sensitive latch)
  Destination:            design_1_i/top_mlp_0/inst/glbl_ctrl_inst/ps_reg[0]/D
                            (rising edge-triggered cell FDCE clocked by sys_clk_pin  {rise@0.000ns fall@4.000ns period=8.000ns})
  Path Group:             (none)
  Path Type:              Hold (Min at Fast Process Corner)
  Data Path Delay:        0.290ns  (logic 0.158ns (54.551%)  route 0.132ns (45.449%))
  Logic Levels:           1  (LDCE=1)
  Clock Uncertainty:      0.025ns  ((TSJ^2 + TIJ^2)^1/2 + DJ) / 2 + PE
    Total System Jitter     (TSJ):    0.050ns
    Total Input Jitter      (TIJ):    0.000ns
    Discrete Jitter          (DJ):    0.000ns
    Phase Error              (PE):    0.000ns

    Location             Delay type                Incr(ns)  Path(ns)    Netlist Resource(s)
  -------------------------------------------------------------------    -------------------
    SLICE_X28Y65         LDCE                         0.000     0.000 r  design_1_i/top_mlp_0/inst/glbl_ctrl_inst/ns_reg[0]/G
    SLICE_X28Y65         LDCE (EnToQ_ldce_G_Q)        0.158     0.158 r  design_1_i/top_mlp_0/inst/glbl_ctrl_inst/ns_reg[0]/Q
                         net (fo=2, routed)           0.132     0.290    design_1_i/top_mlp_0/inst/glbl_ctrl_inst/ns[0]
    SLICE_X28Y64         FDCE                                         r  design_1_i/top_mlp_0/inst/glbl_ctrl_inst/ps_reg[0]/D
  -------------------------------------------------------------------    -------------------

                         (clock sys_clk_pin rise edge)
                                                      0.000     0.000 r  
    K17                                               0.000     0.000 r  clk (IN)
                         net (fo=0)                   0.000     0.000    clk
    K17                  IBUF (Prop_ibuf_I_O)         0.431     0.431 r  clk_IBUF_inst/O
                         net (fo=1, routed)           0.907     1.338    clk_IBUF
    BUFGCTRL_X0Y16       BUFG (Prop_bufg_I_O)         0.029     1.367 r  clk_IBUF_BUFG_inst/O
                         net (fo=3870, routed)        0.839     2.206    design_1_i/top_mlp_0/inst/glbl_ctrl_inst/clk
    SLICE_X28Y64         FDCE                                         r  design_1_i/top_mlp_0/inst/glbl_ctrl_inst/ps_reg[0]/C

Slack:                    inf
  Source:                 design_1_i/top_mlp_0/inst/glbl_ctrl_inst/ns_reg[3]/G
                            (positive level-sensitive latch)
  Destination:            design_1_i/top_mlp_0/inst/glbl_ctrl_inst/ps_reg[3]/D
                            (rising edge-triggered cell FDCE clocked by sys_clk_pin  {rise@0.000ns fall@4.000ns period=8.000ns})
  Path Group:             (none)
  Path Type:              Hold (Min at Fast Process Corner)
  Data Path Delay:        0.334ns  (logic 0.158ns (47.288%)  route 0.176ns (52.712%))
  Logic Levels:           1  (LDCE=1)
  Clock Uncertainty:      0.025ns  ((TSJ^2 + TIJ^2)^1/2 + DJ) / 2 + PE
    Total System Jitter     (TSJ):    0.050ns
    Total Input Jitter      (TIJ):    0.000ns
    Discrete Jitter          (DJ):    0.000ns
    Phase Error              (PE):    0.000ns

    Location             Delay type                Incr(ns)  Path(ns)    Netlist Resource(s)
  -------------------------------------------------------------------    -------------------
    SLICE_X28Y63         LDCE                         0.000     0.000 r  design_1_i/top_mlp_0/inst/glbl_ctrl_inst/ns_reg[3]/G
    SLICE_X28Y63         LDCE (EnToQ_ldce_G_Q)        0.158     0.158 r  design_1_i/top_mlp_0/inst/glbl_ctrl_inst/ns_reg[3]/Q
                         net (fo=1, routed)           0.176     0.334    design_1_i/top_mlp_0/inst/glbl_ctrl_inst/ns[3]
    SLICE_X28Y62         FDCE                                         r  design_1_i/top_mlp_0/inst/glbl_ctrl_inst/ps_reg[3]/D
  -------------------------------------------------------------------    -------------------

                         (clock sys_clk_pin rise edge)
                                                      0.000     0.000 r  
    K17                                               0.000     0.000 r  clk (IN)
                         net (fo=0)                   0.000     0.000    clk
    K17                  IBUF (Prop_ibuf_I_O)         0.431     0.431 r  clk_IBUF_inst/O
                         net (fo=1, routed)           0.907     1.338    clk_IBUF
    BUFGCTRL_X0Y16       BUFG (Prop_bufg_I_O)         0.029     1.367 r  clk_IBUF_BUFG_inst/O
                         net (fo=3870, routed)        0.840     2.207    design_1_i/top_mlp_0/inst/glbl_ctrl_inst/clk
    SLICE_X28Y62         FDCE                                         r  design_1_i/top_mlp_0/inst/glbl_ctrl_inst/ps_reg[3]/C

Slack:                    inf
  Source:                 design_1_i/top_mlp_0/inst/glbl_ctrl_inst/ns_reg[0]/G
                            (positive level-sensitive latch)
  Destination:            design_1_i/top_mlp_0/inst/glbl_ctrl_inst/r_image_idx_reg[0]/CE
                            (rising edge-triggered cell FDCE clocked by sys_clk_pin  {rise@0.000ns fall@4.000ns period=8.000ns})
  Path Group:             (none)
  Path Type:              Hold (Min at Fast Process Corner)
  Data Path Delay:        0.655ns  (logic 0.203ns (31.005%)  route 0.452ns (68.995%))
  Logic Levels:           2  (LDCE=1 LUT5=1)
  Clock Uncertainty:      0.025ns  ((TSJ^2 + TIJ^2)^1/2 + DJ) / 2 + PE
    Total System Jitter     (TSJ):    0.050ns
    Total Input Jitter      (TIJ):    0.000ns
    Discrete Jitter          (DJ):    0.000ns
    Phase Error              (PE):    0.000ns

    Location             Delay type                Incr(ns)  Path(ns)    Netlist Resource(s)
  -------------------------------------------------------------------    -------------------
    SLICE_X28Y65         LDCE                         0.000     0.000 r  design_1_i/top_mlp_0/inst/glbl_ctrl_inst/ns_reg[0]/G
    SLICE_X28Y65         LDCE (EnToQ_ldce_G_Q)        0.158     0.158 r  design_1_i/top_mlp_0/inst/glbl_ctrl_inst/ns_reg[0]/Q
                         net (fo=2, routed)           0.259     0.417    design_1_i/top_mlp_0/inst/glbl_ctrl_inst/ns[0]
    SLICE_X32Y65         LUT5 (Prop_lut5_I3_O)        0.045     0.462 r  design_1_i/top_mlp_0/inst/glbl_ctrl_inst/r_image_idx[4]_i_1/O
                         net (fo=5, routed)           0.193     0.655    design_1_i/top_mlp_0/inst/glbl_ctrl_inst/r_image_idx[4]_i_1_n_0
    SLICE_X36Y65         FDCE                                         r  design_1_i/top_mlp_0/inst/glbl_ctrl_inst/r_image_idx_reg[0]/CE
  -------------------------------------------------------------------    -------------------

                         (clock sys_clk_pin rise edge)
                                                      0.000     0.000 r  
    K17                                               0.000     0.000 r  clk (IN)
                         net (fo=0)                   0.000     0.000    clk
    K17                  IBUF (Prop_ibuf_I_O)         0.431     0.431 r  clk_IBUF_inst/O
                         net (fo=1, routed)           0.907     1.338    clk_IBUF
    BUFGCTRL_X0Y16       BUFG (Prop_bufg_I_O)         0.029     1.367 r  clk_IBUF_BUFG_inst/O
                         net (fo=3870, routed)        0.818     2.185    design_1_i/top_mlp_0/inst/glbl_ctrl_inst/clk
    SLICE_X36Y65         FDCE                                         r  design_1_i/top_mlp_0/inst/glbl_ctrl_inst/r_image_idx_reg[0]/C

Slack:                    inf
  Source:                 design_1_i/top_mlp_0/inst/glbl_ctrl_inst/ns_reg[0]/G
                            (positive level-sensitive latch)
  Destination:            design_1_i/top_mlp_0/inst/glbl_ctrl_inst/r_image_idx_reg[1]/CE
                            (rising edge-triggered cell FDCE clocked by sys_clk_pin  {rise@0.000ns fall@4.000ns period=8.000ns})
  Path Group:             (none)
  Path Type:              Hold (Min at Fast Process Corner)
  Data Path Delay:        0.655ns  (logic 0.203ns (31.005%)  route 0.452ns (68.995%))
  Logic Levels:           2  (LDCE=1 LUT5=1)
  Clock Uncertainty:      0.025ns  ((TSJ^2 + TIJ^2)^1/2 + DJ) / 2 + PE
    Total System Jitter     (TSJ):    0.050ns
    Total Input Jitter      (TIJ):    0.000ns
    Discrete Jitter          (DJ):    0.000ns
    Phase Error              (PE):    0.000ns

    Location             Delay type                Incr(ns)  Path(ns)    Netlist Resource(s)
  -------------------------------------------------------------------    -------------------
    SLICE_X28Y65         LDCE                         0.000     0.000 r  design_1_i/top_mlp_0/inst/glbl_ctrl_inst/ns_reg[0]/G
    SLICE_X28Y65         LDCE (EnToQ_ldce_G_Q)        0.158     0.158 r  design_1_i/top_mlp_0/inst/glbl_ctrl_inst/ns_reg[0]/Q
                         net (fo=2, routed)           0.259     0.417    design_1_i/top_mlp_0/inst/glbl_ctrl_inst/ns[0]
    SLICE_X32Y65         LUT5 (Prop_lut5_I3_O)        0.045     0.462 r  design_1_i/top_mlp_0/inst/glbl_ctrl_inst/r_image_idx[4]_i_1/O
                         net (fo=5, routed)           0.193     0.655    design_1_i/top_mlp_0/inst/glbl_ctrl_inst/r_image_idx[4]_i_1_n_0
    SLICE_X36Y65         FDCE                                         r  design_1_i/top_mlp_0/inst/glbl_ctrl_inst/r_image_idx_reg[1]/CE
  -------------------------------------------------------------------    -------------------

                         (clock sys_clk_pin rise edge)
                                                      0.000     0.000 r  
    K17                                               0.000     0.000 r  clk (IN)
                         net (fo=0)                   0.000     0.000    clk
    K17                  IBUF (Prop_ibuf_I_O)         0.431     0.431 r  clk_IBUF_inst/O
                         net (fo=1, routed)           0.907     1.338    clk_IBUF
    BUFGCTRL_X0Y16       BUFG (Prop_bufg_I_O)         0.029     1.367 r  clk_IBUF_BUFG_inst/O
                         net (fo=3870, routed)        0.818     2.185    design_1_i/top_mlp_0/inst/glbl_ctrl_inst/clk
    SLICE_X36Y65         FDCE                                         r  design_1_i/top_mlp_0/inst/glbl_ctrl_inst/r_image_idx_reg[1]/C

Slack:                    inf
  Source:                 design_1_i/top_mlp_0/inst/glbl_ctrl_inst/ns_reg[0]/G
                            (positive level-sensitive latch)
  Destination:            design_1_i/top_mlp_0/inst/glbl_ctrl_inst/r_image_idx_reg[2]/CE
                            (rising edge-triggered cell FDCE clocked by sys_clk_pin  {rise@0.000ns fall@4.000ns period=8.000ns})
  Path Group:             (none)
  Path Type:              Hold (Min at Fast Process Corner)
  Data Path Delay:        0.655ns  (logic 0.203ns (31.005%)  route 0.452ns (68.995%))
  Logic Levels:           2  (LDCE=1 LUT5=1)
  Clock Uncertainty:      0.025ns  ((TSJ^2 + TIJ^2)^1/2 + DJ) / 2 + PE
    Total System Jitter     (TSJ):    0.050ns
    Total Input Jitter      (TIJ):    0.000ns
    Discrete Jitter          (DJ):    0.000ns
    Phase Error              (PE):    0.000ns

    Location             Delay type                Incr(ns)  Path(ns)    Netlist Resource(s)
  -------------------------------------------------------------------    -------------------
    SLICE_X28Y65         LDCE                         0.000     0.000 r  design_1_i/top_mlp_0/inst/glbl_ctrl_inst/ns_reg[0]/G
    SLICE_X28Y65         LDCE (EnToQ_ldce_G_Q)        0.158     0.158 r  design_1_i/top_mlp_0/inst/glbl_ctrl_inst/ns_reg[0]/Q
                         net (fo=2, routed)           0.259     0.417    design_1_i/top_mlp_0/inst/glbl_ctrl_inst/ns[0]
    SLICE_X32Y65         LUT5 (Prop_lut5_I3_O)        0.045     0.462 r  design_1_i/top_mlp_0/inst/glbl_ctrl_inst/r_image_idx[4]_i_1/O
                         net (fo=5, routed)           0.193     0.655    design_1_i/top_mlp_0/inst/glbl_ctrl_inst/r_image_idx[4]_i_1_n_0
    SLICE_X36Y65         FDCE                                         r  design_1_i/top_mlp_0/inst/glbl_ctrl_inst/r_image_idx_reg[2]/CE
  -------------------------------------------------------------------    -------------------

                         (clock sys_clk_pin rise edge)
                                                      0.000     0.000 r  
    K17                                               0.000     0.000 r  clk (IN)
                         net (fo=0)                   0.000     0.000    clk
    K17                  IBUF (Prop_ibuf_I_O)         0.431     0.431 r  clk_IBUF_inst/O
                         net (fo=1, routed)           0.907     1.338    clk_IBUF
    BUFGCTRL_X0Y16       BUFG (Prop_bufg_I_O)         0.029     1.367 r  clk_IBUF_BUFG_inst/O
                         net (fo=3870, routed)        0.818     2.185    design_1_i/top_mlp_0/inst/glbl_ctrl_inst/clk
    SLICE_X36Y65         FDCE                                         r  design_1_i/top_mlp_0/inst/glbl_ctrl_inst/r_image_idx_reg[2]/C

Slack:                    inf
  Source:                 design_1_i/top_mlp_0/inst/glbl_ctrl_inst/ns_reg[0]/G
                            (positive level-sensitive latch)
  Destination:            design_1_i/top_mlp_0/inst/glbl_ctrl_inst/r_image_idx_reg[3]/CE
                            (rising edge-triggered cell FDCE clocked by sys_clk_pin  {rise@0.000ns fall@4.000ns period=8.000ns})
  Path Group:             (none)
  Path Type:              Hold (Min at Fast Process Corner)
  Data Path Delay:        0.655ns  (logic 0.203ns (31.005%)  route 0.452ns (68.995%))
  Logic Levels:           2  (LDCE=1 LUT5=1)
  Clock Uncertainty:      0.025ns  ((TSJ^2 + TIJ^2)^1/2 + DJ) / 2 + PE
    Total System Jitter     (TSJ):    0.050ns
    Total Input Jitter      (TIJ):    0.000ns
    Discrete Jitter          (DJ):    0.000ns
    Phase Error              (PE):    0.000ns

    Location             Delay type                Incr(ns)  Path(ns)    Netlist Resource(s)
  -------------------------------------------------------------------    -------------------
    SLICE_X28Y65         LDCE                         0.000     0.000 r  design_1_i/top_mlp_0/inst/glbl_ctrl_inst/ns_reg[0]/G
    SLICE_X28Y65         LDCE (EnToQ_ldce_G_Q)        0.158     0.158 r  design_1_i/top_mlp_0/inst/glbl_ctrl_inst/ns_reg[0]/Q
                         net (fo=2, routed)           0.259     0.417    design_1_i/top_mlp_0/inst/glbl_ctrl_inst/ns[0]
    SLICE_X32Y65         LUT5 (Prop_lut5_I3_O)        0.045     0.462 r  design_1_i/top_mlp_0/inst/glbl_ctrl_inst/r_image_idx[4]_i_1/O
                         net (fo=5, routed)           0.193     0.655    design_1_i/top_mlp_0/inst/glbl_ctrl_inst/r_image_idx[4]_i_1_n_0
    SLICE_X36Y65         FDCE                                         r  design_1_i/top_mlp_0/inst/glbl_ctrl_inst/r_image_idx_reg[3]/CE
  -------------------------------------------------------------------    -------------------

                         (clock sys_clk_pin rise edge)
                                                      0.000     0.000 r  
    K17                                               0.000     0.000 r  clk (IN)
                         net (fo=0)                   0.000     0.000    clk
    K17                  IBUF (Prop_ibuf_I_O)         0.431     0.431 r  clk_IBUF_inst/O
                         net (fo=1, routed)           0.907     1.338    clk_IBUF
    BUFGCTRL_X0Y16       BUFG (Prop_bufg_I_O)         0.029     1.367 r  clk_IBUF_BUFG_inst/O
                         net (fo=3870, routed)        0.818     2.185    design_1_i/top_mlp_0/inst/glbl_ctrl_inst/clk
    SLICE_X36Y65         FDCE                                         r  design_1_i/top_mlp_0/inst/glbl_ctrl_inst/r_image_idx_reg[3]/C

Slack:                    inf
  Source:                 design_1_i/top_mlp_0/inst/glbl_ctrl_inst/ns_reg[0]/G
                            (positive level-sensitive latch)
  Destination:            design_1_i/top_mlp_0/inst/glbl_ctrl_inst/r_image_idx_reg[4]/CE
                            (rising edge-triggered cell FDCE clocked by sys_clk_pin  {rise@0.000ns fall@4.000ns period=8.000ns})
  Path Group:             (none)
  Path Type:              Hold (Min at Fast Process Corner)
  Data Path Delay:        0.655ns  (logic 0.203ns (31.005%)  route 0.452ns (68.995%))
  Logic Levels:           2  (LDCE=1 LUT5=1)
  Clock Uncertainty:      0.025ns  ((TSJ^2 + TIJ^2)^1/2 + DJ) / 2 + PE
    Total System Jitter     (TSJ):    0.050ns
    Total Input Jitter      (TIJ):    0.000ns
    Discrete Jitter          (DJ):    0.000ns
    Phase Error              (PE):    0.000ns

    Location             Delay type                Incr(ns)  Path(ns)    Netlist Resource(s)
  -------------------------------------------------------------------    -------------------
    SLICE_X28Y65         LDCE                         0.000     0.000 r  design_1_i/top_mlp_0/inst/glbl_ctrl_inst/ns_reg[0]/G
    SLICE_X28Y65         LDCE (EnToQ_ldce_G_Q)        0.158     0.158 r  design_1_i/top_mlp_0/inst/glbl_ctrl_inst/ns_reg[0]/Q
                         net (fo=2, routed)           0.259     0.417    design_1_i/top_mlp_0/inst/glbl_ctrl_inst/ns[0]
    SLICE_X32Y65         LUT5 (Prop_lut5_I3_O)        0.045     0.462 r  design_1_i/top_mlp_0/inst/glbl_ctrl_inst/r_image_idx[4]_i_1/O
                         net (fo=5, routed)           0.193     0.655    design_1_i/top_mlp_0/inst/glbl_ctrl_inst/r_image_idx[4]_i_1_n_0
    SLICE_X36Y65         FDCE                                         r  design_1_i/top_mlp_0/inst/glbl_ctrl_inst/r_image_idx_reg[4]/CE
  -------------------------------------------------------------------    -------------------

                         (clock sys_clk_pin rise edge)
                                                      0.000     0.000 r  
    K17                                               0.000     0.000 r  clk (IN)
                         net (fo=0)                   0.000     0.000    clk
    K17                  IBUF (Prop_ibuf_I_O)         0.431     0.431 r  clk_IBUF_inst/O
                         net (fo=1, routed)           0.907     1.338    clk_IBUF
    BUFGCTRL_X0Y16       BUFG (Prop_bufg_I_O)         0.029     1.367 r  clk_IBUF_BUFG_inst/O
                         net (fo=3870, routed)        0.818     2.185    design_1_i/top_mlp_0/inst/glbl_ctrl_inst/clk
    SLICE_X36Y65         FDCE                                         r  design_1_i/top_mlp_0/inst/glbl_ctrl_inst/r_image_idx_reg[4]/C

Slack:                    inf
  Source:                 rst_n
                            (input port)
  Destination:            design_1_i/axi_bram_ctrl_0/U0/gext_inst.abcv4_0_ext_inst/GEN_AXI4.I_FULL_AXI/I_WR_CHNL/axi_wready_int_mod_reg/D
                            (rising edge-triggered cell FDRE clocked by sys_clk_pin  {rise@0.000ns fall@4.000ns period=8.000ns})
  Path Group:             (none)
  Path Type:              Hold (Min at Fast Process Corner)
  Data Path Delay:        1.865ns  (logic 0.281ns (15.038%)  route 1.585ns (84.962%))
  Logic Levels:           2  (IBUF=1 LUT2=1)
  Clock Path Skew:        2.192ns (DCD - SCD - CPR)
    Destination Clock Delay (DCD):    2.192ns
    Source Clock Delay      (SCD):    0.000ns
    Clock Pessimism Removal (CPR):    -0.000ns

    Location             Delay type                Incr(ns)  Path(ns)    Netlist Resource(s)
  -------------------------------------------------------------------    -------------------
    G15                                               0.000     0.000 r  rst_n (IN)
                         net (fo=0)                   0.000     0.000    rst_n
    G15                  IBUF (Prop_ibuf_I_O)         0.236     0.236 r  rst_n_IBUF_inst/O
                         net (fo=32, routed)          1.585     1.820    design_1_i/axi_bram_ctrl_0/U0/gext_inst.abcv4_0_ext_inst/GEN_AXI4.I_FULL_AXI/I_WR_CHNL/s_axi_aresetn
    SLICE_X45Y98         LUT2 (Prop_lut2_I0_O)        0.045     1.865 r  design_1_i/axi_bram_ctrl_0/U0/gext_inst.abcv4_0_ext_inst/GEN_AXI4.I_FULL_AXI/I_WR_CHNL/axi_wready_int_mod_i_1/O
                         net (fo=1, routed)           0.000     1.865    design_1_i/axi_bram_ctrl_0/U0/gext_inst.abcv4_0_ext_inst/GEN_AXI4.I_FULL_AXI/I_WR_CHNL/axi_wready_int_mod_i_1_n_0
    SLICE_X45Y98         FDRE                                         r  design_1_i/axi_bram_ctrl_0/U0/gext_inst.abcv4_0_ext_inst/GEN_AXI4.I_FULL_AXI/I_WR_CHNL/axi_wready_int_mod_reg/D
  -------------------------------------------------------------------    -------------------

                         (clock sys_clk_pin rise edge)
                                                      0.000     0.000 r  
    K17                                               0.000     0.000 r  clk (IN)
                         net (fo=0)                   0.000     0.000    clk
    K17                  IBUF (Prop_ibuf_I_O)         0.431     0.431 r  clk_IBUF_inst/O
                         net (fo=1, routed)           0.907     1.338    clk_IBUF
    BUFGCTRL_X0Y16       BUFG (Prop_bufg_I_O)         0.029     1.367 r  clk_IBUF_BUFG_inst/O
                         net (fo=3870, routed)        0.825     2.192    design_1_i/axi_bram_ctrl_0/U0/gext_inst.abcv4_0_ext_inst/GEN_AXI4.I_FULL_AXI/I_WR_CHNL/s_axi_aclk
    SLICE_X45Y98         FDRE                                         r  design_1_i/axi_bram_ctrl_0/U0/gext_inst.abcv4_0_ext_inst/GEN_AXI4.I_FULL_AXI/I_WR_CHNL/axi_wready_int_mod_reg/C





