#-----------------------------------------------------------
# Vivado v2023.1 (64-bit)
# SW Build 3865809 on Sun May  7 15:05:29 MDT 2023
# IP Build 3864474 on Sun May  7 20:36:21 MDT 2023
# SharedData Build 3865790 on Sun May 07 13:33:03 MDT 2023
# Start of session at: Sun Jun 15 19:55:20 2025
# Process ID: 61152
# Current directory: C:/Users/joshu/Documents/DSD25_Termproject_Materials_Updated250519/00_RTL_Skeleton
# Command line: vivado.exe -gui_launcher_event rodinguilauncherevent26176 C:\Users\joshu\Documents\DSD25_Termproject_Materials_Updated250519\00_RTL_Skeleton\dsd_termprj.xpr
# Log file: C:/Users/joshu/Documents/DSD25_Termproject_Materials_Updated250519/00_RTL_Skeleton/vivado.log
# Journal file: C:/Users/joshu/Documents/DSD25_Termproject_Materials_Updated250519/00_RTL_Skeleton\vivado.jou
# Running On: Jip_desktop, OS: Windows, CPU Frequency: 2611 MHz, CPU Physical cores: 12, Host memory: 16854 MB
#-----------------------------------------------------------
start_gui
open_project C:/Users/joshu/Documents/DSD25_Termproject_Materials_Updated250519/00_RTL_Skeleton/dsd_termprj.xpr
INFO: [ProjectBase 1-489] The host OS only allows 260 characters in a normal path. The project is stored in a path with more than 80 characters. If you experience issues with IP, Block Designs, or files not being found, please consider moving the project to a location with a shorter path. Alternately consider using the OS subst command to map part of the path to a drive letter.
Current project path is 'C:/Users/joshu/Documents/DSD25_Termproject_Materials_Updated250519/00_RTL_Skeleton'
INFO: [Project 1-313] Project file moved from 'C:/Users/junoh/vivado23/DSD25_Termprj/00_RTL_Skeleton' since last save.
Scanning sources...
Finished scanning sources
INFO: [IP_Flow 19-234] Refreshing IP repositories
INFO: [IP_Flow 19-1704] No user IP repositories specified
INFO: [IP_Flow 19-2313] Loaded Vivado IP repository 'C:/Xilinx/Vivado/2023.1/data/ip'.
WARNING: [Board 49-26] cannot add Board Part xilinx.com:kcu105:part0:1.6 available at C:/Xilinx/Vivado/2023.1/data/xhub/boards/XilinxBoardStore/boards/Xilinx/kcu105/1.6/board.xml as part xcku040-ffva1156-2-e specified in board_part file is either invalid or not available
WARNING: [Board 49-26] cannot add Board Part xilinx.com:kcu105:part0:1.7 available at C:/Xilinx/Vivado/2023.1/data/xhub/boards/XilinxBoardStore/boards/Xilinx/kcu105/1.7/board.xml as part xcku040-ffva1156-2-e specified in board_part file is either invalid or not available
WARNING: [Board 49-26] cannot add Board Part xilinx.com:kcu116:part0:1.4 available at C:/Xilinx/Vivado/2023.1/data/xhub/boards/XilinxBoardStore/boards/Xilinx/kcu116/1.4/board.xml as part xcku5p-ffvb676-2-e specified in board_part file is either invalid or not available
WARNING: [Board 49-26] cannot add Board Part xilinx.com:kcu116:part0:1.5 available at C:/Xilinx/Vivado/2023.1/data/xhub/boards/XilinxBoardStore/boards/Xilinx/kcu116/1.5/board.xml as part xcku5p-ffvb676-2-e specified in board_part file is either invalid or not available
WARNING: [Board 49-26] cannot add Board Part xilinx.com:kcu1500:part0:1.2 available at C:/Xilinx/Vivado/2023.1/data/xhub/boards/XilinxBoardStore/boards/Xilinx/kcu1500/1.2/board.xml as part xcku115-flvb2104-2-e specified in board_part file is either invalid or not available
WARNING: [Board 49-26] cannot add Board Part xilinx.com:vck190:part0:2.2 available at C:/Xilinx/Vivado/2023.1/data/xhub/boards/XilinxBoardStore/boards/Xilinx/vck190/production/2.2/board.xml as part xcvc1902-vsva2197-2mp-e-s specified in board_part file is either invalid or not available
WARNING: [Board 49-26] cannot add Board Part xilinx.com:vck190:part0:3.0 available at C:/Xilinx/Vivado/2023.1/data/xhub/boards/XilinxBoardStore/boards/Xilinx/vck190/production/3.0/board.xml as part xcvc1902-vsva2197-2mp-e-s specified in board_part file is either invalid or not available
WARNING: [Board 49-26] cannot add Board Part xilinx.com:vck190:part0:3.1 available at C:/Xilinx/Vivado/2023.1/data/xhub/boards/XilinxBoardStore/boards/Xilinx/vck190/production/3.1/board.xml as part xcvc1902-vsva2197-2mp-e-s specified in board_part file is either invalid or not available
WARNING: [Board 49-26] cannot add Board Part xilinx.com:vck190:part0:3.2 available at C:/Xilinx/Vivado/2023.1/data/xhub/boards/XilinxBoardStore/boards/Xilinx/vck190/production/3.2/board.xml as part xcvc1902-vsva2197-2mp-e-s specified in board_part file is either invalid or not available
WARNING: [Board 49-26] cannot add Board Part xilinx.com:vck190_newl:part0:1.0 available at C:/Xilinx/Vivado/2023.1/data/xhub/boards/XilinxBoardStore/boards/Xilinx/vck190_newl/production/1.0/board.xml as part xcvc1902-vsva2197-2mp-e-s specified in board_part file is either invalid or not available
WARNING: [Board 49-26] cannot add Board Part xilinx.com:vck190_newl:part0:1.1 available at C:/Xilinx/Vivado/2023.1/data/xhub/boards/XilinxBoardStore/boards/Xilinx/vck190_newl/production/1.1/board.xml as part xcvc1902-vsva2197-2mp-e-s specified in board_part file is either invalid or not available
WARNING: [Board 49-26] cannot add Board Part xilinx.com:vcu108:part0:1.6 available at C:/Xilinx/Vivado/2023.1/data/xhub/boards/XilinxBoardStore/boards/Xilinx/vcu108/1.6/board.xml as part xcvu095-ffva2104-2-e specified in board_part file is either invalid or not available
WARNING: [Board 49-26] cannot add Board Part xilinx.com:vcu108:part0:1.7 available at C:/Xilinx/Vivado/2023.1/data/xhub/boards/XilinxBoardStore/boards/Xilinx/vcu108/1.7/board.xml as part xcvu095-ffva2104-2-e specified in board_part file is either invalid or not available
WARNING: [Board 49-26] cannot add Board Part xilinx.com:vcu110:part0:1.4 available at C:/Xilinx/Vivado/2023.1/data/xhub/boards/XilinxBoardStore/boards/Xilinx/vcu110/1.4/board.xml as part xcvu190-flgc2104-2-e specified in board_part file is either invalid or not available
WARNING: [Board 49-26] cannot add Board Part xilinx.com:vcu118:part0:2.0 available at C:/Xilinx/Vivado/2023.1/data/xhub/boards/XilinxBoardStore/boards/Xilinx/vcu118/2.0/board.xml as part xcvu9p-flga2104-2l-e specified in board_part file is either invalid or not available
WARNING: [Board 49-26] cannot add Board Part xilinx.com:vcu118:part0:2.3 available at C:/Xilinx/Vivado/2023.1/data/xhub/boards/XilinxBoardStore/boards/Xilinx/vcu118/2.3/board.xml as part xcvu9p-flga2104-2l-e specified in board_part file is either invalid or not available
WARNING: [Board 49-26] cannot add Board Part xilinx.com:vcu118:part0:2.4 available at C:/Xilinx/Vivado/2023.1/data/xhub/boards/XilinxBoardStore/boards/Xilinx/vcu118/2.4/board.xml as part xcvu9p-flga2104-2l-e specified in board_part file is either invalid or not available
WARNING: [Board 49-26] cannot add Board Part xilinx.com:vcu128:part0:1.0 available at C:/Xilinx/Vivado/2023.1/data/xhub/boards/XilinxBoardStore/boards/Xilinx/vcu128/production/1.0/board.xml as part xcvu37p-fsvh2892-2l-e specified in board_part file is either invalid or not available
WARNING: [Board 49-26] cannot add Board Part xilinx.com:vcu129:part0:1.0 available at C:/Xilinx/Vivado/2023.1/data/xhub/boards/XilinxBoardStore/boards/Xilinx/vcu129/production/1.0/board.xml as part xcvu29p-fsga2577-2l-e specified in board_part file is either invalid or not available
WARNING: [Board 49-26] cannot add Board Part xilinx.com:vcu1525:part0:1.3 available at C:/Xilinx/Vivado/2023.1/data/xhub/boards/XilinxBoardStore/boards/Xilinx/vcu1525/1.3/board.xml as part xcvu9p-fsgd2104-2l-e specified in board_part file is either invalid or not available
WARNING: [Board 49-26] cannot add Board Part xilinx.com:vek280_es:part0:1.0 available at C:/Xilinx/Vivado/2023.1/data/xhub/boards/XilinxBoardStore/boards/Xilinx/vek280/es/rev_a/1.0/board.xml as part xcve2802-vsvh1760-2lp-e-s-es1 specified in board_part file is either invalid or not available
WARNING: [Board 49-26] cannot add Board Part xilinx.com:vek280_es:part0:1.1 available at C:/Xilinx/Vivado/2023.1/data/xhub/boards/XilinxBoardStore/boards/Xilinx/vek280/es/rev_a/1.1/board.xml as part xcve2802-vsvh1760-2lp-e-s-es1 specified in board_part file is either invalid or not available
WARNING: [Board 49-26] cannot add Board Part xilinx.com:vek280_es_revb:part0:1.0 available at C:/Xilinx/Vivado/2023.1/data/xhub/boards/XilinxBoardStore/boards/Xilinx/vek280/es/rev_b/1.0/board.xml as part xcve2802-vsvh1760-2mp-e-s-es1 specified in board_part file is either invalid or not available
WARNING: [Board 49-26] cannot add Board Part xilinx.com:vek280_es_revb:part0:1.1 available at C:/Xilinx/Vivado/2023.1/data/xhub/boards/XilinxBoardStore/boards/Xilinx/vek280/es/rev_b/1.1/board.xml as part xcve2802-vsvh1760-2mp-e-s-es1 specified in board_part file is either invalid or not available
WARNING: [Board 49-26] cannot add Board Part xilinx.com:vhk158:part0:1.0 available at C:/Xilinx/Vivado/2023.1/data/xhub/boards/XilinxBoardStore/boards/Xilinx/vhk158/production/1.0/board.xml as part xcvh1582-vsva3697-2mp-e-s specified in board_part file is either invalid or not available
WARNING: [Board 49-26] cannot add Board Part xilinx.com:vhk158_es:part0:1.0 available at C:/Xilinx/Vivado/2023.1/data/xhub/boards/XilinxBoardStore/boards/Xilinx/vhk158/es/1.0/board.xml as part xcvh1582-vsva3697-2mp-e-s-es1 specified in board_part file is either invalid or not available
WARNING: [Board 49-26] cannot add Board Part xilinx.com:vhk158_es:part0:1.1 available at C:/Xilinx/Vivado/2023.1/data/xhub/boards/XilinxBoardStore/boards/Xilinx/vhk158/es/1.1/board.xml as part xcvh1582-vsva3697-2mp-e-s-es1 specified in board_part file is either invalid or not available
WARNING: [Board 49-26] cannot add Board Part xilinx.com:vmk180:part0:2.2 available at C:/Xilinx/Vivado/2023.1/data/xhub/boards/XilinxBoardStore/boards/Xilinx/vmk180/production/2.2/board.xml as part xcvm1802-vsva2197-2mp-e-s specified in board_part file is either invalid or not available
WARNING: [Board 49-26] cannot add Board Part xilinx.com:vmk180:part0:3.0 available at C:/Xilinx/Vivado/2023.1/data/xhub/boards/XilinxBoardStore/boards/Xilinx/vmk180/production/3.0/board.xml as part xcvm1802-vsva2197-2mp-e-s specified in board_part file is either invalid or not available
WARNING: [Board 49-26] cannot add Board Part xilinx.com:vmk180:part0:3.1 available at C:/Xilinx/Vivado/2023.1/data/xhub/boards/XilinxBoardStore/boards/Xilinx/vmk180/production/3.1/board.xml as part xcvm1802-vsva2197-2mp-e-s specified in board_part file is either invalid or not available
WARNING: [Board 49-26] cannot add Board Part xilinx.com:vmk180:part0:3.2 available at C:/Xilinx/Vivado/2023.1/data/xhub/boards/XilinxBoardStore/boards/Xilinx/vmk180/production/3.2/board.xml as part xcvm1802-vsva2197-2mp-e-s specified in board_part file is either invalid or not available
WARNING: [Board 49-26] cannot add Board Part xilinx.com:vmk180_newl:part0:1.0 available at C:/Xilinx/Vivado/2023.1/data/xhub/boards/XilinxBoardStore/boards/Xilinx/vmk180_newl/production/1.0/board.xml as part xcvm1802-vsva2197-2mp-e-s specified in board_part file is either invalid or not available
WARNING: [Board 49-26] cannot add Board Part xilinx.com:vmk180_newl:part0:1.1 available at C:/Xilinx/Vivado/2023.1/data/xhub/boards/XilinxBoardStore/boards/Xilinx/vmk180_newl/production/1.1/board.xml as part xcvm1802-vsva2197-2mp-e-s specified in board_part file is either invalid or not available
WARNING: [Board 49-26] cannot add Board Part xilinx.com:vpk120:part0:1.0 available at C:/Xilinx/Vivado/2023.1/data/xhub/boards/XilinxBoardStore/boards/Xilinx/vpk120/production/1.0/board.xml as part xcvp1202-vsva2785-2mp-e-s specified in board_part file is either invalid or not available
WARNING: [Board 49-26] cannot add Board Part xilinx.com:vpk120:part0:1.1 available at C:/Xilinx/Vivado/2023.1/data/xhub/boards/XilinxBoardStore/boards/Xilinx/vpk120/production/1.1/board.xml as part xcvp1202-vsva2785-2mp-e-s specified in board_part file is either invalid or not available
WARNING: [Board 49-26] cannot add Board Part xilinx.com:vpk120_es:part0:1.2 available at C:/Xilinx/Vivado/2023.1/data/xhub/boards/XilinxBoardStore/boards/Xilinx/vpk120/es/1.2/board.xml as part xcvp1202-vsva2785-2mp-e-s-es1 specified in board_part file is either invalid or not available
WARNING: [Board 49-26] cannot add Board Part xilinx.com:vpk120_es:part0:1.3 available at C:/Xilinx/Vivado/2023.1/data/xhub/boards/XilinxBoardStore/boards/Xilinx/vpk120/es/1.3/board.xml as part xcvp1202-vsva2785-2mp-e-s-es1 specified in board_part file is either invalid or not available
WARNING: [Board 49-26] cannot add Board Part xilinx.com:vpk120_es_revb:part0:1.0 available at C:/Xilinx/Vivado/2023.1/data/xhub/boards/XilinxBoardStore/boards/Xilinx/vpk120_revb/es/1.0/board.xml as part xcvp1202-vsva2785-2mp-e-s-es1 specified in board_part file is either invalid or not available
WARNING: [Board 49-26] cannot add Board Part xilinx.com:vpk120_es_revb:part0:1.1 available at C:/Xilinx/Vivado/2023.1/data/xhub/boards/XilinxBoardStore/boards/Xilinx/vpk120_revb/es/1.1/board.xml as part xcvp1202-vsva2785-2mp-e-s-es1 specified in board_part file is either invalid or not available
WARNING: [Board 49-26] cannot add Board Part xilinx.com:vpk180:part0:1.0 available at C:/Xilinx/Vivado/2023.1/data/xhub/boards/XilinxBoardStore/boards/Xilinx/vpk180/production/1.0/board.xml as part xcvp1802-lsvc4072-2mp-e-s specified in board_part file is either invalid or not available
WARNING: [Board 49-26] cannot add Board Part xilinx.com:vpk180:part0:1.1 available at C:/Xilinx/Vivado/2023.1/data/xhub/boards/XilinxBoardStore/boards/Xilinx/vpk180/production/1.1/board.xml as part xcvp1802-lsvc4072-2mp-e-s specified in board_part file is either invalid or not available
WARNING: [Board 49-26] cannot add Board Part xilinx.com:vpk180_es:part0:1.0 available at C:/Xilinx/Vivado/2023.1/data/xhub/boards/XilinxBoardStore/boards/Xilinx/vpk180/es/1.0/board.xml as part xcvp1802-lsvc4072-2mp-e-s-es1 specified in board_part file is either invalid or not available
WARNING: [Board 49-26] cannot add Board Part xilinx.com:vpk180_es:part0:1.1 available at C:/Xilinx/Vivado/2023.1/data/xhub/boards/XilinxBoardStore/boards/Xilinx/vpk180/es/1.1/board.xml as part xcvp1802-lsvc4072-2mp-e-s-es1 specified in board_part file is either invalid or not available
WARNING: [Board 49-26] cannot add Board Part xilinx.com:zcu208ld:part0:2.0 available at C:/Xilinx/Vivado/2023.1/data/xhub/boards/XilinxBoardStore/boards/Xilinx/zcu208ld/production/2.0/board.xml as part xczu58dr-fsvg1517-2-i specified in board_part file is either invalid or not available
WARNING: [Board 49-26] cannot add Board Part xilinx.com:zcu216ld:part0:2.0 available at C:/Xilinx/Vivado/2023.1/data/xhub/boards/XilinxBoardStore/boards/Xilinx/zcu216ld/production/2.0/board.xml as part xczu59dr-ffvf1760-2-i specified in board_part file is either invalid or not available
WARNING: [Board 49-26] cannot add Board Part xilinx.com:zcu670:part0:2.0 available at C:/Xilinx/Vivado/2023.1/data/xhub/boards/XilinxBoardStore/boards/Xilinx/zcu670/2.0/board.xml as part xczu67dr-fsve1156-2-i specified in board_part file is either invalid or not available
WARNING: [Board 49-26] cannot add Board Part xilinx.com:zcu670ld:part0:1.0 available at C:/Xilinx/Vivado/2023.1/data/xhub/boards/XilinxBoardStore/boards/Xilinx/zcu670ld/1.0/board.xml as part xczu57dr-fsve1156-2-i specified in board_part file is either invalid or not available
open_project: Time (s): cpu = 00:00:54 ; elapsed = 00:00:36 . Memory (MB): peak = 1546.297 ; gain = 437.457
update_compile_order -fileset sources_1
update_module_reference design_1_top_mlp_0_0
INFO: [IP_Flow 19-5107] Inferred bus interface 'rst_n' of definition 'xilinx.com:signal:reset:1.0' (from Xilinx Repository).
INFO: [IP_Flow 19-5107] Inferred bus interface 'clk' of definition 'xilinx.com:signal:clock:1.0' (from Xilinx Repository).
INFO: [IP_Flow 19-4728] Bus Interface 'rst_n': Added interface parameter 'POLARITY' with value 'ACTIVE_LOW'.
INFO: [IP_Flow 19-818] Not transferring value dependency attribute "spirit:decode(id('MODELPARAM_VALUE.FP_BW'))" into user parameter "X_BUF_DATA_WIDTH".
INFO: [IP_Flow 19-818] Not transferring value dependency attribute "(784 * spirit:decode(id('MODELPARAM_VALUE.IN_IMG_NUM')))" into user parameter "X_BUF_DEPTH".
INFO: [IP_Flow 19-818] Not transferring value dependency attribute "spirit:decode(id('MODELPARAM_VALUE.FP_BW'))" into user parameter "W_BUF_DATA_WIDTH".
INFO: [IP_Flow 19-818] Not transferring value dependency attribute "((10 * spirit:decode(id('MODELPARAM_VALUE.IN_IMG_NUM'))) * 4)" into user parameter "Y_BUF_DEPTH".
WARNING: [IP_Flow 19-5661] Bus Interface 'clk' does not have any bus interfaces associated with it.
WARNING: [IP_Flow 19-11770] Clock interface 'clk' has no FREQ_HZ parameter.
INFO: [IP_Flow 19-5107] Inferred bus interface 'rst_n' of definition 'xilinx.com:signal:reset:1.0' (from Xilinx Repository).
INFO: [IP_Flow 19-5107] Inferred bus interface 'clk' of definition 'xilinx.com:signal:clock:1.0' (from Xilinx Repository).
INFO: [IP_Flow 19-4728] Bus Interface 'rst_n': Added interface parameter 'POLARITY' with value 'ACTIVE_LOW'.
INFO: [IP_Flow 19-818] Not transferring value dependency attribute "spirit:decode(id('MODELPARAM_VALUE.FP_BW'))" into user parameter "X_BUF_DATA_WIDTH".
INFO: [IP_Flow 19-818] Not transferring value dependency attribute "(784 * spirit:decode(id('MODELPARAM_VALUE.IN_IMG_NUM')))" into user parameter "X_BUF_DEPTH".
INFO: [IP_Flow 19-818] Not transferring value dependency attribute "spirit:decode(id('MODELPARAM_VALUE.FP_BW'))" into user parameter "W_BUF_DATA_WIDTH".
INFO: [IP_Flow 19-818] Not transferring value dependency attribute "((10 * spirit:decode(id('MODELPARAM_VALUE.IN_IMG_NUM'))) * 4)" into user parameter "Y_BUF_DEPTH".
WARNING: [IP_Flow 19-5661] Bus Interface 'clk' does not have any bus interfaces associated with it.
WARNING: [IP_Flow 19-11770] Clock interface 'clk' has no FREQ_HZ parameter.
Reading block design file <C:/Users/joshu/Documents/DSD25_Termproject_Materials_Updated250519/00_RTL_Skeleton/dsd_termprj.srcs/sources_1/bd/design_1/design_1.bd>...
Adding component instance block -- xilinx.com:ip:processing_system7:5.5 - processing_system7_0
Adding component instance block -- xilinx.com:ip:smartconnect:1.0 - smartconnect_0
Adding component instance block -- xilinx.com:ip:axi_bram_ctrl:4.1 - axi_bram_ctrl_0
Adding component instance block -- xilinx.com:ip:blk_mem_gen:8.4 - blk_mem_gen_0
Adding component instance block -- xilinx.com:module_ref:top_mlp:1.0 - top_mlp_0
Successfully read diagram <design_1> from block design file <C:/Users/joshu/Documents/DSD25_Termproject_Materials_Updated250519/00_RTL_Skeleton/dsd_termprj.srcs/sources_1/bd/design_1/design_1.bd>
Upgrading 'C:/Users/joshu/Documents/DSD25_Termproject_Materials_Updated250519/00_RTL_Skeleton/dsd_termprj.srcs/sources_1/bd/design_1/design_1.bd'
INFO: [IP_Flow 19-3420] Updated design_1_top_mlp_0_0 to use current project options
Wrote  : <C:\Users\joshu\Documents\DSD25_Termproject_Materials_Updated250519\00_RTL_Skeleton\dsd_termprj.srcs\sources_1\bd\design_1\design_1.bd> 
upgrade_ip: Time (s): cpu = 00:00:23 ; elapsed = 00:00:21 . Memory (MB): peak = 1703.844 ; gain = 157.547
update_module_reference: Time (s): cpu = 00:00:24 ; elapsed = 00:00:22 . Memory (MB): peak = 1703.844 ; gain = 157.547
create_bd_cell -type ip -vlnv xilinx.com:ip:dsp_macro:1.0 dsp_macro_0
apply_bd_automation -rule xilinx.com:bd_rule:clkrst -config { Clk {/processing_system7_0/FCLK_CLK0 (50 MHz)} Freq {100} Ref_Clk0 {} Ref_Clk1 {} Ref_Clk2 {}}  [get_bd_pins dsp_macro_0/CLK]
delete_bd_objs [get_bd_nets processing_system7_0_FCLK_CLK0] [get_bd_cells dsp_macro_0]
create_bd_cell -type ip -vlnv xilinx.com:ip:dsp_macro:1.0 dsp_macro_0
apply_bd_automation -rule xilinx.com:bd_rule:clkrst -config { Clk {/processing_system7_0/FCLK_CLK0 (50 MHz)} Freq {100} Ref_Clk0 {} Ref_Clk1 {} Ref_Clk2 {}}  [get_bd_pins dsp_macro_0/CLK]
delete_bd_objs [get_bd_nets processing_system7_0_FCLK_CLK0] [get_bd_cells dsp_macro_0]
create_ip -name dsp_macro -vendor xilinx.com -library ip -version 1.0 -module_name dsp_macro_0
set_property -dict [list \
  CONFIG.a_binarywidth {0} \
  CONFIG.a_width {8} \
  CONFIG.areg_3 {false} \
  CONFIG.areg_4 {false} \
  CONFIG.b_binarywidth {0} \
  CONFIG.b_width {8} \
  CONFIG.breg_3 {false} \
  CONFIG.breg_4 {false} \
  CONFIG.c_binarywidth {0} \
  CONFIG.c_width {31} \
  CONFIG.creg_3 {false} \
  CONFIG.creg_4 {false} \
  CONFIG.creg_5 {false} \
  CONFIG.has_ce {true} \
  CONFIG.has_sclr {true} \
  CONFIG.p_binarywidth {0} \
  CONFIG.p_full_width {32} \
  CONFIG.p_width {32} \
  CONFIG.pipeline_options {Expert} \
  CONFIG.preg_6 {false} \
] [get_ips dsp_macro_0]
generate_target {instantiation_template} [get_files c:/Users/joshu/Documents/DSD25_Termproject_Materials_Updated250519/00_RTL_Skeleton/dsd_termprj.srcs/sources_1/ip/dsp_macro_0/dsp_macro_0.xci]
INFO: [IP_Flow 19-1686] Generating 'Instantiation Template' target for IP 'dsp_macro_0'...
generate_target all [get_files  c:/Users/joshu/Documents/DSD25_Termproject_Materials_Updated250519/00_RTL_Skeleton/dsd_termprj.srcs/sources_1/ip/dsp_macro_0/dsp_macro_0.xci]
INFO: [IP_Flow 19-1686] Generating 'Synthesis' target for IP 'dsp_macro_0'...
INFO: [IP_Flow 19-1686] Generating 'Simulation' target for IP 'dsp_macro_0'...
INFO: [IP_Flow 19-1686] Generating 'Change Log' target for IP 'dsp_macro_0'...
catch { config_ip_cache -export [get_ips -all dsp_macro_0] }
INFO: [IP_Flow 19-6924] IPCACHE: Running cache check for IP inst: dsp_macro_0
export_ip_user_files -of_objects [get_files c:/Users/joshu/Documents/DSD25_Termproject_Materials_Updated250519/00_RTL_Skeleton/dsd_termprj.srcs/sources_1/ip/dsp_macro_0/dsp_macro_0.xci] -no_script -sync -force -quiet
create_ip_run [get_files -of_objects [get_fileset sources_1] c:/Users/joshu/Documents/DSD25_Termproject_Materials_Updated250519/00_RTL_Skeleton/dsd_termprj.srcs/sources_1/ip/dsp_macro_0/dsp_macro_0.xci]
launch_runs dsp_macro_0_synth_1 -jobs 16
INFO: [IP_Flow 19-6924] IPCACHE: Running cache check for IP inst: dsp_macro_0
[Sun Jun 15 20:01:23 2025] Launched dsp_macro_0_synth_1...
Run output will be captured here: C:/Users/joshu/Documents/DSD25_Termproject_Materials_Updated250519/00_RTL_Skeleton/dsd_termprj.runs/dsp_macro_0_synth_1/runme.log
export_simulation -of_objects [get_files c:/Users/joshu/Documents/DSD25_Termproject_Materials_Updated250519/00_RTL_Skeleton/dsd_termprj.srcs/sources_1/ip/dsp_macro_0/dsp_macro_0.xci] -directory C:/Users/joshu/Documents/DSD25_Termproject_Materials_Updated250519/00_RTL_Skeleton/dsd_termprj.ip_user_files/sim_scripts -ip_user_files_dir C:/Users/joshu/Documents/DSD25_Termproject_Materials_Updated250519/00_RTL_Skeleton/dsd_termprj.ip_user_files -ipstatic_source_dir C:/Users/joshu/Documents/DSD25_Termproject_Materials_Updated250519/00_RTL_Skeleton/dsd_termprj.ip_user_files/ipstatic -lib_map_path [list {modelsim=C:/Users/joshu/Documents/DSD25_Termproject_Materials_Updated250519/00_RTL_Skeleton/dsd_termprj.cache/compile_simlib/modelsim} {questa=C:/Users/joshu/Documents/DSD25_Termproject_Materials_Updated250519/00_RTL_Skeleton/dsd_termprj.cache/compile_simlib/questa} {riviera=C:/Users/joshu/Documents/DSD25_Termproject_Materials_Updated250519/00_RTL_Skeleton/dsd_termprj.cache/compile_simlib/riviera} {activehdl=C:/Users/joshu/Documents/DSD25_Termproject_Materials_Updated250519/00_RTL_Skeleton/dsd_termprj.cache/compile_simlib/activehdl}] -use_ip_compiled_libs -force -quiet
import_files -norecurse {C:/Users/joshu/Documents/DSD25_Termproject_Materials/00_RTL_Skeleton/dsd_termprj.srcs/sources_1/imports/source/post_input.v C:/Users/joshu/Documents/DSD25_Termproject_Materials/00_RTL_Skeleton/dsd_termprj.srcs/sources_1/imports/source/MAC_ver2.v C:/Users/joshu/Documents/DSD25_Termproject_Materials/00_RTL_Skeleton/dsd_termprj.srcs/sources_1/new/glbl_ctrl.v C:/Users/joshu/Documents/DSD25_Termproject_Materials/00_RTL_Skeleton/dsd_termprj.srcs/sources_1/new/pu.v C:/Users/joshu/Documents/DSD25_Termproject_Materials/00_RTL_Skeleton/dsd_termprj.srcs/sources_1/imports/source/last_pu.v C:/Users/joshu/Documents/DSD25_Termproject_Materials/00_RTL_Skeleton/dsd_termprj.srcs/sources_1/new/single_port_bram.v C:/Users/joshu/Documents/DSD25_Termproject_Materials/00_RTL_Skeleton/dsd_termprj.srcs/sources_1/new/top_mlp.v}
update_compile_order -fileset sources_1
set_property top top_mlp [current_fileset]
update_compile_order -fileset sources_1
set_property SOURCE_SET sources_1 [get_filesets sim_1]
import_files -fileset sim_1 -norecurse C:/Users/joshu/Documents/DSD25_Termproject_Materials/00_RTL_Skeleton/dsd_termprj.srcs/sim_1/new/tb_top.v
update_compile_order -fileset sim_1
update_module_reference design_1_top_mlp_0_0
ERROR: [filemgmt 56-190] Failed to uniquely resolve reference. Multiple different modules were found that match the name 'top_mlp'.
ERROR: [Common 17-39] 'update_module_reference' failed due to earlier errors.
set_property top top_mlp_tb [get_filesets sim_1]
set_property top_lib xil_defaultlib [get_filesets sim_1]
update_compile_order -fileset sim_1
launch_simulation
Command: launch_simulation 
INFO: [Vivado 12-12493] Simulation top is 'top_mlp_tb'
WARNING: [Vivado 12-13340] Unable to auto find GCC executables from simulator install path! (path not set)
INFO: [Vivado 12-12490] The selected simulation model for 'design_1_dsp_macro_0_0' IP changed to 'rtl' from '', the simulation run directory will be deleted.
INFO: [Vivado 12-5698] Checking validity of IPs in the design for the 'XSim' simulator...
INFO: [Vivado 12-5682] Launching behavioral simulation in 'C:/Users/joshu/Documents/DSD25_Termproject_Materials_Updated250519/00_RTL_Skeleton/dsd_termprj.sim/sim_1/behav/xsim'
INFO: [Vivado 12-4795] Using compiled simulation libraries for IPs
INFO: [SIM-utils-51] Simulation object is 'sim_1'
INFO: [SIM-utils-72] Using boost library from 'C:/Xilinx/Vivado/2023.1/tps/boost_1_72_0'
INFO: [USF-XSim-7] Finding pre-compiled libraries...
INFO: [USF-XSim-11] File 'C:/Xilinx/Vivado/2023.1/data/xsim/xsim.ini' copied to run dir:'C:/Users/joshu/Documents/DSD25_Termproject_Materials_Updated250519/00_RTL_Skeleton/dsd_termprj.sim/sim_1/behav/xsim'
INFO: [SIM-utils-54] Inspecting design source files for 'top_mlp_tb' in fileset 'sim_1'...
INFO: [SIM-utils-43] Exported 'C:/Users/joshu/Documents/DSD25_Termproject_Materials_Updated250519/00_RTL_Skeleton/dsd_termprj.sim/sim_1/behav/xsim/sc_xtlm_design_1_smartconnect_0_0.mem'
WARNING: [SIM-utils-52] IP component XML file does not exist: 'c:/Users/joshu/Documents/DSD25_Termproject_Materials_Updated250519/00_RTL_Skeleton/dsd_termprj.gen/sources_1/bd/design_1/ip/design_1_dsp_macro_0_0/design_1_dsp_macro_0_0.xml'
WARNING: [SIM-utils-52] IP component XML file does not exist: 'c:/Users/joshu/Documents/DSD25_Termproject_Materials_Updated250519/00_RTL_Skeleton/dsd_termprj.gen/sources_1/bd/design_1/ip/design_1_dsp_macro_0_1/design_1_dsp_macro_0_1.xml'
INFO: [USF-XSim-97] Finding global include files...
INFO: [USF-XSim-98] Fetching design files from 'sim_1'...
INFO: [USF-XSim-2] XSim::Compile design
INFO: [USF-XSim-61] Executing 'COMPILE and ANALYZE' step in 'C:/Users/joshu/Documents/DSD25_Termproject_Materials_Updated250519/00_RTL_Skeleton/dsd_termprj.sim/sim_1/behav/xsim'
"xvlog --incr --relax -L axi_vip_v1_1_14 -L processing_system7_vip_v1_0_16 -L smartconnect_v1_0 -L xilinx_vip -prj top_mlp_tb_vlog.prj"
ECHO가 설정되어 있지 않습니다.
ECHO가 설정되어 있지 않습니다.
INFO: [VRFC 10-2263] Analyzing Verilog file "C:/Users/joshu/Documents/DSD25_Termproject_Materials_Updated250519/00_RTL_Skeleton/dsd_termprj.srcs/sources_1/imports/sources_1/imports/source/MAC_ver2.v" into library xil_defaultlib
INFO: [VRFC 10-311] analyzing module MAC_ver2
INFO: [VRFC 10-2263] Analyzing Verilog file "C:/Users/joshu/Documents/DSD25_Termproject_Materials_Updated250519/00_RTL_Skeleton/dsd_termprj.srcs/sources_1/new/glbl_ctrl.v" into library xil_defaultlib
INFO: [VRFC 10-311] analyzing module glbl_ctrl
INFO: [VRFC 10-2263] Analyzing Verilog file "C:/Users/joshu/Documents/DSD25_Termproject_Materials_Updated250519/00_RTL_Skeleton/dsd_termprj.srcs/sources_1/imports/sources_1/imports/source/last_pu.v" into library xil_defaultlib
INFO: [VRFC 10-311] analyzing module last_pu
INFO: [VRFC 10-2263] Analyzing Verilog file "C:/Users/joshu/Documents/DSD25_Termproject_Materials_Updated250519/00_RTL_Skeleton/dsd_termprj.srcs/sources_1/imports/sources_1/imports/source/post_input.v" into library xil_defaultlib
INFO: [VRFC 10-311] analyzing module post_input
INFO: [VRFC 10-2263] Analyzing Verilog file "C:/Users/joshu/Documents/DSD25_Termproject_Materials_Updated250519/00_RTL_Skeleton/dsd_termprj.srcs/sources_1/new/pu.v" into library xil_defaultlib
INFO: [VRFC 10-311] analyzing module pu
INFO: [VRFC 10-2263] Analyzing Verilog file "C:/Users/joshu/Documents/DSD25_Termproject_Materials_Updated250519/00_RTL_Skeleton/dsd_termprj.srcs/sources_1/new/single_port_bram.v" into library xil_defaultlib
INFO: [VRFC 10-311] analyzing module single_port_bram
INFO: [VRFC 10-2263] Analyzing Verilog file "C:/Users/joshu/Documents/DSD25_Termproject_Materials_Updated250519/00_RTL_Skeleton/dsd_termprj.srcs/sources_1/new/top_mlp.v" into library xil_defaultlib
INFO: [VRFC 10-311] analyzing module top_mlp
INFO: [VRFC 10-2263] Analyzing Verilog file "C:/Users/joshu/Documents/DSD25_Termproject_Materials_Updated250519/00_RTL_Skeleton/dsd_termprj.srcs/sim_1/imports/new/tb_top.v" into library xil_defaultlib
INFO: [VRFC 10-311] analyzing module top_mlp_tb
INFO: [VRFC 10-2263] Analyzing Verilog file "C:/Users/joshu/Documents/DSD25_Termproject_Materials_Updated250519/00_RTL_Skeleton/dsd_termprj.sim/sim_1/behav/xsim/glbl.v" into library xil_defaultlib
INFO: [VRFC 10-311] analyzing module glbl
"xvhdl --incr --relax -prj top_mlp_tb_vhdl.prj"
ECHO가 설정되어 있지 않습니다.
ECHO가 설정되어 있지 않습니다.
INFO: [VRFC 10-163] Analyzing VHDL file "C:/Users/joshu/Documents/DSD25_Termproject_Materials_Updated250519/00_RTL_Skeleton/dsd_termprj.gen/sources_1/ip/dsp_macro_0/sim/dsp_macro_0.vhd" into library xil_defaultlib
INFO: [VRFC 10-3107] analyzing entity 'dsp_macro_0'
INFO: [USF-XSim-69] 'compile' step finished in '3' seconds
INFO: [USF-XSim-3] XSim::Elaborate design
INFO: [USF-XSim-61] Executing 'ELABORATE' step in 'C:/Users/joshu/Documents/DSD25_Termproject_Materials_Updated250519/00_RTL_Skeleton/dsd_termprj.sim/sim_1/behav/xsim'
"xelab --incr --debug typical --relax --mt 2 -L xil_defaultlib -L xbip_dsp48_wrapper_v3_0_4 -L xbip_utils_v3_0_10 -L xbip_pipe_v3_0_6 -L dsp_macro_v1_0_3 -L xilinx_vip -L unisims_ver -L unimacro_ver -L secureip -L xpm --snapshot top_mlp_tb_behav xil_defaultlib.top_mlp_tb xil_defaultlib.glbl -log elaborate.log"
ECHO가 설정되어 있지 않습니다.
ECHO가 설정되어 있지 않습니다.
Vivado Simulator v2023.1
Copyright 1986-2022 Xilinx, Inc. All Rights Reserved.
Copyright 2022-2023 Advanced Micro Devices, Inc. All Rights Reserved.
Running: C:/Xilinx/Vivado/2023.1/bin/unwrapped/win64.o/xelab.exe --incr --debug typical --relax --mt 2 -L xil_defaultlib -L xbip_dsp48_wrapper_v3_0_4 -L xbip_utils_v3_0_10 -L xbip_pipe_v3_0_6 -L dsp_macro_v1_0_3 -L xilinx_vip -L unisims_ver -L unimacro_ver -L secureip -L xpm --snapshot top_mlp_tb_behav xil_defaultlib.top_mlp_tb xil_defaultlib.glbl -log elaborate.log 
Using 2 slave threads.
Starting static elaboration
Pass Through NonSizing Optimizer
WARNING: [VRFC 10-3091] actual bit length 13 differs from formal bit length 32 for port 'x_buf_addr' [C:/Users/joshu/Documents/DSD25_Termproject_Materials_Updated250519/00_RTL_Skeleton/dsd_termprj.srcs/sources_1/new/top_mlp.v:62]
WARNING: [VRFC 10-3091] actual bit length 16 differs from formal bit length 32 for port 'w_buf_addr' [C:/Users/joshu/Documents/DSD25_Termproject_Materials_Updated250519/00_RTL_Skeleton/dsd_termprj.srcs/sources_1/new/top_mlp.v:65]
WARNING: [VRFC 10-3091] actual bit length 17 differs from formal bit length 16 for port 'x_buf_data' [C:/Users/joshu/Documents/DSD25_Termproject_Materials_Updated250519/00_RTL_Skeleton/dsd_termprj.srcs/sources_1/new/top_mlp.v:85]
WARNING: [VRFC 10-3091] actual bit length 17 differs from formal bit length 16 for port 'w_buf_data' [C:/Users/joshu/Documents/DSD25_Termproject_Materials_Updated250519/00_RTL_Skeleton/dsd_termprj.srcs/sources_1/new/top_mlp.v:86]
WARNING: [VRFC 10-3091] actual bit length 17 differs from formal bit length 16 for port 'dout' [C:/Users/joshu/Documents/DSD25_Termproject_Materials_Updated250519/00_RTL_Skeleton/dsd_termprj.srcs/sources_1/new/top_mlp.v:104]
WARNING: [VRFC 10-3091] actual bit length 17 differs from formal bit length 16 for port 'dout' [C:/Users/joshu/Documents/DSD25_Termproject_Materials_Updated250519/00_RTL_Skeleton/dsd_termprj.srcs/sources_1/new/top_mlp.v:117]
Completed static elaboration
Starting simulation data flow analysis
WARNING: [XSIM 43-4099] "C:/Users/joshu/Documents/DSD25_Termproject_Materials_Updated250519/00_RTL_Skeleton/dsd_termprj.srcs/sources_1/new/glbl_ctrl.v" Line 1. Module glbl_ctrl doesn't have a timescale but at least one module in design has a timescale.
WARNING: [XSIM 43-4099] "C:/Users/joshu/Documents/DSD25_Termproject_Materials_Updated250519/00_RTL_Skeleton/dsd_termprj.srcs/sources_1/new/glbl_ctrl.v" Line 1. Module glbl_ctrl doesn't have a timescale but at least one module in design has a timescale.
Completed simulation data flow analysis
Time Resolution for simulation is 1ps
Compiling module xil_defaultlib.glbl_ctrl
Compiling module xil_defaultlib.pu(IN_X_BUF_DATA_WIDTH=16,IN_W_B...
Compiling module xil_defaultlib.single_port_bram(WIDTH=16,DEPTH=...
Compiling module xil_defaultlib.single_port_bram(WIDTH=16,DEPTH=...
Compiling module xil_defaultlib.top_mlp_default
Compiling module xil_defaultlib.top_mlp_tb
Compiling module xil_defaultlib.glbl
Built simulation snapshot top_mlp_tb_behav
INFO: [USF-XSim-69] 'elaborate' step finished in '4' seconds
INFO: [USF-XSim-4] XSim::Simulate design
INFO: [USF-XSim-61] Executing 'SIMULATE' step in 'C:/Users/joshu/Documents/DSD25_Termproject_Materials_Updated250519/00_RTL_Skeleton/dsd_termprj.sim/sim_1/behav/xsim'
INFO: [USF-XSim-98] *** Running xsim
   with args "top_mlp_tb_behav -key {Behavioral:sim_1:Functional:top_mlp_tb} -tclbatch {top_mlp_tb.tcl} -protoinst "protoinst_files/bd_48ac.protoinst" -log {simulate.log}"
INFO: [USF-XSim-8] Loading simulator feature
INFO: [Wavedata 42-565] Reading protoinst file protoinst_files/bd_48ac.protoinst
WARNING: [Wavedata 42-558] Couldn't load one or more protocol instances from protoinst file protoinst_files/bd_48ac.protoinst for the following reason(s):
There are no instances of module "bd_48ac" in the design.

Time resolution is 1 ps
source top_mlp_tb.tcl
# set curr_wave [current_wave_config]
# if { [string length $curr_wave] == 0 } {
#   if { [llength [get_objects]] > 0} {
#     add_wave /
#     set_property needs_save false [current_wave_config]
#   } else {
#      send_msg_id Add_Wave-1 WARNING "No top level signals found. Simulator will start without a wave window. If you want to open a wave window go to 'File->New Waveform Configuration' or type 'create_wave_config' in the TCL console."
#   }
# }
# run 1000ns
WARNING: File D:/idsl_hw/DSD/x.txt referenced from process on C:/Users/joshu/Documents/DSD25_Termproject_Materials_Updated250519/00_RTL_Skeleton/dsd_termprj.srcs/sources_1/new/single_port_bram.v at line 35 cannot be opened for reading. Please ensure that this file is available in the current working directory.
WARNING: File D:/idsl_hw/DSD/w.txt referenced from process on C:/Users/joshu/Documents/DSD25_Termproject_Materials_Updated250519/00_RTL_Skeleton/dsd_termprj.srcs/sources_1/new/single_port_bram.v at line 35 cannot be opened for reading. Please ensure that this file is available in the current working directory.
INFO: [USF-XSim-96] XSim completed. Design snapshot 'top_mlp_tb_behav' loaded.
INFO: [USF-XSim-97] XSim simulation ran for 1000ns
launch_simulation: Time (s): cpu = 00:00:07 ; elapsed = 00:00:12 . Memory (MB): peak = 2060.145 ; gain = 37.973
run all
close_sim
INFO: [Simtcl 6-16] Simulation closed
save_bd_design
Wrote  : <C:\Users\joshu\Documents\DSD25_Termproject_Materials_Updated250519\00_RTL_Skeleton\dsd_termprj.srcs\sources_1\bd\design_1\design_1.bd> 
Wrote  : <C:/Users/joshu/Documents/DSD25_Termproject_Materials_Updated250519/00_RTL_Skeleton/dsd_termprj.srcs/sources_1/bd/design_1/ui/bd_1f5defd0.ui> 
launch_simulation
Command: launch_simulation 
INFO: [Vivado 12-12493] Simulation top is 'top_mlp_tb'
WARNING: [Vivado 12-13340] Unable to auto find GCC executables from simulator install path! (path not set)
INFO: [Vivado 12-5698] Checking validity of IPs in the design for the 'XSim' simulator...
INFO: [Vivado 12-5682] Launching behavioral simulation in 'C:/Users/joshu/Documents/DSD25_Termproject_Materials_Updated250519/00_RTL_Skeleton/dsd_termprj.sim/sim_1/behav/xsim'
INFO: [Vivado 12-4795] Using compiled simulation libraries for IPs
INFO: [SIM-utils-51] Simulation object is 'sim_1'
INFO: [SIM-utils-72] Using boost library from 'C:/Xilinx/Vivado/2023.1/tps/boost_1_72_0'
INFO: [USF-XSim-7] Finding pre-compiled libraries...
INFO: [USF-XSim-11] File 'C:/Xilinx/Vivado/2023.1/data/xsim/xsim.ini' copied to run dir:'C:/Users/joshu/Documents/DSD25_Termproject_Materials_Updated250519/00_RTL_Skeleton/dsd_termprj.sim/sim_1/behav/xsim'
INFO: [SIM-utils-54] Inspecting design source files for 'top_mlp_tb' in fileset 'sim_1'...
INFO: [SIM-utils-43] Exported 'C:/Users/joshu/Documents/DSD25_Termproject_Materials_Updated250519/00_RTL_Skeleton/dsd_termprj.sim/sim_1/behav/xsim/sc_xtlm_design_1_smartconnect_0_0.mem'
WARNING: [SIM-utils-52] IP component XML file does not exist: 'c:/Users/joshu/Documents/DSD25_Termproject_Materials_Updated250519/00_RTL_Skeleton/dsd_termprj.gen/sources_1/bd/design_1/ip/design_1_dsp_macro_0_0/design_1_dsp_macro_0_0.xml'
WARNING: [SIM-utils-52] IP component XML file does not exist: 'c:/Users/joshu/Documents/DSD25_Termproject_Materials_Updated250519/00_RTL_Skeleton/dsd_termprj.gen/sources_1/bd/design_1/ip/design_1_dsp_macro_0_1/design_1_dsp_macro_0_1.xml'
INFO: [USF-XSim-97] Finding global include files...
INFO: [USF-XSim-98] Fetching design files from 'sim_1'...
INFO: [USF-XSim-2] XSim::Compile design
INFO: [USF-XSim-61] Executing 'COMPILE and ANALYZE' step in 'C:/Users/joshu/Documents/DSD25_Termproject_Materials_Updated250519/00_RTL_Skeleton/dsd_termprj.sim/sim_1/behav/xsim'
"xvlog --incr --relax -L axi_vip_v1_1_14 -L processing_system7_vip_v1_0_16 -L smartconnect_v1_0 -L xilinx_vip -prj top_mlp_tb_vlog.prj"
ECHO가 설정되어 있지 않습니다.
ECHO가 설정되어 있지 않습니다.
"xvhdl --incr --relax -prj top_mlp_tb_vhdl.prj"
ECHO가 설정되어 있지 않습니다.
ECHO가 설정되어 있지 않습니다.
INFO: [USF-XSim-69] 'compile' step finished in '4' seconds
INFO: [USF-XSim-3] XSim::Elaborate design
INFO: [USF-XSim-61] Executing 'ELABORATE' step in 'C:/Users/joshu/Documents/DSD25_Termproject_Materials_Updated250519/00_RTL_Skeleton/dsd_termprj.sim/sim_1/behav/xsim'
"xelab --incr --debug typical --relax --mt 2 -L xil_defaultlib -L xbip_dsp48_wrapper_v3_0_4 -L xbip_utils_v3_0_10 -L xbip_pipe_v3_0_6 -L dsp_macro_v1_0_3 -L xilinx_vip -L unisims_ver -L unimacro_ver -L secureip -L xpm --snapshot top_mlp_tb_behav xil_defaultlib.top_mlp_tb xil_defaultlib.glbl -log elaborate.log"
ECHO가 설정되어 있지 않습니다.
ECHO가 설정되어 있지 않습니다.
Vivado Simulator v2023.1
Copyright 1986-2022 Xilinx, Inc. All Rights Reserved.
Copyright 2022-2023 Advanced Micro Devices, Inc. All Rights Reserved.
Running: C:/Xilinx/Vivado/2023.1/bin/unwrapped/win64.o/xelab.exe --incr --debug typical --relax --mt 2 -L xil_defaultlib -L xbip_dsp48_wrapper_v3_0_4 -L xbip_utils_v3_0_10 -L xbip_pipe_v3_0_6 -L dsp_macro_v1_0_3 -L xilinx_vip -L unisims_ver -L unimacro_ver -L secureip -L xpm --snapshot top_mlp_tb_behav xil_defaultlib.top_mlp_tb xil_defaultlib.glbl -log elaborate.log 
Using 2 slave threads.
Starting static elaboration
Pass Through NonSizing Optimizer
WARNING: [VRFC 10-3091] actual bit length 13 differs from formal bit length 32 for port 'x_buf_addr' [C:/Users/joshu/Documents/DSD25_Termproject_Materials_Updated250519/00_RTL_Skeleton/dsd_termprj.srcs/sources_1/new/top_mlp.v:62]
WARNING: [VRFC 10-3091] actual bit length 16 differs from formal bit length 32 for port 'w_buf_addr' [C:/Users/joshu/Documents/DSD25_Termproject_Materials_Updated250519/00_RTL_Skeleton/dsd_termprj.srcs/sources_1/new/top_mlp.v:65]
WARNING: [VRFC 10-3091] actual bit length 17 differs from formal bit length 16 for port 'x_buf_data' [C:/Users/joshu/Documents/DSD25_Termproject_Materials_Updated250519/00_RTL_Skeleton/dsd_termprj.srcs/sources_1/new/top_mlp.v:85]
WARNING: [VRFC 10-3091] actual bit length 17 differs from formal bit length 16 for port 'w_buf_data' [C:/Users/joshu/Documents/DSD25_Termproject_Materials_Updated250519/00_RTL_Skeleton/dsd_termprj.srcs/sources_1/new/top_mlp.v:86]
WARNING: [VRFC 10-3091] actual bit length 17 differs from formal bit length 16 for port 'dout' [C:/Users/joshu/Documents/DSD25_Termproject_Materials_Updated250519/00_RTL_Skeleton/dsd_termprj.srcs/sources_1/new/top_mlp.v:104]
WARNING: [VRFC 10-3091] actual bit length 17 differs from formal bit length 16 for port 'dout' [C:/Users/joshu/Documents/DSD25_Termproject_Materials_Updated250519/00_RTL_Skeleton/dsd_termprj.srcs/sources_1/new/top_mlp.v:117]
Completed static elaboration
INFO: [XSIM 43-4323] No Change in HDL. Linking previously generated obj files to create kernel
INFO: [USF-XSim-69] 'elaborate' step finished in '2' seconds
INFO: [USF-XSim-4] XSim::Simulate design
INFO: [USF-XSim-61] Executing 'SIMULATE' step in 'C:/Users/joshu/Documents/DSD25_Termproject_Materials_Updated250519/00_RTL_Skeleton/dsd_termprj.sim/sim_1/behav/xsim'
INFO: [USF-XSim-98] *** Running xsim
   with args "top_mlp_tb_behav -key {Behavioral:sim_1:Functional:top_mlp_tb} -tclbatch {top_mlp_tb.tcl} -protoinst "protoinst_files/bd_48ac.protoinst" -log {simulate.log}"
INFO: [USF-XSim-8] Loading simulator feature
INFO: [Wavedata 42-565] Reading protoinst file protoinst_files/bd_48ac.protoinst
WARNING: [Wavedata 42-558] Couldn't load one or more protocol instances from protoinst file protoinst_files/bd_48ac.protoinst for the following reason(s):
There are no instances of module "bd_48ac" in the design.

Time resolution is 1 ps
source top_mlp_tb.tcl
# set curr_wave [current_wave_config]
# if { [string length $curr_wave] == 0 } {
#   if { [llength [get_objects]] > 0} {
#     add_wave /
#     set_property needs_save false [current_wave_config]
#   } else {
#      send_msg_id Add_Wave-1 WARNING "No top level signals found. Simulator will start without a wave window. If you want to open a wave window go to 'File->New Waveform Configuration' or type 'create_wave_config' in the TCL console."
#   }
# }
# run 1000ns
WARNING: File D:/idsl_hw/DSD/x.txt referenced from process on C:/Users/joshu/Documents/DSD25_Termproject_Materials_Updated250519/00_RTL_Skeleton/dsd_termprj.srcs/sources_1/new/single_port_bram.v at line 35 cannot be opened for reading. Please ensure that this file is available in the current working directory.
WARNING: File D:/idsl_hw/DSD/w.txt referenced from process on C:/Users/joshu/Documents/DSD25_Termproject_Materials_Updated250519/00_RTL_Skeleton/dsd_termprj.srcs/sources_1/new/single_port_bram.v at line 35 cannot be opened for reading. Please ensure that this file is available in the current working directory.
INFO: [USF-XSim-96] XSim completed. Design snapshot 'top_mlp_tb_behav' loaded.
INFO: [USF-XSim-97] XSim simulation ran for 1000ns
launch_simulation: Time (s): cpu = 00:00:05 ; elapsed = 00:00:10 . Memory (MB): peak = 2077.016 ; gain = 7.312
set_property top design_1_wrapper [current_fileset]
update_compile_order -fileset sources_1
export_ip_user_files -of_objects  [get_files C:/Users/joshu/Documents/DSD25_Termproject_Materials_Updated250519/00_RTL_Skeleton/dsd_termprj.srcs/sources_1/new/top_mlp.v] -no_script -reset -force -quiet
remove_files  C:/Users/joshu/Documents/DSD25_Termproject_Materials_Updated250519/00_RTL_Skeleton/dsd_termprj.srcs/sources_1/new/top_mlp.v
file delete -force C:/Users/joshu/Documents/DSD25_Termproject_Materials_Updated250519/00_RTL_Skeleton/dsd_termprj.srcs/sources_1/new/top_mlp.v
export_ip_user_files -of_objects  [get_files C:/Users/joshu/Documents/DSD25_Termproject_Materials_Updated250519/00_RTL_Skeleton/dsd_termprj.srcs/sources_1/imports/sources_1/new/glbl_ctrl.v] -no_script -reset -force -quiet
export_ip_user_files -of_objects  [get_files C:/Users/joshu/Documents/DSD25_Termproject_Materials_Updated250519/00_RTL_Skeleton/dsd_termprj.srcs/sources_1/imports/sources_1/new/pu.v] -no_script -reset -force -quiet
export_ip_user_files -of_objects  [get_files C:/Users/joshu/Documents/DSD25_Termproject_Materials_Updated250519/00_RTL_Skeleton/dsd_termprj.srcs/sources_1/imports/sources_1/new/single_port_bram.v] -no_script -reset -force -quiet
export_ip_user_files -of_objects  [get_files C:/Users/joshu/Documents/DSD25_Termproject_Materials_Updated250519/00_RTL_Skeleton/dsd_termprj.srcs/sources_1/imports/sources_1/new/top_mlp.v] -no_script -reset -force -quiet
remove_files  {C:/Users/joshu/Documents/DSD25_Termproject_Materials_Updated250519/00_RTL_Skeleton/dsd_termprj.srcs/sources_1/imports/sources_1/new/glbl_ctrl.v C:/Users/joshu/Documents/DSD25_Termproject_Materials_Updated250519/00_RTL_Skeleton/dsd_termprj.srcs/sources_1/imports/sources_1/new/pu.v C:/Users/joshu/Documents/DSD25_Termproject_Materials_Updated250519/00_RTL_Skeleton/dsd_termprj.srcs/sources_1/imports/sources_1/new/single_port_bram.v C:/Users/joshu/Documents/DSD25_Termproject_Materials_Updated250519/00_RTL_Skeleton/dsd_termprj.srcs/sources_1/imports/sources_1/new/top_mlp.v}
file delete -force C:/Users/joshu/Documents/DSD25_Termproject_Materials_Updated250519/00_RTL_Skeleton/dsd_termprj.srcs/sources_1/imports/sources_1/new/glbl_ctrl.v C:/Users/joshu/Documents/DSD25_Termproject_Materials_Updated250519/00_RTL_Skeleton/dsd_termprj.srcs/sources_1/imports/sources_1/new/pu.v C:/Users/joshu/Documents/DSD25_Termproject_Materials_Updated250519/00_RTL_Skeleton/dsd_termprj.srcs/sources_1/imports/sources_1/new/single_port_bram.v C:/Users/joshu/Documents/DSD25_Termproject_Materials_Updated250519/00_RTL_Skeleton/dsd_termprj.srcs/sources_1/imports/sources_1/new/top_mlp.v
export_ip_user_files -of_objects  [get_files C:/Users/joshu/Documents/DSD25_Termproject_Materials_Updated250519/00_RTL_Skeleton/dsd_termprj.srcs/sources_1/new/glbl_ctrl.v] -no_script -reset -force -quiet
export_ip_user_files -of_objects  [get_files C:/Users/joshu/Documents/DSD25_Termproject_Materials_Updated250519/00_RTL_Skeleton/dsd_termprj.srcs/sources_1/imports/sources_1/imports/source/last_pu.v] -no_script -reset -force -quiet
export_ip_user_files -of_objects  [get_files C:/Users/joshu/Documents/DSD25_Termproject_Materials_Updated250519/00_RTL_Skeleton/dsd_termprj.srcs/sources_1/imports/sources_1/imports/source/post_input.v] -no_script -reset -force -quiet
export_ip_user_files -of_objects  [get_files C:/Users/joshu/Documents/DSD25_Termproject_Materials_Updated250519/00_RTL_Skeleton/dsd_termprj.srcs/sources_1/new/pu.v] -no_script -reset -force -quiet
export_ip_user_files -of_objects  [get_files C:/Users/joshu/Documents/DSD25_Termproject_Materials_Updated250519/00_RTL_Skeleton/dsd_termprj.srcs/sources_1/new/single_port_bram.v] -no_script -reset -force -quiet
remove_files  {C:/Users/joshu/Documents/DSD25_Termproject_Materials_Updated250519/00_RTL_Skeleton/dsd_termprj.srcs/sources_1/new/glbl_ctrl.v C:/Users/joshu/Documents/DSD25_Termproject_Materials_Updated250519/00_RTL_Skeleton/dsd_termprj.srcs/sources_1/imports/sources_1/imports/source/last_pu.v C:/Users/joshu/Documents/DSD25_Termproject_Materials_Updated250519/00_RTL_Skeleton/dsd_termprj.srcs/sources_1/imports/sources_1/imports/source/post_input.v C:/Users/joshu/Documents/DSD25_Termproject_Materials_Updated250519/00_RTL_Skeleton/dsd_termprj.srcs/sources_1/new/pu.v C:/Users/joshu/Documents/DSD25_Termproject_Materials_Updated250519/00_RTL_Skeleton/dsd_termprj.srcs/sources_1/new/single_port_bram.v}
file delete -force C:/Users/joshu/Documents/DSD25_Termproject_Materials_Updated250519/00_RTL_Skeleton/dsd_termprj.srcs/sources_1/new/glbl_ctrl.v C:/Users/joshu/Documents/DSD25_Termproject_Materials_Updated250519/00_RTL_Skeleton/dsd_termprj.srcs/sources_1/imports/sources_1/imports/source/last_pu.v C:/Users/joshu/Documents/DSD25_Termproject_Materials_Updated250519/00_RTL_Skeleton/dsd_termprj.srcs/sources_1/imports/sources_1/imports/source/post_input.v C:/Users/joshu/Documents/DSD25_Termproject_Materials_Updated250519/00_RTL_Skeleton/dsd_termprj.srcs/sources_1/new/pu.v C:/Users/joshu/Documents/DSD25_Termproject_Materials_Updated250519/00_RTL_Skeleton/dsd_termprj.srcs/sources_1/new/single_port_bram.v
import_files -norecurse C:/Users/joshu/Documents/DSD25_Termproject_Materials/00_RTL_Skeleton/top_mlp_tb_behav.wcfg
import_files -norecurse {C:/Users/joshu/Documents/DSD25_Termproject_Materials/00_RTL_Skeleton/dsd_termprj.srcs/sources_1/imports/source/post_input.v C:/Users/joshu/Documents/DSD25_Termproject_Materials/00_RTL_Skeleton/dsd_termprj.srcs/sources_1/new/glbl_ctrl.v C:/Users/joshu/Documents/DSD25_Termproject_Materials/00_RTL_Skeleton/dsd_termprj.srcs/sources_1/new/pu.v C:/Users/joshu/Documents/DSD25_Termproject_Materials/00_RTL_Skeleton/dsd_termprj.srcs/sources_1/imports/source/last_pu.v C:/Users/joshu/Documents/DSD25_Termproject_Materials/00_RTL_Skeleton/dsd_termprj.srcs/sources_1/new/single_port_bram.v C:/Users/joshu/Documents/DSD25_Termproject_Materials/00_RTL_Skeleton/dsd_termprj.srcs/sources_1/new/top_mlp.v}
update_compile_order -fileset sources_1
close_sim
INFO: [Simtcl 6-16] Simulation closed
INFO: [Vivado 12-5457] ref source:c:/Users/joshu/Documents/DSD25_Termproject_Materials_Updated250519/00_RTL_Skeleton/dsd_termprj.srcs/sources_1/ip/dsp_macro_0/dsp_macro_0.xci
generate_target Simulation [get_files c:/Users/joshu/Documents/DSD25_Termproject_Materials_Updated250519/00_RTL_Skeleton/dsd_termprj.srcs/sources_1/ip/dsp_macro_0/dsp_macro_0.xci]
INFO: [IP_Flow 19-1706] Not generating 'Simulation' target for IP 'dsp_macro_0'. Target already exists and is up to date.
launch_simulation
Command: launch_simulation 
INFO: [Vivado 12-12493] Simulation top is 'top_mlp_tb'
WARNING: [Vivado 12-13340] Unable to auto find GCC executables from simulator install path! (path not set)
INFO: [Vivado 12-5698] Checking validity of IPs in the design for the 'XSim' simulator...
INFO: [Vivado 12-5682] Launching behavioral simulation in 'C:/Users/joshu/Documents/DSD25_Termproject_Materials_Updated250519/00_RTL_Skeleton/dsd_termprj.sim/sim_1/behav/xsim'
INFO: [Vivado 12-13660] Precompiled IP simulation library mode is enabled (default). The design IP libraries will be referenced from the compiled library path. Please note that if the precompiled version of the library is not found from the path or the IP is in locked state, then the library source files for these IPs will be compiled locally as part of the compile order.
INFO: [Vivado 12-4795] Using compiled simulation libraries for IPs
INFO: [SIM-utils-51] Simulation object is 'sim_1'
INFO: [SIM-utils-72] Using boost library from 'C:/Xilinx/Vivado/2023.1/tps/boost_1_72_0'
INFO: [USF-XSim-7] Finding pre-compiled libraries...
INFO: [USF-XSim-11] File 'C:/Xilinx/Vivado/2023.1/data/xsim/xsim.ini' copied to run dir:'C:/Users/joshu/Documents/DSD25_Termproject_Materials_Updated250519/00_RTL_Skeleton/dsd_termprj.sim/sim_1/behav/xsim'
INFO: [SIM-utils-54] Inspecting design source files for 'top_mlp_tb' in fileset 'sim_1'...
INFO: [SIM-utils-43] Exported 'C:/Users/joshu/Documents/DSD25_Termproject_Materials_Updated250519/00_RTL_Skeleton/dsd_termprj.sim/sim_1/behav/xsim/sc_xtlm_design_1_smartconnect_0_0.mem'
WARNING: [SIM-utils-52] IP component XML file does not exist: 'c:/Users/joshu/Documents/DSD25_Termproject_Materials_Updated250519/00_RTL_Skeleton/dsd_termprj.gen/sources_1/bd/design_1/ip/design_1_dsp_macro_0_0/design_1_dsp_macro_0_0.xml'
WARNING: [SIM-utils-52] IP component XML file does not exist: 'c:/Users/joshu/Documents/DSD25_Termproject_Materials_Updated250519/00_RTL_Skeleton/dsd_termprj.gen/sources_1/bd/design_1/ip/design_1_dsp_macro_0_1/design_1_dsp_macro_0_1.xml'
INFO: [USF-XSim-97] Finding global include files...
INFO: [USF-XSim-98] Fetching design files from 'sim_1'...
INFO: [USF-XSim-2] XSim::Compile design
INFO: [USF-XSim-61] Executing 'COMPILE and ANALYZE' step in 'C:/Users/joshu/Documents/DSD25_Termproject_Materials_Updated250519/00_RTL_Skeleton/dsd_termprj.sim/sim_1/behav/xsim'
"xvlog --incr --relax -L axi_vip_v1_1_14 -L processing_system7_vip_v1_0_16 -L smartconnect_v1_0 -L xilinx_vip -prj top_mlp_tb_vlog.prj"
ECHO가 설정되어 있지 않습니다.
ECHO가 설정되어 있지 않습니다.
INFO: [VRFC 10-2263] Analyzing Verilog file "C:/Users/joshu/Documents/DSD25_Termproject_Materials_Updated250519/00_RTL_Skeleton/dsd_termprj.srcs/sources_1/imports/sources_1/new/glbl_ctrl.v" into library xil_defaultlib
INFO: [VRFC 10-311] analyzing module glbl_ctrl
INFO: [VRFC 10-2263] Analyzing Verilog file "C:/Users/joshu/Documents/DSD25_Termproject_Materials_Updated250519/00_RTL_Skeleton/dsd_termprj.srcs/sources_1/imports/sources_1/new/pu.v" into library xil_defaultlib
INFO: [VRFC 10-311] analyzing module pu
INFO: [VRFC 10-2263] Analyzing Verilog file "C:/Users/joshu/Documents/DSD25_Termproject_Materials_Updated250519/00_RTL_Skeleton/dsd_termprj.srcs/sources_1/imports/sources_1/new/single_port_bram.v" into library xil_defaultlib
INFO: [VRFC 10-311] analyzing module single_port_bram
INFO: [VRFC 10-2263] Analyzing Verilog file "C:/Users/joshu/Documents/DSD25_Termproject_Materials_Updated250519/00_RTL_Skeleton/dsd_termprj.srcs/sources_1/imports/sources_1/new/top_mlp.v" into library xil_defaultlib
INFO: [VRFC 10-311] analyzing module top_mlp
"xvhdl --incr --relax -prj top_mlp_tb_vhdl.prj"
ECHO가 설정되어 있지 않습니다.
ECHO가 설정되어 있지 않습니다.
INFO: [USF-XSim-69] 'compile' step finished in '3' seconds
INFO: [USF-XSim-3] XSim::Elaborate design
INFO: [USF-XSim-61] Executing 'ELABORATE' step in 'C:/Users/joshu/Documents/DSD25_Termproject_Materials_Updated250519/00_RTL_Skeleton/dsd_termprj.sim/sim_1/behav/xsim'
"xelab --incr --debug typical --relax --mt 2 -L xil_defaultlib -L xbip_dsp48_wrapper_v3_0_4 -L xbip_utils_v3_0_10 -L xbip_pipe_v3_0_6 -L dsp_macro_v1_0_3 -L xilinx_vip -L unisims_ver -L unimacro_ver -L secureip -L xpm --snapshot top_mlp_tb_behav xil_defaultlib.top_mlp_tb xil_defaultlib.glbl -log elaborate.log"
ECHO가 설정되어 있지 않습니다.
ECHO가 설정되어 있지 않습니다.
Vivado Simulator v2023.1
Copyright 1986-2022 Xilinx, Inc. All Rights Reserved.
Copyright 2022-2023 Advanced Micro Devices, Inc. All Rights Reserved.
Running: C:/Xilinx/Vivado/2023.1/bin/unwrapped/win64.o/xelab.exe --incr --debug typical --relax --mt 2 -L xil_defaultlib -L xbip_dsp48_wrapper_v3_0_4 -L xbip_utils_v3_0_10 -L xbip_pipe_v3_0_6 -L dsp_macro_v1_0_3 -L xilinx_vip -L unisims_ver -L unimacro_ver -L secureip -L xpm --snapshot top_mlp_tb_behav xil_defaultlib.top_mlp_tb xil_defaultlib.glbl -log elaborate.log 
Using 2 slave threads.
Starting static elaboration
Pass Through NonSizing Optimizer
WARNING: [VRFC 10-3091] actual bit length 13 differs from formal bit length 32 for port 'x_buf_addr' [C:/Users/joshu/Documents/DSD25_Termproject_Materials_Updated250519/00_RTL_Skeleton/dsd_termprj.srcs/sources_1/imports/sources_1/new/top_mlp.v:68]
WARNING: [VRFC 10-3091] actual bit length 15 differs from formal bit length 32 for port 'w_buf_addr' [C:/Users/joshu/Documents/DSD25_Termproject_Materials_Updated250519/00_RTL_Skeleton/dsd_termprj.srcs/sources_1/imports/sources_1/new/top_mlp.v:71]
WARNING: [VRFC 10-3091] actual bit length 13 differs from formal bit length 7 for port 'local_buf_addr' [C:/Users/joshu/Documents/DSD25_Termproject_Materials_Updated250519/00_RTL_Skeleton/dsd_termprj.srcs/sources_1/imports/sources_1/new/top_mlp.v:102]
Completed static elaboration
Starting simulation data flow analysis
WARNING: [XSIM 43-4099] "C:/Users/joshu/Documents/DSD25_Termproject_Materials_Updated250519/00_RTL_Skeleton/dsd_termprj.srcs/sources_1/imports/sources_1/new/glbl_ctrl.v" Line 1. Module glbl_ctrl_default doesn't have a timescale but at least one module in design has a timescale.
WARNING: [XSIM 43-4099] "C:/Users/joshu/Documents/DSD25_Termproject_Materials_Updated250519/00_RTL_Skeleton/dsd_termprj.srcs/sources_1/imports/sources_1/new/pu.v" Line 1. Module pu(OUT_BUF_ADDR_WIDTH=9) doesn't have a timescale but at least one module in design has a timescale.
WARNING: [XSIM 43-4099] "C:/Users/joshu/Documents/DSD25_Termproject_Materials_Updated250519/00_RTL_Skeleton/dsd_termprj.srcs/sources_1/imports/sources_1/imports/source/MAC_ver2.v" Line 1. Module MAC_ver2 doesn't have a timescale but at least one module in design has a timescale.
WARNING: [XSIM 43-4099] "C:/Users/joshu/Documents/DSD25_Termproject_Materials_Updated250519/00_RTL_Skeleton/dsd_termprj.srcs/sources_1/imports/sources_1/new/glbl_ctrl.v" Line 1. Module glbl_ctrl_default doesn't have a timescale but at least one module in design has a timescale.
WARNING: [XSIM 43-4099] "C:/Users/joshu/Documents/DSD25_Termproject_Materials_Updated250519/00_RTL_Skeleton/dsd_termprj.srcs/sources_1/imports/sources_1/new/pu.v" Line 1. Module pu(OUT_BUF_ADDR_WIDTH=9) doesn't have a timescale but at least one module in design has a timescale.
WARNING: [XSIM 43-4099] "C:/Users/joshu/Documents/DSD25_Termproject_Materials_Updated250519/00_RTL_Skeleton/dsd_termprj.srcs/sources_1/imports/sources_1/imports/source/MAC_ver2.v" Line 1. Module MAC_ver2 doesn't have a timescale but at least one module in design has a timescale.
Completed simulation data flow analysis
Time Resolution for simulation is 1ps
Compiling package std.standard
Compiling package std.textio
Compiling package ieee.std_logic_1164
Compiling package ieee.numeric_std
Compiling package xbip_utils_v3_0_10.xbip_utils_v3_0_10_pkg
Compiling package dsp_macro_v1_0_3.dsp_macro_v1_0_3_viv_comp
Compiling package dsp_macro_v1_0_3.dsp_macro_v1_0_3_pkg
Compiling package unisim.vcomponents
Compiling package ieee.std_logic_arith
Compiling package ieee.std_logic_signed
Compiling package ieee.vital_timing
Compiling package ieee.vital_primitives
Compiling package unisim.vpkg
Compiling module xil_defaultlib.glbl_ctrl_default
Compiling architecture synth of entity xbip_pipe_v3_0_6.xbip_pipe_v3_0_6_viv [\xbip_pipe_v3_0_6_viv(c_has_ce=1...]
Compiling architecture synth of entity xbip_pipe_v3_0_6.xbip_pipe_v3_0_6_viv [\xbip_pipe_v3_0_6_viv(c_has_ce=1...]
Compiling architecture dsp48e1_v of entity unisim.DSP48E1 [\DSP48E1(acascreg=0,adreg=0,alum...]
Compiling architecture synth of entity xbip_dsp48_wrapper_v3_0_4.xbip_dsp48e1_wrapper_v3_0 [\xbip_dsp48e1_wrapper_v3_0(mreg=...]
Compiling architecture synth of entity xbip_pipe_v3_0_6.xbip_pipe_v3_0_6_viv [\xbip_pipe_v3_0_6_viv(c_has_ce=1...]
Compiling architecture synth of entity xbip_pipe_v3_0_6.xbip_pipe_v3_0_6_viv [\xbip_pipe_v3_0_6_viv(c_has_ce=1...]
Compiling architecture synth of entity xbip_pipe_v3_0_6.xbip_pipe_v3_0_6_viv [\xbip_pipe_v3_0_6_viv(c_has_ce=1...]
Compiling architecture synth of entity xbip_pipe_v3_0_6.xbip_pipe_v3_0_6_viv [\xbip_pipe_v3_0_6_viv(c_has_ce=1...]
Compiling architecture synth of entity dsp_macro_v1_0_3.dsp_macro_synth [\dsp_macro_synth(c_xdevicefamily...]
Compiling architecture synth of entity dsp_macro_v1_0_3.dsp_macro_v1_0_3_viv [\dsp_macro_v1_0_3_viv(c_xdevicef...]
Compiling architecture xilinx of entity dsp_macro_v1_0_3.dsp_macro_v1_0_3 [\dsp_macro_v1_0_3(c_xdevicefamil...]
Compiling architecture dsp_macro_0_arch of entity xil_defaultlib.dsp_macro_0 [dsp_macro_0_default]
Compiling module xil_defaultlib.MAC_ver2
Compiling module xil_defaultlib.last_pu
Compiling module xil_defaultlib.post_input
Compiling module xil_defaultlib.pu(OUT_BUF_ADDR_WIDTH=9)
Compiling module xil_defaultlib.single_port_bram(WIDTH=8,DEPTH=7...
Compiling module xil_defaultlib.single_port_bram(WIDTH=8,DEPTH=1...
Compiling module xil_defaultlib.top_mlp_default
Compiling module xil_defaultlib.top_mlp_tb
Compiling module xil_defaultlib.glbl
Built simulation snapshot top_mlp_tb_behav
run_program: Time (s): cpu = 00:00:01 ; elapsed = 00:00:06 . Memory (MB): peak = 2077.016 ; gain = 0.000
INFO: [USF-XSim-69] 'elaborate' step finished in '6' seconds
INFO: [USF-XSim-4] XSim::Simulate design
INFO: [USF-XSim-61] Executing 'SIMULATE' step in 'C:/Users/joshu/Documents/DSD25_Termproject_Materials_Updated250519/00_RTL_Skeleton/dsd_termprj.sim/sim_1/behav/xsim'
INFO: [USF-XSim-98] *** Running xsim
   with args "top_mlp_tb_behav -key {Behavioral:sim_1:Functional:top_mlp_tb} -tclbatch {top_mlp_tb.tcl} -protoinst "protoinst_files/bd_48ac.protoinst" -log {simulate.log}"
INFO: [USF-XSim-8] Loading simulator feature
INFO: [Wavedata 42-565] Reading protoinst file protoinst_files/bd_48ac.protoinst
WARNING: [Wavedata 42-558] Couldn't load one or more protocol instances from protoinst file protoinst_files/bd_48ac.protoinst for the following reason(s):
There are no instances of module "bd_48ac" in the design.

Time resolution is 1 ps
source top_mlp_tb.tcl
# set curr_wave [current_wave_config]
# if { [string length $curr_wave] == 0 } {
#   if { [llength [get_objects]] > 0} {
#     add_wave /
#     set_property needs_save false [current_wave_config]
#   } else {
#      send_msg_id Add_Wave-1 WARNING "No top level signals found. Simulator will start without a wave window. If you want to open a wave window go to 'File->New Waveform Configuration' or type 'create_wave_config' in the TCL console."
#   }
# }
# run 1000ns
INFO: [USF-XSim-96] XSim completed. Design snapshot 'top_mlp_tb_behav' loaded.
INFO: [USF-XSim-97] XSim simulation ran for 1000ns
launch_simulation: Time (s): cpu = 00:00:04 ; elapsed = 00:00:12 . Memory (MB): peak = 2079.660 ; gain = 2.645
run all
Time 185925000: y_buf_data = -11576, 	addr = 0
Time 186575000: y_buf_data = -1247, 	addr = 4
Time 187225000: y_buf_data = 34345, 	addr = 8
Time 187875000: y_buf_data = 9805, 	addr = 12
Time 188525000: y_buf_data = -42461, 	addr = 16
Time 189175000: y_buf_data = -4766, 	addr = 20
Time 189825000: y_buf_data = -8336, 	addr = 24
Time 190475000: y_buf_data = -25177, 	addr = 28
Time 191125000: y_buf_data = -1217, 	addr = 32
Time 191775000: y_buf_data = -45985, 	addr = 36
Time 377705000: y_buf_data = -19407, 	addr = 40
Time 378355000: y_buf_data = 13351, 	addr = 44
Time 379005000: y_buf_data = -7164, 	addr = 48
Time 379655000: y_buf_data = -5901, 	addr = 52
Time 380305000: y_buf_data = -10381, 	addr = 56
Time 380955000: y_buf_data = -1228, 	addr = 60
Time 381605000: y_buf_data = 888, 	addr = 64
Time 382255000: y_buf_data = -5263, 	addr = 68
Time 382905000: y_buf_data = 4758, 	addr = 72
Time 383555000: y_buf_data = -16765, 	addr = 76
Time 569485000: y_buf_data = 37380, 	addr = 80
Time 570135000: y_buf_data = -25913, 	addr = 84
Time 570785000: y_buf_data = -5961, 	addr = 88
Time 571435000: y_buf_data = -11036, 	addr = 92
Time 572085000: y_buf_data = -15441, 	addr = 96
Time 572735000: y_buf_data = -7576, 	addr = 100
Time 573385000: y_buf_data = 5538, 	addr = 104
Time 574035000: y_buf_data = -16407, 	addr = 108
Time 574685000: y_buf_data = -10822, 	addr = 112
Time 575335000: y_buf_data = -7577, 	addr = 116
Time 761265000: y_buf_data = -8661, 	addr = 120
Time 761915000: y_buf_data = -24427, 	addr = 124
Time 762565000: y_buf_data = -8151, 	addr = 128
Time 763215000: y_buf_data = -13316, 	addr = 132
Time 763865000: y_buf_data = 21364, 	addr = 136
Time 764515000: y_buf_data = -13552, 	addr = 140
Time 765165000: y_buf_data = -5739, 	addr = 144
Time 765815000: y_buf_data = -1384, 	addr = 148
Time 766465000: y_buf_data = -3391, 	addr = 152
Time 767115000: y_buf_data = 12471, 	addr = 156
Time 953045000: y_buf_data = -20535, 	addr = 160
Time 953695000: y_buf_data = 19182, 	addr = 164
Time 954345000: y_buf_data = -9473, 	addr = 168
Time 954995000: y_buf_data = -5950, 	addr = 172
Time 955645000: y_buf_data = -15268, 	addr = 176
Time 956295000: y_buf_data = -14349, 	addr = 180
Time 956945000: y_buf_data = -6989, 	addr = 184
Time 957595000: y_buf_data = 632, 	addr = 188
Time 958245000: y_buf_data = 4142, 	addr = 192
Time 958895000: y_buf_data = -18991, 	addr = 196
Time 1144825000: y_buf_data = -41125, 	addr = 200
Time 1145475000: y_buf_data = -13213, 	addr = 204
Time 1146125000: y_buf_data = -11169, 	addr = 208
Time 1146775000: y_buf_data = -15338, 	addr = 212
Time 1147425000: y_buf_data = 19244, 	addr = 216
Time 1148075000: y_buf_data = -1722, 	addr = 220
Time 1148725000: y_buf_data = -18126, 	addr = 224
Time 1149375000: y_buf_data = -721, 	addr = 228
Time 1150025000: y_buf_data = 441, 	addr = 232
Time 1150675000: y_buf_data = -10301, 	addr = 236
Time 1336605000: y_buf_data = -25401, 	addr = 240
Time 1337255000: y_buf_data = -25821, 	addr = 244
Time 1337905000: y_buf_data = -5433, 	addr = 248
Time 1338555000: y_buf_data = 5839, 	addr = 252
Time 1339205000: y_buf_data = -6487, 	addr = 256
Time 1339855000: y_buf_data = -3925, 	addr = 260
Time 1340505000: y_buf_data = -58595, 	addr = 264
Time 1341155000: y_buf_data = 18363, 	addr = 268
Time 1341805000: y_buf_data = -16381, 	addr = 272
Time 1342455000: y_buf_data = 29775, 	addr = 276
Time 1528385000: y_buf_data = -36730, 	addr = 280
Time 1529035000: y_buf_data = -41118, 	addr = 284
Time 1529685000: y_buf_data = -4838, 	addr = 288
Time 1530335000: y_buf_data = -25890, 	addr = 292
Time 1530985000: y_buf_data = -14876, 	addr = 296
Time 1531635000: y_buf_data = 20028, 	addr = 300
Time 1532285000: y_buf_data = 23993, 	addr = 304
Time 1532935000: y_buf_data = -35186, 	addr = 308
Time 1533585000: y_buf_data = 15865, 	addr = 312
Time 1534235000: y_buf_data = -20405, 	addr = 316
Time 1720165000: y_buf_data = -46252, 	addr = 320
Time 1720815000: y_buf_data = -30784, 	addr = 324
Time 1721465000: y_buf_data = -5449, 	addr = 328
Time 1722115000: y_buf_data = -2709, 	addr = 332
Time 1722765000: y_buf_data = 14725, 	addr = 336
Time 1723415000: y_buf_data = -23968, 	addr = 340
Time 1724065000: y_buf_data = -59621, 	addr = 344
Time 1724715000: y_buf_data = 19996, 	addr = 348
Time 1725365000: y_buf_data = 4636, 	addr = 352
Time 1726015000: y_buf_data = 33038, 	addr = 356
Time 1911945000: y_buf_data = 35360, 	addr = 360
Time 1912595000: y_buf_data = -23623, 	addr = 364
Time 1913245000: y_buf_data = 3139, 	addr = 368
Time 1913895000: y_buf_data = -7040, 	addr = 372
Time 1914545000: y_buf_data = -30146, 	addr = 376
Time 1915195000: y_buf_data = -920, 	addr = 380
Time 1915845000: y_buf_data = 4001, 	addr = 384
Time 1916495000: y_buf_data = -23640, 	addr = 388
Time 1917145000: y_buf_data = -5608, 	addr = 392
Time 1917795000: y_buf_data = -11511, 	addr = 396
Simulation finished.
$stop called at time : 1917815 ns : File "C:/Users/joshu/Documents/DSD25_Termproject_Materials_Updated250519/00_RTL_Skeleton/dsd_termprj.srcs/sim_1/imports/new/tb_top.v" Line 76
reset_run design_1_processing_system7_0_0_synth_1
WARNING: [Vivado 12-1017] Problems encountered:
1. Failed to delete one or more files in run directory C:/Users/joshu/Documents/DSD25_Termproject_Materials_Updated250519/00_RTL_Skeleton/dsd_termprj.runs/design_1_processing_system7_0_0_synth_1

reset_run synth_1
INFO: [Project 1-1161] Replacing file C:/Users/joshu/Documents/DSD25_Termproject_Materials_Updated250519/00_RTL_Skeleton/dsd_termprj.srcs/utils_1/imports/synth_1/design_1_wrapper.dcp with file C:/Users/joshu/Documents/DSD25_Termproject_Materials_Updated250519/00_RTL_Skeleton/dsd_termprj.runs/synth_1/design_1_wrapper.dcp
WARNING: [Vivado 12-1017] Problems encountered:
1. Failed to delete one or more files in run directory C:/Users/joshu/Documents/DSD25_Termproject_Materials_Updated250519/00_RTL_Skeleton/dsd_termprj.runs/synth_1

update_module_reference design_1_top_mlp_0_0
INFO: [IP_Flow 19-5107] Inferred bus interface 'rst_n' of definition 'xilinx.com:signal:reset:1.0' (from Xilinx Repository).
INFO: [IP_Flow 19-5107] Inferred bus interface 'clk' of definition 'xilinx.com:signal:clock:1.0' (from Xilinx Repository).
INFO: [IP_Flow 19-4728] Bus Interface 'rst_n': Added interface parameter 'POLARITY' with value 'ACTIVE_LOW'.
INFO: [IP_Flow 19-818] Not transferring value dependency attribute "spirit:decode(id('MODELPARAM_VALUE.INT_BW'))" into user parameter "X_BUF_DATA_WIDTH".
INFO: [IP_Flow 19-818] Not transferring value dependency attribute "(784 * spirit:decode(id('MODELPARAM_VALUE.IN_IMG_NUM')))" into user parameter "X_BUF_DEPTH".
INFO: [IP_Flow 19-818] Not transferring value dependency attribute "spirit:decode(id('MODELPARAM_VALUE.INT_BW'))" into user parameter "W_BUF_DATA_WIDTH".
INFO: [IP_Flow 19-818] Not transferring value dependency attribute "((10 * spirit:decode(id('MODELPARAM_VALUE.IN_IMG_NUM'))) * 4)" into user parameter "Y_BUF_DEPTH".
WARNING: [IP_Flow 19-5661] Bus Interface 'clk' does not have any bus interfaces associated with it.
WARNING: [IP_Flow 19-11770] Clock interface 'clk' has no FREQ_HZ parameter.
INFO: [IP_Flow 19-5107] Inferred bus interface 'rst_n' of definition 'xilinx.com:signal:reset:1.0' (from Xilinx Repository).
INFO: [IP_Flow 19-5107] Inferred bus interface 'clk' of definition 'xilinx.com:signal:clock:1.0' (from Xilinx Repository).
INFO: [IP_Flow 19-4728] Bus Interface 'rst_n': Added interface parameter 'POLARITY' with value 'ACTIVE_LOW'.
INFO: [IP_Flow 19-818] Not transferring value dependency attribute "spirit:decode(id('MODELPARAM_VALUE.INT_BW'))" into user parameter "X_BUF_DATA_WIDTH".
INFO: [IP_Flow 19-818] Not transferring value dependency attribute "(784 * spirit:decode(id('MODELPARAM_VALUE.IN_IMG_NUM')))" into user parameter "X_BUF_DEPTH".
INFO: [IP_Flow 19-818] Not transferring value dependency attribute "spirit:decode(id('MODELPARAM_VALUE.INT_BW'))" into user parameter "W_BUF_DATA_WIDTH".
INFO: [IP_Flow 19-818] Not transferring value dependency attribute "((10 * spirit:decode(id('MODELPARAM_VALUE.IN_IMG_NUM'))) * 4)" into user parameter "Y_BUF_DEPTH".
WARNING: [IP_Flow 19-5661] Bus Interface 'clk' does not have any bus interfaces associated with it.
WARNING: [IP_Flow 19-11770] Clock interface 'clk' has no FREQ_HZ parameter.
Upgrading 'C:/Users/joshu/Documents/DSD25_Termproject_Materials_Updated250519/00_RTL_Skeleton/dsd_termprj.srcs/sources_1/bd/design_1/design_1.bd'
INFO: [IP_Flow 19-3420] Updated design_1_top_mlp_0_0 to use current project options
Wrote  : <C:\Users\joshu\Documents\DSD25_Termproject_Materials_Updated250519\00_RTL_Skeleton\dsd_termprj.srcs\sources_1\bd\design_1\design_1.bd> 
launch_runs synth_1 -jobs 16
INFO: [Vivado 12-4149] The synthesis checkpoint for IP 'c:/Users/joshu/Documents/DSD25_Termproject_Materials_Updated250519/00_RTL_Skeleton/dsd_termprj.srcs/sources_1/ip/dsp_macro_0/dsp_macro_0.xci' is already up-to-date
INFO: [BD 5-943] Reserving offset range <0x4000_0000 [ 8K ]> from slave interface '/smartconnect_0/S00_AXI' to master interface '/smartconnect_0/M00_AXI'. This will be used by smartconnect on path for routing.
INFO: [xilinx.com:ip:smartconnect:1.0-1] design_1_smartconnect_0_0: SmartConnect design_1_smartconnect_0_0 is in High-performance Mode.
INFO: [Ipptcl 7-1463] No Compatible Board Interface found. Board Tab not created in customize GUI
WARNING: [filemgmt 56-443] The ECC Algorithm string is empty. Setting the Memory Map to default ECC value to ECC_NONE.
WARNING: [filemgmt 56-443] The ECC Algorithm string is empty. Setting the Memory Map to default ECC value to ECC_NONE.
Wrote  : <C:\Users\joshu\Documents\DSD25_Termproject_Materials_Updated250519\00_RTL_Skeleton\dsd_termprj.srcs\sources_1\bd\design_1\design_1.bd> 
WARNING: [BD 41-2384] Width mismatch when connecting pin: '/blk_mem_gen_0/addra'(32) to pin: '/axi_bram_ctrl_0/bram_addr_a'(13) - Only lower order bits will be connected.
CRITICAL WARNING: [BD 41-2383] Width mismatch when connecting input pin '/blk_mem_gen_0/addrb'(32) to pin '/top_mlp_0/y_buf_addr'(9) - Only lower order bits will be connected, and other input bits of this pin will be left unconnected.
Verilog Output written to : c:/Users/joshu/Documents/DSD25_Termproject_Materials_Updated250519/00_RTL_Skeleton/dsd_termprj.gen/sources_1/bd/design_1/synth/design_1.v
WARNING: [BD 41-2384] Width mismatch when connecting pin: '/blk_mem_gen_0/addra'(32) to pin: '/axi_bram_ctrl_0/bram_addr_a'(13) - Only lower order bits will be connected.
CRITICAL WARNING: [BD 41-2383] Width mismatch when connecting input pin '/blk_mem_gen_0/addrb'(32) to pin '/top_mlp_0/y_buf_addr'(9) - Only lower order bits will be connected, and other input bits of this pin will be left unconnected.
Verilog Output written to : c:/Users/joshu/Documents/DSD25_Termproject_Materials_Updated250519/00_RTL_Skeleton/dsd_termprj.gen/sources_1/bd/design_1/sim/design_1.v
Verilog Output written to : c:/Users/joshu/Documents/DSD25_Termproject_Materials_Updated250519/00_RTL_Skeleton/dsd_termprj.gen/sources_1/bd/design_1/hdl/design_1_wrapper.v
INFO: [IP_Flow 19-5611] Unable to find an associated reset port for the interface 'M_AXI_GP0'. A default connection has been created.
INFO: [BD 41-1029] Generation completed for the IP Integrator block processing_system7_0 .
Exporting to file c:/Users/joshu/Documents/DSD25_Termproject_Materials_Updated250519/00_RTL_Skeleton/dsd_termprj.gen/sources_1/bd/design_1/ip/design_1_smartconnect_0_0/bd_0/hw_handoff/design_1_smartconnect_0_0.hwh
Generated Hardware Definition File c:/Users/joshu/Documents/DSD25_Termproject_Materials_Updated250519/00_RTL_Skeleton/dsd_termprj.gen/sources_1/bd/design_1/ip/design_1_smartconnect_0_0/bd_0/synth/design_1_smartconnect_0_0.hwdef
INFO: [BD 41-1029] Generation completed for the IP Integrator block smartconnect_0 .
INFO: [BD 41-1029] Generation completed for the IP Integrator block top_mlp_0 .
Exporting to file c:/Users/joshu/Documents/DSD25_Termproject_Materials_Updated250519/00_RTL_Skeleton/dsd_termprj.gen/sources_1/bd/design_1/hw_handoff/design_1.hwh
Generated Hardware Definition File c:/Users/joshu/Documents/DSD25_Termproject_Materials_Updated250519/00_RTL_Skeleton/dsd_termprj.gen/sources_1/bd/design_1/synth/design_1.hwdef
INFO: [IP_Flow 19-6924] IPCACHE: Running cache check for IP inst: design_1_smartconnect_0_0
INFO: [IP_Flow 19-6922] IPCACHE: Exporting cached entry 9d6dd5227606b3fd to dir: c:/Users/joshu/Documents/DSD25_Termproject_Materials_Updated250519/00_RTL_Skeleton/dsd_termprj.gen/sources_1/bd/design_1/ip/design_1_smartconnect_0_0
INFO: [IP_Flow 19-6928] IPCACHE: copied cached file c:/Users/joshu/Documents/DSD25_Termproject_Materials_Updated250519/00_RTL_Skeleton/dsd_termprj.cache/ip/2023.1/9/d/9d6dd5227606b3fd/design_1_smartconnect_0_0.dcp to c:/Users/joshu/Documents/DSD25_Termproject_Materials_Updated250519/00_RTL_Skeleton/dsd_termprj.gen/sources_1/bd/design_1/ip/design_1_smartconnect_0_0/design_1_smartconnect_0_0.dcp.
INFO: [IP_Flow 19-6926] IPCACHE: added file to list for BOM: c:/Users/joshu/Documents/DSD25_Termproject_Materials_Updated250519/00_RTL_Skeleton/dsd_termprj.gen/sources_1/bd/design_1/ip/design_1_smartconnect_0_0/design_1_smartconnect_0_0.dcp
INFO: [IP_Flow 19-6928] IPCACHE: copied cached file c:/Users/joshu/Documents/DSD25_Termproject_Materials_Updated250519/00_RTL_Skeleton/dsd_termprj.cache/ip/2023.1/9/d/9d6dd5227606b3fd/design_1_smartconnect_0_0_sim_netlist.v to c:/Users/joshu/Documents/DSD25_Termproject_Materials_Updated250519/00_RTL_Skeleton/dsd_termprj.gen/sources_1/bd/design_1/ip/design_1_smartconnect_0_0/design_1_smartconnect_0_0_sim_netlist.v.
INFO: [IP_Flow 19-6926] IPCACHE: added file to list for BOM: c:/Users/joshu/Documents/DSD25_Termproject_Materials_Updated250519/00_RTL_Skeleton/dsd_termprj.gen/sources_1/bd/design_1/ip/design_1_smartconnect_0_0/design_1_smartconnect_0_0_sim_netlist.v
INFO: [IP_Flow 19-6928] IPCACHE: copied cached file c:/Users/joshu/Documents/DSD25_Termproject_Materials_Updated250519/00_RTL_Skeleton/dsd_termprj.cache/ip/2023.1/9/d/9d6dd5227606b3fd/design_1_smartconnect_0_0_sim_netlist.vhdl to c:/Users/joshu/Documents/DSD25_Termproject_Materials_Updated250519/00_RTL_Skeleton/dsd_termprj.gen/sources_1/bd/design_1/ip/design_1_smartconnect_0_0/design_1_smartconnect_0_0_sim_netlist.vhdl.
INFO: [IP_Flow 19-6926] IPCACHE: added file to list for BOM: c:/Users/joshu/Documents/DSD25_Termproject_Materials_Updated250519/00_RTL_Skeleton/dsd_termprj.gen/sources_1/bd/design_1/ip/design_1_smartconnect_0_0/design_1_smartconnect_0_0_sim_netlist.vhdl
INFO: [IP_Flow 19-6928] IPCACHE: copied cached file c:/Users/joshu/Documents/DSD25_Termproject_Materials_Updated250519/00_RTL_Skeleton/dsd_termprj.cache/ip/2023.1/9/d/9d6dd5227606b3fd/design_1_smartconnect_0_0_stub.v to c:/Users/joshu/Documents/DSD25_Termproject_Materials_Updated250519/00_RTL_Skeleton/dsd_termprj.gen/sources_1/bd/design_1/ip/design_1_smartconnect_0_0/design_1_smartconnect_0_0_stub.v.
INFO: [IP_Flow 19-6926] IPCACHE: added file to list for BOM: c:/Users/joshu/Documents/DSD25_Termproject_Materials_Updated250519/00_RTL_Skeleton/dsd_termprj.gen/sources_1/bd/design_1/ip/design_1_smartconnect_0_0/design_1_smartconnect_0_0_stub.v
INFO: [IP_Flow 19-6928] IPCACHE: copied cached file c:/Users/joshu/Documents/DSD25_Termproject_Materials_Updated250519/00_RTL_Skeleton/dsd_termprj.cache/ip/2023.1/9/d/9d6dd5227606b3fd/design_1_smartconnect_0_0_stub.vhdl to c:/Users/joshu/Documents/DSD25_Termproject_Materials_Updated250519/00_RTL_Skeleton/dsd_termprj.gen/sources_1/bd/design_1/ip/design_1_smartconnect_0_0/design_1_smartconnect_0_0_stub.vhdl.
INFO: [IP_Flow 19-6926] IPCACHE: added file to list for BOM: c:/Users/joshu/Documents/DSD25_Termproject_Materials_Updated250519/00_RTL_Skeleton/dsd_termprj.gen/sources_1/bd/design_1/ip/design_1_smartconnect_0_0/design_1_smartconnect_0_0_stub.vhdl
INFO: [IP_Flow 19-4993] Using cached IP synthesis design for IP design_1_smartconnect_0_0, cache-ID = 9d6dd5227606b3fd; cache size = 9.721 MB.
[Sun Jun 15 20:13:58 2025] Launched design_1_processing_system7_0_0_synth_1, design_1_top_mlp_0_0_synth_1...
Run output will be captured here:
design_1_processing_system7_0_0_synth_1: C:/Users/joshu/Documents/DSD25_Termproject_Materials_Updated250519/00_RTL_Skeleton/dsd_termprj.runs/design_1_processing_system7_0_0_synth_1/runme.log
design_1_top_mlp_0_0_synth_1: C:/Users/joshu/Documents/DSD25_Termproject_Materials_Updated250519/00_RTL_Skeleton/dsd_termprj.runs/design_1_top_mlp_0_0_synth_1/runme.log
[Sun Jun 15 20:13:58 2025] Launched synth_1...
Run output will be captured here: C:/Users/joshu/Documents/DSD25_Termproject_Materials_Updated250519/00_RTL_Skeleton/dsd_termprj.runs/synth_1/runme.log
launch_runs: Time (s): cpu = 00:00:26 ; elapsed = 00:00:32 . Memory (MB): peak = 2702.172 ; gain = 0.000
reset_run synth_1
WARNING: [Vivado 12-1017] Problems encountered:
1. Failed to delete one or more files in run directory C:/Users/joshu/Documents/DSD25_Termproject_Materials_Updated250519/00_RTL_Skeleton/dsd_termprj.runs/synth_1

launch_runs synth_1 -jobs 16
INFO: [Vivado 12-4149] The synthesis checkpoint for IP 'c:/Users/joshu/Documents/DSD25_Termproject_Materials_Updated250519/00_RTL_Skeleton/dsd_termprj.srcs/sources_1/ip/dsp_macro_0/dsp_macro_0.xci' is already up-to-date
[Sun Jun 15 20:14:13 2025] Launched design_1_processing_system7_0_0_synth_1, design_1_top_mlp_0_0_synth_1...
Run output will be captured here:
design_1_processing_system7_0_0_synth_1: C:/Users/joshu/Documents/DSD25_Termproject_Materials_Updated250519/00_RTL_Skeleton/dsd_termprj.runs/design_1_processing_system7_0_0_synth_1/runme.log
design_1_top_mlp_0_0_synth_1: C:/Users/joshu/Documents/DSD25_Termproject_Materials_Updated250519/00_RTL_Skeleton/dsd_termprj.runs/design_1_top_mlp_0_0_synth_1/runme.log
[Sun Jun 15 20:14:13 2025] Launched synth_1...
Run output will be captured here: C:/Users/joshu/Documents/DSD25_Termproject_Materials_Updated250519/00_RTL_Skeleton/dsd_termprj.runs/synth_1/runme.log
open_run synth_1 -name synth_1
Design is defaulting to impl run constrset: constrs_1
Design is defaulting to synth run part: xc7z020clg400-1
INFO: [Device 21-403] Loading part xc7z020clg400-1
INFO: [Project 1-454] Reading design checkpoint 'c:/Users/joshu/Documents/DSD25_Termproject_Materials_Updated250519/00_RTL_Skeleton/dsd_termprj.gen/sources_1/bd/design_1/ip/design_1_axi_bram_ctrl_0_0/design_1_axi_bram_ctrl_0_0.dcp' for cell 'design_1_i/axi_bram_ctrl_0'
INFO: [Project 1-454] Reading design checkpoint 'c:/Users/joshu/Documents/DSD25_Termproject_Materials_Updated250519/00_RTL_Skeleton/dsd_termprj.gen/sources_1/bd/design_1/ip/design_1_blk_mem_gen_0_0/design_1_blk_mem_gen_0_0.dcp' for cell 'design_1_i/blk_mem_gen_0'
INFO: [Project 1-454] Reading design checkpoint 'c:/Users/joshu/Documents/DSD25_Termproject_Materials_Updated250519/00_RTL_Skeleton/dsd_termprj.gen/sources_1/bd/design_1/ip/design_1_processing_system7_0_0/design_1_processing_system7_0_0.dcp' for cell 'design_1_i/processing_system7_0'
INFO: [Project 1-454] Reading design checkpoint 'c:/Users/joshu/Documents/DSD25_Termproject_Materials_Updated250519/00_RTL_Skeleton/dsd_termprj.gen/sources_1/bd/design_1/ip/design_1_smartconnect_0_0/design_1_smartconnect_0_0.dcp' for cell 'design_1_i/smartconnect_0'
INFO: [Project 1-454] Reading design checkpoint 'c:/Users/joshu/Documents/DSD25_Termproject_Materials_Updated250519/00_RTL_Skeleton/dsd_termprj.gen/sources_1/bd/design_1/ip/design_1_top_mlp_0_0/design_1_top_mlp_0_0.dcp' for cell 'design_1_i/top_mlp_0'
INFO: [Project 1-454] Reading design checkpoint 'c:/Users/joshu/Documents/DSD25_Termproject_Materials_Updated250519/00_RTL_Skeleton/dsd_termprj.gen/sources_1/ip/dsp_macro_0/dsp_macro_0.dcp' for cell 'design_1_i/top_mlp_0/inst/pu_inst/my_mac/DSP_for_MAC'
Netlist sorting complete. Time (s): cpu = 00:00:00 ; elapsed = 00:00:00.179 . Memory (MB): peak = 2702.172 ; gain = 0.000
INFO: [Netlist 29-17] Analyzing 282 Unisim elements for replacement
INFO: [Netlist 29-28] Unisim Transformation completed in 0 CPU seconds
INFO: [Project 1-479] Netlist was created with Vivado 2023.1
INFO: [Project 1-570] Preparing netlist for logic optimization
Parsing XDC File [c:/Users/joshu/Documents/DSD25_Termproject_Materials_Updated250519/00_RTL_Skeleton/dsd_termprj.gen/sources_1/bd/design_1/ip/design_1_processing_system7_0_0/design_1_processing_system7_0_0.xdc] for cell 'design_1_i/processing_system7_0/inst'
Finished Parsing XDC File [c:/Users/joshu/Documents/DSD25_Termproject_Materials_Updated250519/00_RTL_Skeleton/dsd_termprj.gen/sources_1/bd/design_1/ip/design_1_processing_system7_0_0/design_1_processing_system7_0_0.xdc] for cell 'design_1_i/processing_system7_0/inst'
Parsing XDC File [c:/Users/joshu/Documents/DSD25_Termproject_Materials_Updated250519/00_RTL_Skeleton/dsd_termprj.gen/sources_1/bd/design_1/ip/design_1_smartconnect_0_0/bd_0/ip/ip_1/bd_48ac_psr_aclk_0_board.xdc] for cell 'design_1_i/smartconnect_0/inst/clk_map/psr_aclk/U0'
Finished Parsing XDC File [c:/Users/joshu/Documents/DSD25_Termproject_Materials_Updated250519/00_RTL_Skeleton/dsd_termprj.gen/sources_1/bd/design_1/ip/design_1_smartconnect_0_0/bd_0/ip/ip_1/bd_48ac_psr_aclk_0_board.xdc] for cell 'design_1_i/smartconnect_0/inst/clk_map/psr_aclk/U0'
Parsing XDC File [c:/Users/joshu/Documents/DSD25_Termproject_Materials_Updated250519/00_RTL_Skeleton/dsd_termprj.gen/sources_1/bd/design_1/ip/design_1_smartconnect_0_0/bd_0/ip/ip_1/bd_48ac_psr_aclk_0.xdc] for cell 'design_1_i/smartconnect_0/inst/clk_map/psr_aclk/U0'
Finished Parsing XDC File [c:/Users/joshu/Documents/DSD25_Termproject_Materials_Updated250519/00_RTL_Skeleton/dsd_termprj.gen/sources_1/bd/design_1/ip/design_1_smartconnect_0_0/bd_0/ip/ip_1/bd_48ac_psr_aclk_0.xdc] for cell 'design_1_i/smartconnect_0/inst/clk_map/psr_aclk/U0'
Parsing XDC File [C:/Users/joshu/Documents/DSD25_Termproject_Materials_Updated250519/00_RTL_Skeleton/dsd_termprj.srcs/constrs_1/new/top.xdc]
Finished Parsing XDC File [C:/Users/joshu/Documents/DSD25_Termproject_Materials_Updated250519/00_RTL_Skeleton/dsd_termprj.srcs/constrs_1/new/top.xdc]
INFO: [Project 1-1714] 19 XPM XDC files have been applied to the design.
INFO: [Opt 31-138] Pushed 0 inverter(s) to 0 load pin(s).
Generating merged BMM file for the design top 'design_1_wrapper'...
Netlist sorting complete. Time (s): cpu = 00:00:00 ; elapsed = 00:00:00.003 . Memory (MB): peak = 3178.211 ; gain = 0.000
INFO: [Project 1-111] Unisim Transformation Summary:
  A total of 34 instances were transformed.
  RAM32M => RAM32M (RAMD32(x6), RAMS32(x2)): 34 instances

open_run: Time (s): cpu = 00:00:25 ; elapsed = 00:00:18 . Memory (MB): peak = 3287.234 ; gain = 585.062
launch_runs impl_1 -jobs 16
INFO: [Vivado 12-4149] The synthesis checkpoint for IP 'c:/Users/joshu/Documents/DSD25_Termproject_Materials_Updated250519/00_RTL_Skeleton/dsd_termprj.srcs/sources_1/ip/dsp_macro_0/dsp_macro_0.xci' is already up-to-date
INFO: [Timing 38-480] Writing timing data to binary archive.
Writing XDEF routing.
Writing XDEF routing logical nets.
Writing XDEF routing special nets.
Write XDEF Complete: Time (s): cpu = 00:00:00 ; elapsed = 00:00:00.069 . Memory (MB): peak = 3313.938 ; gain = 0.000
WARNING: [Common 17-210] 'write_hwdef' is deprecated.
[Sun Jun 15 20:18:30 2025] Launched impl_1...
Run output will be captured here: C:/Users/joshu/Documents/DSD25_Termproject_Materials_Updated250519/00_RTL_Skeleton/dsd_termprj.runs/impl_1/runme.log
close_design
open_run impl_1
Netlist sorting complete. Time (s): cpu = 00:00:00 ; elapsed = 00:00:00.156 . Memory (MB): peak = 3319.703 ; gain = 0.000
INFO: [Netlist 29-17] Analyzing 273 Unisim elements for replacement
INFO: [Netlist 29-28] Unisim Transformation completed in 0 CPU seconds
INFO: [Project 1-479] Netlist was created with Vivado 2023.1
INFO: [Project 1-570] Preparing netlist for logic optimization
INFO: [Timing 38-478] Restoring timing data from binary archive.
INFO: [Timing 38-479] Binary timing data restore complete.
INFO: [Project 1-856] Restoring constraints from binary archive.
INFO: [Project 1-853] Binary constraint restore complete.
Reading XDEF placement.
Reading placer database...
Reading XDEF routing.
Read XDEF Files: Time (s): cpu = 00:00:01 ; elapsed = 00:00:00.830 . Memory (MB): peak = 3347.305 ; gain = 0.000
Restored from archive | CPU: 1.000000 secs | Memory: 0.000000 MB |
Finished XDEF File Restore: Time (s): cpu = 00:00:01 ; elapsed = 00:00:00.830 . Memory (MB): peak = 3347.305 ; gain = 0.000
Generating merged BMM file for the design top 'design_1_wrapper'...
Netlist sorting complete. Time (s): cpu = 00:00:00 ; elapsed = 00:00:00.003 . Memory (MB): peak = 3347.305 ; gain = 0.000
INFO: [Project 1-111] Unisim Transformation Summary:
  A total of 25 instances were transformed.
  RAM32M => RAM32M (RAMD32(x6), RAMS32(x2)): 25 instances

open_run: Time (s): cpu = 00:00:13 ; elapsed = 00:00:06 . Memory (MB): peak = 3820.098 ; gain = 500.395
CRITICAL WARNING: [Timing 38-282] The design failed to meet the timing requirements. Please see the timing summary report for details on the timing violations.
open_run synth_1 -name synth_1
Design is defaulting to impl run constrset: constrs_1
Design is defaulting to synth run part: xc7z020clg400-1
INFO: [Project 1-454] Reading design checkpoint 'c:/Users/joshu/Documents/DSD25_Termproject_Materials_Updated250519/00_RTL_Skeleton/dsd_termprj.gen/sources_1/bd/design_1/ip/design_1_axi_bram_ctrl_0_0/design_1_axi_bram_ctrl_0_0.dcp' for cell 'design_1_i/axi_bram_ctrl_0'
INFO: [Project 1-454] Reading design checkpoint 'c:/Users/joshu/Documents/DSD25_Termproject_Materials_Updated250519/00_RTL_Skeleton/dsd_termprj.gen/sources_1/bd/design_1/ip/design_1_blk_mem_gen_0_0/design_1_blk_mem_gen_0_0.dcp' for cell 'design_1_i/blk_mem_gen_0'
INFO: [Project 1-454] Reading design checkpoint 'c:/Users/joshu/Documents/DSD25_Termproject_Materials_Updated250519/00_RTL_Skeleton/dsd_termprj.gen/sources_1/bd/design_1/ip/design_1_processing_system7_0_0/design_1_processing_system7_0_0.dcp' for cell 'design_1_i/processing_system7_0'
INFO: [Project 1-454] Reading design checkpoint 'c:/Users/joshu/Documents/DSD25_Termproject_Materials_Updated250519/00_RTL_Skeleton/dsd_termprj.gen/sources_1/bd/design_1/ip/design_1_smartconnect_0_0/design_1_smartconnect_0_0.dcp' for cell 'design_1_i/smartconnect_0'
INFO: [Project 1-454] Reading design checkpoint 'c:/Users/joshu/Documents/DSD25_Termproject_Materials_Updated250519/00_RTL_Skeleton/dsd_termprj.gen/sources_1/bd/design_1/ip/design_1_top_mlp_0_0/design_1_top_mlp_0_0.dcp' for cell 'design_1_i/top_mlp_0'
INFO: [Project 1-454] Reading design checkpoint 'c:/Users/joshu/Documents/DSD25_Termproject_Materials_Updated250519/00_RTL_Skeleton/dsd_termprj.gen/sources_1/ip/dsp_macro_0/dsp_macro_0.dcp' for cell 'design_1_i/top_mlp_0/inst/pu_inst/my_mac/DSP_for_MAC'
Netlist sorting complete. Time (s): cpu = 00:00:00 ; elapsed = 00:00:00.127 . Memory (MB): peak = 5029.238 ; gain = 0.000
INFO: [Netlist 29-17] Analyzing 282 Unisim elements for replacement
INFO: [Netlist 29-28] Unisim Transformation completed in 0 CPU seconds
INFO: [Project 1-479] Netlist was created with Vivado 2023.1
INFO: [Project 1-570] Preparing netlist for logic optimization
Parsing XDC File [c:/Users/joshu/Documents/DSD25_Termproject_Materials_Updated250519/00_RTL_Skeleton/dsd_termprj.gen/sources_1/bd/design_1/ip/design_1_processing_system7_0_0/design_1_processing_system7_0_0.xdc] for cell 'design_1_i/processing_system7_0/inst'
Finished Parsing XDC File [c:/Users/joshu/Documents/DSD25_Termproject_Materials_Updated250519/00_RTL_Skeleton/dsd_termprj.gen/sources_1/bd/design_1/ip/design_1_processing_system7_0_0/design_1_processing_system7_0_0.xdc] for cell 'design_1_i/processing_system7_0/inst'
Parsing XDC File [c:/Users/joshu/Documents/DSD25_Termproject_Materials_Updated250519/00_RTL_Skeleton/dsd_termprj.gen/sources_1/bd/design_1/ip/design_1_smartconnect_0_0/bd_0/ip/ip_1/bd_48ac_psr_aclk_0_board.xdc] for cell 'design_1_i/smartconnect_0/inst/clk_map/psr_aclk/U0'
Finished Parsing XDC File [c:/Users/joshu/Documents/DSD25_Termproject_Materials_Updated250519/00_RTL_Skeleton/dsd_termprj.gen/sources_1/bd/design_1/ip/design_1_smartconnect_0_0/bd_0/ip/ip_1/bd_48ac_psr_aclk_0_board.xdc] for cell 'design_1_i/smartconnect_0/inst/clk_map/psr_aclk/U0'
Parsing XDC File [c:/Users/joshu/Documents/DSD25_Termproject_Materials_Updated250519/00_RTL_Skeleton/dsd_termprj.gen/sources_1/bd/design_1/ip/design_1_smartconnect_0_0/bd_0/ip/ip_1/bd_48ac_psr_aclk_0.xdc] for cell 'design_1_i/smartconnect_0/inst/clk_map/psr_aclk/U0'
Finished Parsing XDC File [c:/Users/joshu/Documents/DSD25_Termproject_Materials_Updated250519/00_RTL_Skeleton/dsd_termprj.gen/sources_1/bd/design_1/ip/design_1_smartconnect_0_0/bd_0/ip/ip_1/bd_48ac_psr_aclk_0.xdc] for cell 'design_1_i/smartconnect_0/inst/clk_map/psr_aclk/U0'
Parsing XDC File [C:/Users/joshu/Documents/DSD25_Termproject_Materials_Updated250519/00_RTL_Skeleton/dsd_termprj.srcs/constrs_1/new/top.xdc]
Finished Parsing XDC File [C:/Users/joshu/Documents/DSD25_Termproject_Materials_Updated250519/00_RTL_Skeleton/dsd_termprj.srcs/constrs_1/new/top.xdc]
INFO: [Project 1-1714] 19 XPM XDC files have been applied to the design.
INFO: [Opt 31-138] Pushed 0 inverter(s) to 0 load pin(s).
Generating merged BMM file for the design top 'design_1_wrapper'...
Netlist sorting complete. Time (s): cpu = 00:00:00 ; elapsed = 00:00:00.001 . Memory (MB): peak = 5215.754 ; gain = 0.000
INFO: [Project 1-111] Unisim Transformation Summary:
  A total of 34 instances were transformed.
  RAM32M => RAM32M (RAMD32(x6), RAMS32(x2)): 34 instances

open_run: Time (s): cpu = 00:00:07 ; elapsed = 00:00:05 . Memory (MB): peak = 5215.754 ; gain = 227.609
current_design impl_1
INFO: [Vivado 12-5457] ref source:c:/Users/joshu/Documents/DSD25_Termproject_Materials_Updated250519/00_RTL_Skeleton/dsd_termprj.srcs/sources_1/ip/dsp_macro_0/dsp_macro_0.xci
generate_target Simulation [get_files c:/Users/joshu/Documents/DSD25_Termproject_Materials_Updated250519/00_RTL_Skeleton/dsd_termprj.srcs/sources_1/ip/dsp_macro_0/dsp_macro_0.xci]
INFO: [IP_Flow 19-1706] Not generating 'Simulation' target for IP 'dsp_macro_0'. Target already exists and is up to date.
launch_simulation -mode post-implementation -type timing
Command: launch_simulation  -mode post-implementation -type timing
INFO: [Vivado 12-12493] Simulation top is 'top_mlp_tb'
WARNING: [Vivado 12-13340] Unable to auto find GCC executables from simulator install path! (path not set)
INFO: [Vivado 12-5698] Checking validity of IPs in the design for the 'XSim' simulator...
Generating merged BMM file for the design top 'top_mlp_tb'...
INFO: [Vivado 12-5682] Launching post-implementation timing simulation in 'C:/Users/joshu/Documents/DSD25_Termproject_Materials_Updated250519/00_RTL_Skeleton/dsd_termprj.sim/sim_1/impl/timing/xsim'
INFO: [Vivado 12-13660] Precompiled IP simulation library mode is enabled (default). The design IP libraries will be referenced from the compiled library path. Please note that if the precompiled version of the library is not found from the path or the IP is in locked state, then the library source files for these IPs will be compiled locally as part of the compile order.
INFO: [Vivado 12-4795] Using compiled simulation libraries for IPs
INFO: [SIM-utils-51] Simulation object is 'sim_1'
INFO: [SIM-utils-72] Using boost library from 'C:/Xilinx/Vivado/2023.1/tps/boost_1_72_0'
INFO: [SIM-utils-31] Writing simulation netlist file for design 'impl_1'...
INFO: [SIM-utils-32] write_verilog -mode timesim -nolib -sdf_anno true -force -file "C:/Users/joshu/Documents/DSD25_Termproject_Materials_Updated250519/00_RTL_Skeleton/dsd_termprj.sim/sim_1/impl/timing/xsim/top_mlp_tb_time_impl.v"
INFO: [SIM-utils-34] Writing SDF file...
INFO: [SIM-utils-35] write_sdf -mode timesim -process_corner slow -force -file "C:/Users/joshu/Documents/DSD25_Termproject_Materials_Updated250519/00_RTL_Skeleton/dsd_termprj.sim/sim_1/impl/timing/xsim/top_mlp_tb_time_impl.sdf"
INFO: [SIM-utils-36] Netlist generated:C:/Users/joshu/Documents/DSD25_Termproject_Materials_Updated250519/00_RTL_Skeleton/dsd_termprj.sim/sim_1/impl/timing/xsim/top_mlp_tb_time_impl.v
INFO: [SIM-utils-37] SDF generated:C:/Users/joshu/Documents/DSD25_Termproject_Materials_Updated250519/00_RTL_Skeleton/dsd_termprj.sim/sim_1/impl/timing/xsim/top_mlp_tb_time_impl.sdf
INFO: [USF-XSim-7] Finding pre-compiled libraries...
INFO: [USF-XSim-11] File 'C:/Xilinx/Vivado/2023.1/data/xsim/xsim.ini' copied to run dir:'C:/Users/joshu/Documents/DSD25_Termproject_Materials_Updated250519/00_RTL_Skeleton/dsd_termprj.sim/sim_1/impl/timing/xsim'
INFO: [SIM-utils-50] Design contains embedded sources, generating MEM files for simulation...
Generating merged BMM file for the design top 'top_mlp_tb'...
Generating merged BMM file for the design top 'top_mlp_tb'...
INFO: [SIM-utils-54] Inspecting design source files for 'top_mlp_tb' in fileset 'sim_1'...
INFO: [SIM-utils-43] Exported 'C:/Users/joshu/Documents/DSD25_Termproject_Materials_Updated250519/00_RTL_Skeleton/dsd_termprj.sim/sim_1/impl/timing/xsim/sc_xtlm_design_1_smartconnect_0_0.mem'
INFO: [USF-XSim-2] XSim::Compile design
INFO: [USF-XSim-61] Executing 'COMPILE and ANALYZE' step in 'C:/Users/joshu/Documents/DSD25_Termproject_Materials_Updated250519/00_RTL_Skeleton/dsd_termprj.sim/sim_1/impl/timing/xsim'
"xvlog --incr --relax -L axi_vip_v1_1_14 -L processing_system7_vip_v1_0_16 -L smartconnect_v1_0 -L xilinx_vip -prj top_mlp_tb_vlog.prj"
ECHO가 설정되어 있지 않습니다.
ECHO가 설정되어 있지 않습니다.
INFO: [VRFC 10-2263] Analyzing Verilog file "C:/Users/joshu/Documents/DSD25_Termproject_Materials_Updated250519/00_RTL_Skeleton/dsd_termprj.sim/sim_1/impl/timing/xsim/top_mlp_tb_time_impl.v" into library xil_defaultlib
INFO: [VRFC 10-311] analyzing module RAM32M_UNIQ_BASE_
INFO: [VRFC 10-311] analyzing module RAM32M_HD34
INFO: [VRFC 10-311] analyzing module RAM32M_HD35
INFO: [VRFC 10-311] analyzing module RAM32M_HD36
INFO: [VRFC 10-311] analyzing module RAM32M_HD37
INFO: [VRFC 10-311] analyzing module RAM32M_HD38
INFO: [VRFC 10-311] analyzing module RAM32M_HD39
INFO: [VRFC 10-311] analyzing module RAM32M_HD40
INFO: [VRFC 10-311] analyzing module RAM32M_HD41
INFO: [VRFC 10-311] analyzing module RAM32M_HD42
INFO: [VRFC 10-311] analyzing module RAM32M_HD43
INFO: [VRFC 10-311] analyzing module RAM32M_HD44
INFO: [VRFC 10-311] analyzing module RAM32M_HD45
INFO: [VRFC 10-311] analyzing module RAM32M_HD46
INFO: [VRFC 10-311] analyzing module RAM32M_HD47
INFO: [VRFC 10-311] analyzing module RAM32M_HD48
INFO: [VRFC 10-311] analyzing module RAM32M_HD49
INFO: [VRFC 10-311] analyzing module RAM32M_HD50
INFO: [VRFC 10-311] analyzing module RAM32M_HD51
INFO: [VRFC 10-311] analyzing module RAM32M_HD52
INFO: [VRFC 10-311] analyzing module RAM32M_HD53
INFO: [VRFC 10-311] analyzing module RAM32M_HD54
INFO: [VRFC 10-311] analyzing module RAM32M_HD55
INFO: [VRFC 10-311] analyzing module RAM32M_HD56
INFO: [VRFC 10-311] analyzing module RAM32M_HD57
INFO: [VRFC 10-311] analyzing module design_1
INFO: [VRFC 10-311] analyzing module design_1_axi_bram_ctrl_0_0
INFO: [VRFC 10-311] analyzing module design_1_axi_bram_ctrl_0_0_axi_bram_ctrl
INFO: [VRFC 10-311] analyzing module design_1_axi_bram_ctrl_0_0_axi_bram_ctrl_top
INFO: [VRFC 10-311] analyzing module design_1_axi_bram_ctrl_0_0_full_axi
INFO: [VRFC 10-311] analyzing module design_1_axi_bram_ctrl_0_0_rd_chnl
INFO: [VRFC 10-311] analyzing module design_1_axi_bram_ctrl_0_0_sng_port_arb
INFO: [VRFC 10-311] analyzing module design_1_axi_bram_ctrl_0_0_wr_chnl
INFO: [VRFC 10-311] analyzing module design_1_axi_bram_ctrl_0_0_wrap_brst
INFO: [VRFC 10-311] analyzing module design_1_axi_bram_ctrl_0_0_wrap_brst_0
INFO: [VRFC 10-311] analyzing module design_1_blk_mem_gen_0_0
INFO: [VRFC 10-311] analyzing module design_1_processing_system7_0_0
INFO: [VRFC 10-311] analyzing module design_1_processing_system7_0_0_processing_system7_v5_5_processing_system7
INFO: [VRFC 10-311] analyzing module design_1_smartconnect_0_0
INFO: [VRFC 10-311] analyzing module design_1_smartconnect_0_0_bd_48ac
INFO: [VRFC 10-311] analyzing module design_1_smartconnect_0_0_bd_48ac_m00e_0
INFO: [VRFC 10-311] analyzing module design_1_smartconnect_0_0_bd_48ac_m00s2a_0
INFO: [VRFC 10-311] analyzing module design_1_smartconnect_0_0_bd_48ac_psr_aclk_0
INFO: [VRFC 10-311] analyzing module design_1_smartconnect_0_0_bd_48ac_s00a2s_0
INFO: [VRFC 10-311] analyzing module design_1_smartconnect_0_0_bd_48ac_s00mmu_0
INFO: [VRFC 10-311] analyzing module design_1_smartconnect_0_0_bd_48ac_s00sic_0
INFO: [VRFC 10-311] analyzing module design_1_smartconnect_0_0_bd_48ac_s00tr_0
INFO: [VRFC 10-311] analyzing module design_1_smartconnect_0_0_bd_48ac_sarn_0
INFO: [VRFC 10-311] analyzing module design_1_smartconnect_0_0_bd_48ac_sawn_0
INFO: [VRFC 10-311] analyzing module design_1_smartconnect_0_0_bd_48ac_sbn_0
INFO: [VRFC 10-311] analyzing module design_1_smartconnect_0_0_bd_48ac_srn_0
INFO: [VRFC 10-311] analyzing module design_1_smartconnect_0_0_bd_48ac_swn_0
INFO: [VRFC 10-311] analyzing module design_1_smartconnect_0_0_cdc_sync
INFO: [VRFC 10-311] analyzing module design_1_smartconnect_0_0_clk_map_imp_1NMB928
INFO: [VRFC 10-311] analyzing module design_1_smartconnect_0_0_lpf
INFO: [VRFC 10-311] analyzing module design_1_smartconnect_0_0_m00_exit_pipeline_imp_CVVFJV
INFO: [VRFC 10-311] analyzing module design_1_smartconnect_0_0_proc_sys_reset
INFO: [VRFC 10-311] analyzing module design_1_smartconnect_0_0_s00_entry_pipeline_imp_1C3JDRS
INFO: [VRFC 10-311] analyzing module design_1_smartconnect_0_0_s00_nodes_imp_1FAO4F6
INFO: [VRFC 10-311] analyzing module design_1_smartconnect_0_0_sequence_psr
INFO: [VRFC 10-311] analyzing module design_1_smartconnect_0_0_upcnt_n
INFO: [VRFC 10-311] analyzing module design_1_smartconnect_0_0_xpm_cdc_async_rst__1
INFO: [VRFC 10-311] analyzing module design_1_smartconnect_0_0_xpm_cdc_async_rst__11
INFO: [VRFC 10-311] analyzing module design_1_smartconnect_0_0_xpm_cdc_async_rst__13
INFO: [VRFC 10-311] analyzing module design_1_smartconnect_0_0_xpm_cdc_async_rst__2
INFO: [VRFC 10-311] analyzing module design_1_smartconnect_0_0_xpm_cdc_async_rst__3
INFO: [VRFC 10-311] analyzing module design_1_smartconnect_0_0_xpm_cdc_async_rst__4
INFO: [VRFC 10-311] analyzing module design_1_smartconnect_0_0_xpm_cdc_async_rst__5
INFO: [VRFC 10-311] analyzing module design_1_smartconnect_0_0_xpm_cdc_async_rst__7
INFO: [VRFC 10-311] analyzing module design_1_smartconnect_0_0_xpm_cdc_async_rst__9
INFO: [VRFC 10-311] analyzing module design_1_smartconnect_0_0_xpm_memory_base
INFO: [VRFC 10-311] analyzing module design_1_smartconnect_0_0_xpm_memory_base__2
INFO: [VRFC 10-311] analyzing module design_1_smartconnect_0_0_xpm_memory_base__parameterized0
INFO: [VRFC 10-311] analyzing module design_1_smartconnect_0_0_xpm_memory_base__parameterized1
INFO: [VRFC 10-311] analyzing module design_1_smartconnect_0_0_xpm_memory_base__parameterized2
INFO: [VRFC 10-311] analyzing module design_1_smartconnect_0_0_xpm_memory_sdpram
INFO: [VRFC 10-311] analyzing module design_1_smartconnect_0_0_xpm_memory_sdpram__2
INFO: [VRFC 10-311] analyzing module design_1_smartconnect_0_0_xpm_memory_sdpram__parameterized0
INFO: [VRFC 10-311] analyzing module design_1_smartconnect_0_0_xpm_memory_sdpram__parameterized1
INFO: [VRFC 10-311] analyzing module design_1_smartconnect_0_0_xpm_memory_sdpram__parameterized2
INFO: [VRFC 10-311] analyzing module design_1_top_mlp_0_0
INFO: [VRFC 10-311] analyzing module design_1_top_mlp_0_0_MAC_ver2
INFO: [VRFC 10-311] analyzing module design_1_top_mlp_0_0_glbl_ctrl
INFO: [VRFC 10-311] analyzing module design_1_top_mlp_0_0_last_pu
INFO: [VRFC 10-311] analyzing module design_1_top_mlp_0_0_pu
INFO: [VRFC 10-311] analyzing module design_1_top_mlp_0_0_single_port_bram
INFO: [VRFC 10-311] analyzing module design_1_top_mlp_0_0_single_port_bram__parameterized0
INFO: [VRFC 10-311] analyzing module design_1_top_mlp_0_0_top_mlp
INFO: [VRFC 10-311] analyzing module design_1_wrapper
INFO: [VRFC 10-311] analyzing module dsp_macro_0
INFO: [VRFC 10-311] analyzing module design_1_smartconnect_0_0_sc_axi2sc_v1_0_8_top
INFO: [VRFC 10-311] analyzing module design_1_smartconnect_0_0_sc_exit_v1_0_13_exit
INFO: [VRFC 10-311] analyzing module design_1_smartconnect_0_0_sc_exit_v1_0_13_top
INFO: [VRFC 10-311] analyzing module design_1_smartconnect_0_0_sc_mmu_v1_0_11_decerr_slave
INFO: [VRFC 10-311] analyzing module design_1_smartconnect_0_0_sc_mmu_v1_0_11_top
INFO: [VRFC 10-311] analyzing module design_1_smartconnect_0_0_sc_node_v1_0_14_fifo
INFO: [VRFC 10-311] analyzing module design_1_smartconnect_0_0_sc_node_v1_0_14_fifo__parameterized0
INFO: [VRFC 10-311] analyzing module design_1_smartconnect_0_0_sc_node_v1_0_14_fifo__parameterized1
INFO: [VRFC 10-311] analyzing module design_1_smartconnect_0_0_sc_node_v1_0_14_fifo__parameterized2
INFO: [VRFC 10-311] analyzing module design_1_smartconnect_0_0_sc_node_v1_0_14_fifo__xdcDup__1
INFO: [VRFC 10-311] analyzing module design_1_smartconnect_0_0_sc_node_v1_0_14_mi_handler
INFO: [VRFC 10-311] analyzing module design_1_smartconnect_0_0_sc_node_v1_0_14_mi_handler__parameterized0
INFO: [VRFC 10-311] analyzing module design_1_smartconnect_0_0_sc_node_v1_0_14_mi_handler__parameterized1
INFO: [VRFC 10-311] analyzing module design_1_smartconnect_0_0_sc_node_v1_0_14_mi_handler__parameterized2
INFO: [VRFC 10-311] analyzing module design_1_smartconnect_0_0_sc_node_v1_0_14_mi_handler__parameterized3
INFO: [VRFC 10-311] analyzing module design_1_smartconnect_0_0_sc_node_v1_0_14_si_handler
INFO: [VRFC 10-311] analyzing module design_1_smartconnect_0_0_sc_node_v1_0_14_si_handler__parameterized0
INFO: [VRFC 10-311] analyzing module design_1_smartconnect_0_0_sc_node_v1_0_14_si_handler__parameterized1
INFO: [VRFC 10-311] analyzing module design_1_smartconnect_0_0_sc_node_v1_0_14_si_handler__parameterized2
INFO: [VRFC 10-311] analyzing module design_1_smartconnect_0_0_sc_node_v1_0_14_si_handler__parameterized3
INFO: [VRFC 10-311] analyzing module design_1_smartconnect_0_0_sc_node_v1_0_14_top
INFO: [VRFC 10-311] analyzing module design_1_smartconnect_0_0_sc_node_v1_0_14_top__parameterized0
INFO: [VRFC 10-311] analyzing module design_1_smartconnect_0_0_sc_node_v1_0_14_top__parameterized1
INFO: [VRFC 10-311] analyzing module design_1_smartconnect_0_0_sc_node_v1_0_14_top__parameterized2
INFO: [VRFC 10-311] analyzing module design_1_smartconnect_0_0_sc_node_v1_0_14_top__parameterized3
INFO: [VRFC 10-311] analyzing module design_1_smartconnect_0_0_sc_sc2axi_v1_0_8_top
INFO: [VRFC 10-311] analyzing module design_1_smartconnect_0_0_sc_si_converter_v1_0_11_offset_fifo
INFO: [VRFC 10-311] analyzing module design_1_smartconnect_0_0_sc_si_converter_v1_0_11_offset_fifo__parameterized0
INFO: [VRFC 10-311] analyzing module design_1_smartconnect_0_0_sc_si_converter_v1_0_11_splitter
INFO: [VRFC 10-311] analyzing module design_1_smartconnect_0_0_sc_si_converter_v1_0_11_top
INFO: [VRFC 10-311] analyzing module design_1_smartconnect_0_0_sc_si_converter_v1_0_11_wrap_narrow
INFO: [VRFC 10-311] analyzing module design_1_smartconnect_0_0_sc_transaction_regulator_v1_0_9_singleorder
INFO: [VRFC 10-311] analyzing module design_1_smartconnect_0_0_sc_transaction_regulator_v1_0_9_singleorder_13
INFO: [VRFC 10-311] analyzing module design_1_smartconnect_0_0_sc_transaction_regulator_v1_0_9_top
INFO: [VRFC 10-311] analyzing module design_1_smartconnect_0_0_sc_util_v1_0_4_axi_reg_stall__parameterized0
INFO: [VRFC 10-311] analyzing module design_1_smartconnect_0_0_sc_util_v1_0_4_axi_reg_stall__parameterized0_154
INFO: [VRFC 10-311] analyzing module design_1_smartconnect_0_0_sc_util_v1_0_4_axi_reg_stall__parameterized0_155
INFO: [VRFC 10-311] analyzing module design_1_smartconnect_0_0_sc_util_v1_0_4_axi_reg_stall__parameterized0_41
INFO: [VRFC 10-311] analyzing module design_1_smartconnect_0_0_sc_util_v1_0_4_axic_reg_srl_fifo
INFO: [VRFC 10-311] analyzing module design_1_smartconnect_0_0_sc_util_v1_0_4_axic_reg_srl_fifo__parameterized0
INFO: [VRFC 10-311] analyzing module design_1_smartconnect_0_0_sc_util_v1_0_4_axic_reg_srl_fifo__parameterized1
INFO: [VRFC 10-311] analyzing module design_1_smartconnect_0_0_sc_util_v1_0_4_axic_reg_srl_fifo__parameterized2
INFO: [VRFC 10-311] analyzing module design_1_smartconnect_0_0_sc_util_v1_0_4_axic_reg_srl_fifo__parameterized3
INFO: [VRFC 10-311] analyzing module design_1_smartconnect_0_0_sc_util_v1_0_4_axic_reg_srl_fifo__parameterized3_25
INFO: [VRFC 10-311] analyzing module design_1_smartconnect_0_0_sc_util_v1_0_4_axic_reg_srl_fifo__parameterized3_42
INFO: [VRFC 10-311] analyzing module design_1_smartconnect_0_0_sc_util_v1_0_4_axic_reg_srl_fifo__parameterized3_98
INFO: [VRFC 10-311] analyzing module design_1_smartconnect_0_0_sc_util_v1_0_4_axic_reg_srl_fifo__parameterized4
INFO: [VRFC 10-311] analyzing module design_1_smartconnect_0_0_sc_util_v1_0_4_counter
INFO: [VRFC 10-311] analyzing module design_1_smartconnect_0_0_sc_util_v1_0_4_counter_0
INFO: [VRFC 10-311] analyzing module design_1_smartconnect_0_0_sc_util_v1_0_4_counter_1
INFO: [VRFC 10-311] analyzing module design_1_smartconnect_0_0_sc_util_v1_0_4_counter_10
INFO: [VRFC 10-311] analyzing module design_1_smartconnect_0_0_sc_util_v1_0_4_counter_11
INFO: [VRFC 10-311] analyzing module design_1_smartconnect_0_0_sc_util_v1_0_4_counter_2
INFO: [VRFC 10-311] analyzing module design_1_smartconnect_0_0_sc_util_v1_0_4_counter_4
INFO: [VRFC 10-311] analyzing module design_1_smartconnect_0_0_sc_util_v1_0_4_counter_5
INFO: [VRFC 10-311] analyzing module design_1_smartconnect_0_0_sc_util_v1_0_4_counter_7
INFO: [VRFC 10-311] analyzing module design_1_smartconnect_0_0_sc_util_v1_0_4_counter_8
INFO: [VRFC 10-311] analyzing module design_1_smartconnect_0_0_sc_util_v1_0_4_counter__parameterized0
INFO: [VRFC 10-311] analyzing module design_1_smartconnect_0_0_sc_util_v1_0_4_counter__parameterized0_12
INFO: [VRFC 10-311] analyzing module design_1_smartconnect_0_0_sc_util_v1_0_4_counter__parameterized0_3
INFO: [VRFC 10-311] analyzing module design_1_smartconnect_0_0_sc_util_v1_0_4_counter__parameterized0_6
INFO: [VRFC 10-311] analyzing module design_1_smartconnect_0_0_sc_util_v1_0_4_counter__parameterized0_9
INFO: [VRFC 10-311] analyzing module design_1_smartconnect_0_0_sc_util_v1_0_4_srl_rtl
INFO: [VRFC 10-311] analyzing module design_1_smartconnect_0_0_sc_util_v1_0_4_srl_rtl_133
INFO: [VRFC 10-311] analyzing module design_1_smartconnect_0_0_sc_util_v1_0_4_srl_rtl_134
INFO: [VRFC 10-311] analyzing module design_1_smartconnect_0_0_sc_util_v1_0_4_srl_rtl_135
INFO: [VRFC 10-311] analyzing module design_1_smartconnect_0_0_sc_util_v1_0_4_srl_rtl_136
INFO: [VRFC 10-311] analyzing module design_1_smartconnect_0_0_sc_util_v1_0_4_srl_rtl_137
INFO: [VRFC 10-311] analyzing module design_1_smartconnect_0_0_sc_util_v1_0_4_srl_rtl_138
INFO: [VRFC 10-311] analyzing module design_1_smartconnect_0_0_sc_util_v1_0_4_srl_rtl_139
INFO: [VRFC 10-311] analyzing module design_1_smartconnect_0_0_sc_util_v1_0_4_srl_rtl_14
INFO: [VRFC 10-311] analyzing module design_1_smartconnect_0_0_sc_util_v1_0_4_srl_rtl_140
INFO: [VRFC 10-311] analyzing module design_1_smartconnect_0_0_sc_util_v1_0_4_srl_rtl_141
INFO: [VRFC 10-311] analyzing module design_1_smartconnect_0_0_sc_util_v1_0_4_srl_rtl_142
INFO: [VRFC 10-311] analyzing module design_1_smartconnect_0_0_sc_util_v1_0_4_srl_rtl_143
INFO: [VRFC 10-311] analyzing module design_1_smartconnect_0_0_sc_util_v1_0_4_srl_rtl_144
INFO: [VRFC 10-311] analyzing module design_1_smartconnect_0_0_sc_util_v1_0_4_srl_rtl_145
INFO: [VRFC 10-311] analyzing module design_1_smartconnect_0_0_sc_util_v1_0_4_srl_rtl_146
INFO: [VRFC 10-311] analyzing module design_1_smartconnect_0_0_sc_util_v1_0_4_srl_rtl_147
INFO: [VRFC 10-311] analyzing module design_1_smartconnect_0_0_sc_util_v1_0_4_srl_rtl_148
INFO: [VRFC 10-311] analyzing module design_1_smartconnect_0_0_sc_util_v1_0_4_srl_rtl_149
INFO: [VRFC 10-311] analyzing module design_1_smartconnect_0_0_sc_util_v1_0_4_srl_rtl_15
INFO: [VRFC 10-311] analyzing module design_1_smartconnect_0_0_sc_util_v1_0_4_srl_rtl_150
INFO: [VRFC 10-311] analyzing module design_1_smartconnect_0_0_sc_util_v1_0_4_srl_rtl_151
INFO: [VRFC 10-311] analyzing module design_1_smartconnect_0_0_sc_util_v1_0_4_srl_rtl_152
INFO: [VRFC 10-311] analyzing module design_1_smartconnect_0_0_sc_util_v1_0_4_srl_rtl_153
INFO: [VRFC 10-311] analyzing module design_1_smartconnect_0_0_sc_util_v1_0_4_srl_rtl_156
INFO: [VRFC 10-311] analyzing module design_1_smartconnect_0_0_sc_util_v1_0_4_srl_rtl_157
INFO: [VRFC 10-311] analyzing module design_1_smartconnect_0_0_sc_util_v1_0_4_srl_rtl_158
INFO: [VRFC 10-311] analyzing module design_1_smartconnect_0_0_sc_util_v1_0_4_srl_rtl_159
INFO: [VRFC 10-311] analyzing module design_1_smartconnect_0_0_sc_util_v1_0_4_srl_rtl_16
INFO: [VRFC 10-311] analyzing module design_1_smartconnect_0_0_sc_util_v1_0_4_srl_rtl_160
INFO: [VRFC 10-311] analyzing module design_1_smartconnect_0_0_sc_util_v1_0_4_srl_rtl_17
INFO: [VRFC 10-311] analyzing module design_1_smartconnect_0_0_sc_util_v1_0_4_srl_rtl_18
INFO: [VRFC 10-311] analyzing module design_1_smartconnect_0_0_sc_util_v1_0_4_srl_rtl_19
INFO: [VRFC 10-311] analyzing module design_1_smartconnect_0_0_sc_util_v1_0_4_srl_rtl_20
INFO: [VRFC 10-311] analyzing module design_1_smartconnect_0_0_sc_util_v1_0_4_srl_rtl_21
INFO: [VRFC 10-311] analyzing module design_1_smartconnect_0_0_sc_util_v1_0_4_srl_rtl_22
INFO: [VRFC 10-311] analyzing module design_1_smartconnect_0_0_sc_util_v1_0_4_srl_rtl_23
INFO: [VRFC 10-311] analyzing module design_1_smartconnect_0_0_sc_util_v1_0_4_srl_rtl_24
INFO: [VRFC 10-311] analyzing module design_1_smartconnect_0_0_sc_util_v1_0_4_srl_rtl_26
INFO: [VRFC 10-311] analyzing module design_1_smartconnect_0_0_sc_util_v1_0_4_srl_rtl_27
INFO: [VRFC 10-311] analyzing module design_1_smartconnect_0_0_sc_util_v1_0_4_srl_rtl_28
INFO: [VRFC 10-311] analyzing module design_1_smartconnect_0_0_sc_util_v1_0_4_srl_rtl_29
INFO: [VRFC 10-311] analyzing module design_1_smartconnect_0_0_sc_util_v1_0_4_srl_rtl_30
INFO: [VRFC 10-311] analyzing module design_1_smartconnect_0_0_sc_util_v1_0_4_srl_rtl_31
INFO: [VRFC 10-311] analyzing module design_1_smartconnect_0_0_sc_util_v1_0_4_srl_rtl_32
INFO: [VRFC 10-311] analyzing module design_1_smartconnect_0_0_sc_util_v1_0_4_srl_rtl_33
INFO: [VRFC 10-311] analyzing module design_1_smartconnect_0_0_sc_util_v1_0_4_srl_rtl_34
INFO: [VRFC 10-311] analyzing module design_1_smartconnect_0_0_sc_util_v1_0_4_srl_rtl_35
INFO: [VRFC 10-311] analyzing module design_1_smartconnect_0_0_sc_util_v1_0_4_srl_rtl_36
INFO: [VRFC 10-311] analyzing module design_1_smartconnect_0_0_sc_util_v1_0_4_srl_rtl_37
INFO: [VRFC 10-311] analyzing module design_1_smartconnect_0_0_sc_util_v1_0_4_srl_rtl_38
INFO: [VRFC 10-311] analyzing module design_1_smartconnect_0_0_sc_util_v1_0_4_srl_rtl_39
INFO: [VRFC 10-311] analyzing module design_1_smartconnect_0_0_sc_util_v1_0_4_srl_rtl_40
INFO: [VRFC 10-311] analyzing module design_1_smartconnect_0_0_sc_util_v1_0_4_srl_rtl_78
INFO: [VRFC 10-311] analyzing module design_1_smartconnect_0_0_sc_util_v1_0_4_srl_rtl_79
INFO: [VRFC 10-311] analyzing module design_1_smartconnect_0_0_sc_util_v1_0_4_srl_rtl_80
INFO: [VRFC 10-311] analyzing module design_1_smartconnect_0_0_sc_util_v1_0_4_srl_rtl_81
INFO: [VRFC 10-311] analyzing module design_1_smartconnect_0_0_sc_util_v1_0_4_srl_rtl_82
INFO: [VRFC 10-311] analyzing module design_1_smartconnect_0_0_sc_util_v1_0_4_srl_rtl_83
INFO: [VRFC 10-311] analyzing module design_1_smartconnect_0_0_sc_util_v1_0_4_srl_rtl_84
INFO: [VRFC 10-311] analyzing module design_1_smartconnect_0_0_sc_util_v1_0_4_srl_rtl_85
INFO: [VRFC 10-311] analyzing module design_1_smartconnect_0_0_sc_util_v1_0_4_srl_rtl_86
INFO: [VRFC 10-311] analyzing module design_1_smartconnect_0_0_sc_util_v1_0_4_srl_rtl_87
INFO: [VRFC 10-311] analyzing module design_1_smartconnect_0_0_sc_util_v1_0_4_srl_rtl_89
INFO: [VRFC 10-311] analyzing module design_1_smartconnect_0_0_sc_util_v1_0_4_srl_rtl_90
INFO: [VRFC 10-311] analyzing module design_1_smartconnect_0_0_sc_util_v1_0_4_srl_rtl_91
INFO: [VRFC 10-311] analyzing module design_1_smartconnect_0_0_sc_util_v1_0_4_srl_rtl_92
INFO: [VRFC 10-311] analyzing module design_1_smartconnect_0_0_sc_util_v1_0_4_srl_rtl_93
INFO: [VRFC 10-311] analyzing module design_1_smartconnect_0_0_sc_util_v1_0_4_srl_rtl_94
INFO: [VRFC 10-311] analyzing module design_1_smartconnect_0_0_sc_util_v1_0_4_srl_rtl_95
INFO: [VRFC 10-311] analyzing module design_1_smartconnect_0_0_sc_util_v1_0_4_srl_rtl_96
INFO: [VRFC 10-311] analyzing module design_1_smartconnect_0_0_sc_util_v1_0_4_srl_rtl_97
INFO: [VRFC 10-311] analyzing module design_1_smartconnect_0_0_sc_util_v1_0_4_srl_rtl__parameterized0
INFO: [VRFC 10-311] analyzing module design_1_smartconnect_0_0_sc_util_v1_0_4_srl_rtl__parameterized0_100
INFO: [VRFC 10-311] analyzing module design_1_smartconnect_0_0_sc_util_v1_0_4_srl_rtl__parameterized0_101
INFO: [VRFC 10-311] analyzing module design_1_smartconnect_0_0_sc_util_v1_0_4_srl_rtl__parameterized0_102
INFO: [VRFC 10-311] analyzing module design_1_smartconnect_0_0_sc_util_v1_0_4_srl_rtl__parameterized0_103
INFO: [VRFC 10-311] analyzing module design_1_smartconnect_0_0_sc_util_v1_0_4_srl_rtl__parameterized0_104
INFO: [VRFC 10-311] analyzing module design_1_smartconnect_0_0_sc_util_v1_0_4_srl_rtl__parameterized0_105
INFO: [VRFC 10-311] analyzing module design_1_smartconnect_0_0_sc_util_v1_0_4_srl_rtl__parameterized0_106
INFO: [VRFC 10-311] analyzing module design_1_smartconnect_0_0_sc_util_v1_0_4_srl_rtl__parameterized0_107
INFO: [VRFC 10-311] analyzing module design_1_smartconnect_0_0_sc_util_v1_0_4_srl_rtl__parameterized0_108
INFO: [VRFC 10-311] analyzing module design_1_smartconnect_0_0_sc_util_v1_0_4_srl_rtl__parameterized0_109
INFO: [VRFC 10-311] analyzing module design_1_smartconnect_0_0_sc_util_v1_0_4_srl_rtl__parameterized0_110
INFO: [VRFC 10-311] analyzing module design_1_smartconnect_0_0_sc_util_v1_0_4_srl_rtl__parameterized0_111
INFO: [VRFC 10-311] analyzing module design_1_smartconnect_0_0_sc_util_v1_0_4_srl_rtl__parameterized0_112
INFO: [VRFC 10-311] analyzing module design_1_smartconnect_0_0_sc_util_v1_0_4_srl_rtl__parameterized0_113
INFO: [VRFC 10-311] analyzing module design_1_smartconnect_0_0_sc_util_v1_0_4_srl_rtl__parameterized0_114
INFO: [VRFC 10-311] analyzing module design_1_smartconnect_0_0_sc_util_v1_0_4_srl_rtl__parameterized0_115
INFO: [VRFC 10-311] analyzing module design_1_smartconnect_0_0_sc_util_v1_0_4_srl_rtl__parameterized0_116
INFO: [VRFC 10-311] analyzing module design_1_smartconnect_0_0_sc_util_v1_0_4_srl_rtl__parameterized0_117
INFO: [VRFC 10-311] analyzing module design_1_smartconnect_0_0_sc_util_v1_0_4_srl_rtl__parameterized0_118
INFO: [VRFC 10-311] analyzing module design_1_smartconnect_0_0_sc_util_v1_0_4_srl_rtl__parameterized0_119
INFO: [VRFC 10-311] analyzing module design_1_smartconnect_0_0_sc_util_v1_0_4_srl_rtl__parameterized0_120
INFO: [VRFC 10-311] analyzing module design_1_smartconnect_0_0_sc_util_v1_0_4_srl_rtl__parameterized0_121
INFO: [VRFC 10-311] analyzing module design_1_smartconnect_0_0_sc_util_v1_0_4_srl_rtl__parameterized0_122
INFO: [VRFC 10-311] analyzing module design_1_smartconnect_0_0_sc_util_v1_0_4_srl_rtl__parameterized0_123
INFO: [VRFC 10-311] analyzing module design_1_smartconnect_0_0_sc_util_v1_0_4_srl_rtl__parameterized0_124
INFO: [VRFC 10-311] analyzing module design_1_smartconnect_0_0_sc_util_v1_0_4_srl_rtl__parameterized0_125
INFO: [VRFC 10-311] analyzing module design_1_smartconnect_0_0_sc_util_v1_0_4_srl_rtl__parameterized0_126
INFO: [VRFC 10-311] analyzing module design_1_smartconnect_0_0_sc_util_v1_0_4_srl_rtl__parameterized0_127
INFO: [VRFC 10-311] analyzing module design_1_smartconnect_0_0_sc_util_v1_0_4_srl_rtl__parameterized0_128
INFO: [VRFC 10-311] analyzing module design_1_smartconnect_0_0_sc_util_v1_0_4_srl_rtl__parameterized0_129
INFO: [VRFC 10-311] analyzing module design_1_smartconnect_0_0_sc_util_v1_0_4_srl_rtl__parameterized0_130
INFO: [VRFC 10-311] analyzing module design_1_smartconnect_0_0_sc_util_v1_0_4_srl_rtl__parameterized0_131
INFO: [VRFC 10-311] analyzing module design_1_smartconnect_0_0_sc_util_v1_0_4_srl_rtl__parameterized0_132
INFO: [VRFC 10-311] analyzing module design_1_smartconnect_0_0_sc_util_v1_0_4_srl_rtl__parameterized0_43
INFO: [VRFC 10-311] analyzing module design_1_smartconnect_0_0_sc_util_v1_0_4_srl_rtl__parameterized0_44
INFO: [VRFC 10-311] analyzing module design_1_smartconnect_0_0_sc_util_v1_0_4_srl_rtl__parameterized0_45
INFO: [VRFC 10-311] analyzing module design_1_smartconnect_0_0_sc_util_v1_0_4_srl_rtl__parameterized0_46
INFO: [VRFC 10-311] analyzing module design_1_smartconnect_0_0_sc_util_v1_0_4_srl_rtl__parameterized0_47
INFO: [VRFC 10-311] analyzing module design_1_smartconnect_0_0_sc_util_v1_0_4_srl_rtl__parameterized0_48
INFO: [VRFC 10-311] analyzing module design_1_smartconnect_0_0_sc_util_v1_0_4_srl_rtl__parameterized0_49
INFO: [VRFC 10-311] analyzing module design_1_smartconnect_0_0_sc_util_v1_0_4_srl_rtl__parameterized0_50
INFO: [VRFC 10-311] analyzing module design_1_smartconnect_0_0_sc_util_v1_0_4_srl_rtl__parameterized0_51
INFO: [VRFC 10-311] analyzing module design_1_smartconnect_0_0_sc_util_v1_0_4_srl_rtl__parameterized0_52
INFO: [VRFC 10-311] analyzing module design_1_smartconnect_0_0_sc_util_v1_0_4_srl_rtl__parameterized0_53
INFO: [VRFC 10-311] analyzing module design_1_smartconnect_0_0_sc_util_v1_0_4_srl_rtl__parameterized0_54
INFO: [VRFC 10-311] analyzing module design_1_smartconnect_0_0_sc_util_v1_0_4_srl_rtl__parameterized0_55
INFO: [VRFC 10-311] analyzing module design_1_smartconnect_0_0_sc_util_v1_0_4_srl_rtl__parameterized0_56
INFO: [VRFC 10-311] analyzing module design_1_smartconnect_0_0_sc_util_v1_0_4_srl_rtl__parameterized0_57
INFO: [VRFC 10-311] analyzing module design_1_smartconnect_0_0_sc_util_v1_0_4_srl_rtl__parameterized0_58
INFO: [VRFC 10-311] analyzing module design_1_smartconnect_0_0_sc_util_v1_0_4_srl_rtl__parameterized0_59
INFO: [VRFC 10-311] analyzing module design_1_smartconnect_0_0_sc_util_v1_0_4_srl_rtl__parameterized0_60
INFO: [VRFC 10-311] analyzing module design_1_smartconnect_0_0_sc_util_v1_0_4_srl_rtl__parameterized0_61
INFO: [VRFC 10-311] analyzing module design_1_smartconnect_0_0_sc_util_v1_0_4_srl_rtl__parameterized0_62
INFO: [VRFC 10-311] analyzing module design_1_smartconnect_0_0_sc_util_v1_0_4_srl_rtl__parameterized0_63
INFO: [VRFC 10-311] analyzing module design_1_smartconnect_0_0_sc_util_v1_0_4_srl_rtl__parameterized0_64
INFO: [VRFC 10-311] analyzing module design_1_smartconnect_0_0_sc_util_v1_0_4_srl_rtl__parameterized0_65
INFO: [VRFC 10-311] analyzing module design_1_smartconnect_0_0_sc_util_v1_0_4_srl_rtl__parameterized0_66
INFO: [VRFC 10-311] analyzing module design_1_smartconnect_0_0_sc_util_v1_0_4_srl_rtl__parameterized0_67
INFO: [VRFC 10-311] analyzing module design_1_smartconnect_0_0_sc_util_v1_0_4_srl_rtl__parameterized0_68
INFO: [VRFC 10-311] analyzing module design_1_smartconnect_0_0_sc_util_v1_0_4_srl_rtl__parameterized0_69
INFO: [VRFC 10-311] analyzing module design_1_smartconnect_0_0_sc_util_v1_0_4_srl_rtl__parameterized0_70
INFO: [VRFC 10-311] analyzing module design_1_smartconnect_0_0_sc_util_v1_0_4_srl_rtl__parameterized0_71
INFO: [VRFC 10-311] analyzing module design_1_smartconnect_0_0_sc_util_v1_0_4_srl_rtl__parameterized0_72
INFO: [VRFC 10-311] analyzing module design_1_smartconnect_0_0_sc_util_v1_0_4_srl_rtl__parameterized0_73
INFO: [VRFC 10-311] analyzing module design_1_smartconnect_0_0_sc_util_v1_0_4_srl_rtl__parameterized0_74
INFO: [VRFC 10-311] analyzing module design_1_smartconnect_0_0_sc_util_v1_0_4_srl_rtl__parameterized0_75
INFO: [VRFC 10-311] analyzing module design_1_smartconnect_0_0_sc_util_v1_0_4_srl_rtl__parameterized0_76
INFO: [VRFC 10-311] analyzing module design_1_smartconnect_0_0_sc_util_v1_0_4_srl_rtl__parameterized0_77
INFO: [VRFC 10-311] analyzing module design_1_smartconnect_0_0_sc_util_v1_0_4_srl_rtl__parameterized0_99
INFO: [VRFC 10-311] analyzing module design_1_smartconnect_0_0_sc_util_v1_0_4_xpm_memory_fifo
INFO: [VRFC 10-311] analyzing module design_1_smartconnect_0_0_sc_util_v1_0_4_xpm_memory_fifo__parameterized0
INFO: [VRFC 10-311] analyzing module design_1_smartconnect_0_0_sc_util_v1_0_4_xpm_memory_fifo__parameterized1
INFO: [VRFC 10-311] analyzing module design_1_smartconnect_0_0_sc_util_v1_0_4_xpm_memory_fifo__parameterized2
INFO: [VRFC 10-311] analyzing module design_1_smartconnect_0_0_sc_util_v1_0_4_xpm_memory_fifo__xdcDup__1
INFO: [VRFC 10-311] analyzing module dsp_macro_0_dsp_macro_synth
INFO: [VRFC 10-311] analyzing module dsp_macro_0_dsp_macro_v1_0_3
INFO: [VRFC 10-311] analyzing module dsp_macro_0_dsp_macro_v1_0_3_viv
INFO: [VRFC 10-311] analyzing module dsp_macro_0_xbip_dsp48e1_wrapper_v3_0
INFO: [VRFC 10-311] analyzing module design_1_blk_mem_gen_0_0_blk_mem_gen_generic_cstr
INFO: [VRFC 10-311] analyzing module design_1_blk_mem_gen_0_0_blk_mem_gen_prim_width
INFO: [VRFC 10-311] analyzing module design_1_blk_mem_gen_0_0_blk_mem_gen_prim_width__parameterized0
INFO: [VRFC 10-311] analyzing module design_1_blk_mem_gen_0_0_blk_mem_gen_prim_wrapper
INFO: [VRFC 10-311] analyzing module design_1_blk_mem_gen_0_0_blk_mem_gen_prim_wrapper__parameterized0
INFO: [VRFC 10-311] analyzing module design_1_blk_mem_gen_0_0_blk_mem_gen_top
INFO: [VRFC 10-311] analyzing module design_1_blk_mem_gen_0_0_blk_mem_gen_v8_4_6
INFO: [VRFC 10-311] analyzing module design_1_blk_mem_gen_0_0_blk_mem_gen_v8_4_6_synth
INFO: [VRFC 10-311] analyzing module glbl
INFO: [VRFC 10-2263] Analyzing Verilog file "C:/Users/joshu/Documents/DSD25_Termproject_Materials_Updated250519/00_RTL_Skeleton/dsd_termprj.srcs/sources_1/imports/sources_1/imports/source/MAC_ver2.v" into library xil_defaultlib
INFO: [VRFC 10-311] analyzing module MAC_ver2
INFO: [VRFC 10-2263] Analyzing Verilog file "C:/Users/joshu/Documents/DSD25_Termproject_Materials_Updated250519/00_RTL_Skeleton/dsd_termprj.srcs/sources_1/imports/sources_1/new/glbl_ctrl.v" into library xil_defaultlib
INFO: [VRFC 10-311] analyzing module glbl_ctrl
INFO: [VRFC 10-2263] Analyzing Verilog file "C:/Users/joshu/Documents/DSD25_Termproject_Materials_Updated250519/00_RTL_Skeleton/dsd_termprj.srcs/sources_1/imports/sources_1/imports/source/last_pu.v" into library xil_defaultlib
INFO: [VRFC 10-311] analyzing module last_pu
INFO: [VRFC 10-2263] Analyzing Verilog file "C:/Users/joshu/Documents/DSD25_Termproject_Materials_Updated250519/00_RTL_Skeleton/dsd_termprj.srcs/sources_1/imports/sources_1/imports/source/post_input.v" into library xil_defaultlib
INFO: [VRFC 10-311] analyzing module post_input
INFO: [VRFC 10-2263] Analyzing Verilog file "C:/Users/joshu/Documents/DSD25_Termproject_Materials_Updated250519/00_RTL_Skeleton/dsd_termprj.srcs/sources_1/imports/sources_1/new/pu.v" into library xil_defaultlib
INFO: [VRFC 10-311] analyzing module pu
INFO: [VRFC 10-2263] Analyzing Verilog file "C:/Users/joshu/Documents/DSD25_Termproject_Materials_Updated250519/00_RTL_Skeleton/dsd_termprj.srcs/sources_1/imports/sources_1/new/single_port_bram.v" into library xil_defaultlib
INFO: [VRFC 10-311] analyzing module single_port_bram
INFO: [VRFC 10-2263] Analyzing Verilog file "C:/Users/joshu/Documents/DSD25_Termproject_Materials_Updated250519/00_RTL_Skeleton/dsd_termprj.srcs/sources_1/imports/sources_1/new/top_mlp.v" into library xil_defaultlib
INFO: [VRFC 10-311] analyzing module top_mlp
INFO: [VRFC 10-2263] Analyzing Verilog file "C:/Users/joshu/Documents/DSD25_Termproject_Materials_Updated250519/00_RTL_Skeleton/dsd_termprj.srcs/sim_1/imports/new/tb_top.v" into library xil_defaultlib
INFO: [VRFC 10-311] analyzing module top_mlp_tb
run_program: Time (s): cpu = 00:00:00 ; elapsed = 00:00:16 . Memory (MB): peak = 5215.754 ; gain = 0.000
INFO: [USF-XSim-69] 'compile' step finished in '16' seconds
INFO: [USF-XSim-3] XSim::Elaborate design
INFO: [USF-XSim-61] Executing 'ELABORATE' step in 'C:/Users/joshu/Documents/DSD25_Termproject_Materials_Updated250519/00_RTL_Skeleton/dsd_termprj.sim/sim_1/impl/timing/xsim'
"xelab --incr --debug typical --relax --mt 2 --maxdelay -L xil_defaultlib -L xilinx_vip -L simprims_ver -L secureip --snapshot top_mlp_tb_time_impl -transport_int_delays -pulse_r 0 -pulse_int_r 0 -pulse_e 0 -pulse_int_e 0 xil_defaultlib.top_mlp_tb xil_defaultlib.glbl -log elaborate.log"
ECHO가 설정되어 있지 않습니다.
ECHO가 설정되어 있지 않습니다.
Vivado Simulator v2023.1
Copyright 1986-2022 Xilinx, Inc. All Rights Reserved.
Copyright 2022-2023 Advanced Micro Devices, Inc. All Rights Reserved.
Running: C:/Xilinx/Vivado/2023.1/bin/unwrapped/win64.o/xelab.exe --incr --debug typical --relax --mt 2 --maxdelay -L xil_defaultlib -L xilinx_vip -L simprims_ver -L secureip --snapshot top_mlp_tb_time_impl -transport_int_delays -pulse_r 0 -pulse_int_r 0 -pulse_e 0 -pulse_int_e 0 xil_defaultlib.top_mlp_tb xil_defaultlib.glbl -log elaborate.log 
Using 2 slave threads.
Starting static elaboration
Pass Through NonSizing Optimizer
WARNING: [VRFC 10-3091] actual bit length 13 differs from formal bit length 32 for port 'x_buf_addr' [C:/Users/joshu/Documents/DSD25_Termproject_Materials_Updated250519/00_RTL_Skeleton/dsd_termprj.srcs/sources_1/imports/sources_1/new/top_mlp.v:68]
WARNING: [VRFC 10-3091] actual bit length 15 differs from formal bit length 32 for port 'w_buf_addr' [C:/Users/joshu/Documents/DSD25_Termproject_Materials_Updated250519/00_RTL_Skeleton/dsd_termprj.srcs/sources_1/imports/sources_1/new/top_mlp.v:71]
WARNING: [VRFC 10-3091] actual bit length 13 differs from formal bit length 7 for port 'local_buf_addr' [C:/Users/joshu/Documents/DSD25_Termproject_Materials_Updated250519/00_RTL_Skeleton/dsd_termprj.srcs/sources_1/imports/sources_1/new/top_mlp.v:102]
Completed static elaboration
Starting simulation data flow analysis
Completed simulation data flow analysis
Time Resolution for simulation is 1ps
Compiling module xil_defaultlib.glbl_ctrl_default
Compiling module simprims_ver.DSP48E1(ACASCREG=0,ADREG=0,ALUMO...
Compiling module xil_defaultlib.dsp_macro_0
Compiling module xil_defaultlib.MAC_ver2
Compiling module xil_defaultlib.last_pu
Compiling module xil_defaultlib.post_input
Compiling module xil_defaultlib.pu(OUT_BUF_ADDR_WIDTH=9)
Compiling module xil_defaultlib.single_port_bram(WIDTH=8,DEPTH=7...
Compiling module xil_defaultlib.single_port_bram(WIDTH=8,DEPTH=1...
Compiling module xil_defaultlib.top_mlp_default
Compiling module xil_defaultlib.top_mlp_tb
Compiling module xil_defaultlib.glbl
Built simulation snapshot top_mlp_tb_time_impl
run_program: Time (s): cpu = 00:00:01 ; elapsed = 00:00:05 . Memory (MB): peak = 5215.754 ; gain = 0.000
INFO: [USF-XSim-69] 'elaborate' step finished in '5' seconds
INFO: [USF-XSim-4] XSim::Simulate design
INFO: [USF-XSim-61] Executing 'SIMULATE' step in 'C:/Users/joshu/Documents/DSD25_Termproject_Materials_Updated250519/00_RTL_Skeleton/dsd_termprj.sim/sim_1/impl/timing/xsim'
INFO: [USF-XSim-98] *** Running xsim
   with args "top_mlp_tb_time_impl -key {Post-Implementation:sim_1:Timing:top_mlp_tb} -tclbatch {top_mlp_tb.tcl} -protoinst "protoinst_files/bd_48ac.protoinst" -protoinst "protoinst_files/design_1.protoinst" -log {simulate.log}"
INFO: [USF-XSim-8] Loading simulator feature
INFO: [Wavedata 42-565] Reading protoinst file protoinst_files/bd_48ac.protoinst
WARNING: [Wavedata 42-558] Couldn't load one or more protocol instances from protoinst file protoinst_files/bd_48ac.protoinst for the following reason(s):
There are no instances of module "bd_48ac" in the design.

INFO: [Wavedata 42-565] Reading protoinst file protoinst_files/design_1.protoinst
WARNING: [Wavedata 42-558] Couldn't load one or more protocol instances from protoinst file protoinst_files/design_1.protoinst for the following reason(s):
There are no instances of module "design_1" in the design.

Time resolution is 1 ps
source top_mlp_tb.tcl
# set curr_wave [current_wave_config]
# if { [string length $curr_wave] == 0 } {
#   if { [llength [get_objects]] > 0} {
#     add_wave /
#     set_property needs_save false [current_wave_config]
#   } else {
#      send_msg_id Add_Wave-1 WARNING "No top level signals found. Simulator will start without a wave window. If you want to open a wave window go to 'File->New Waveform Configuration' or type 'create_wave_config' in the TCL console."
#   }
# }
# run 1000ns
INFO: [USF-XSim-96] XSim completed. Design snapshot 'top_mlp_tb_time_impl' loaded.
INFO: [USF-XSim-97] XSim simulation ran for 1000ns
launch_simulation: Time (s): cpu = 00:00:08 ; elapsed = 00:00:30 . Memory (MB): peak = 5215.754 ; gain = 0.000
run all
Time 185925000: y_buf_data = -11576, 	addr = 0
Time 186575000: y_buf_data = -1247, 	addr = 4
Time 187225000: y_buf_data = 34345, 	addr = 8
Time 187875000: y_buf_data = 9805, 	addr = 12
Time 188525000: y_buf_data = -42461, 	addr = 16
Time 189175000: y_buf_data = -4766, 	addr = 20
Time 189825000: y_buf_data = -8336, 	addr = 24
Time 190475000: y_buf_data = -25177, 	addr = 28
Time 191125000: y_buf_data = -1217, 	addr = 32
Time 191775000: y_buf_data = -45985, 	addr = 36
Time 377705000: y_buf_data = -19407, 	addr = 40
Time 378355000: y_buf_data = 13351, 	addr = 44
Time 379005000: y_buf_data = -7164, 	addr = 48
Time 379655000: y_buf_data = -5901, 	addr = 52
Time 380305000: y_buf_data = -10381, 	addr = 56
Time 380955000: y_buf_data = -1228, 	addr = 60
Time 381605000: y_buf_data = 888, 	addr = 64
Time 382255000: y_buf_data = -5263, 	addr = 68
Time 382905000: y_buf_data = 4758, 	addr = 72
Time 383555000: y_buf_data = -16765, 	addr = 76
Time 569485000: y_buf_data = 37380, 	addr = 80
Time 570135000: y_buf_data = -25913, 	addr = 84
Time 570785000: y_buf_data = -5961, 	addr = 88
Time 571435000: y_buf_data = -11036, 	addr = 92
Time 572085000: y_buf_data = -15441, 	addr = 96
Time 572735000: y_buf_data = -7576, 	addr = 100
Time 573385000: y_buf_data = 5538, 	addr = 104
Time 574035000: y_buf_data = -16407, 	addr = 108
Time 574685000: y_buf_data = -10822, 	addr = 112
Time 575335000: y_buf_data = -7577, 	addr = 116
Time 761265000: y_buf_data = -8661, 	addr = 120
Time 761915000: y_buf_data = -24427, 	addr = 124
Time 762565000: y_buf_data = -8151, 	addr = 128
Time 763215000: y_buf_data = -13316, 	addr = 132
Time 763865000: y_buf_data = 21364, 	addr = 136
Time 764515000: y_buf_data = -13552, 	addr = 140
Time 765165000: y_buf_data = -5739, 	addr = 144
Time 765815000: y_buf_data = -1384, 	addr = 148
Time 766465000: y_buf_data = -3391, 	addr = 152
Time 767115000: y_buf_data = 12471, 	addr = 156
Time 953045000: y_buf_data = -20535, 	addr = 160
Time 953695000: y_buf_data = 19182, 	addr = 164
Time 954345000: y_buf_data = -9473, 	addr = 168
Time 954995000: y_buf_data = -5950, 	addr = 172
Time 955645000: y_buf_data = -15268, 	addr = 176
Time 956295000: y_buf_data = -14349, 	addr = 180
Time 956945000: y_buf_data = -6989, 	addr = 184
Time 957595000: y_buf_data = 632, 	addr = 188
Time 958245000: y_buf_data = 4142, 	addr = 192
Time 958895000: y_buf_data = -18991, 	addr = 196
Time 1144825000: y_buf_data = -41125, 	addr = 200
Time 1145475000: y_buf_data = -13213, 	addr = 204
Time 1146125000: y_buf_data = -11169, 	addr = 208
Time 1146775000: y_buf_data = -15338, 	addr = 212
Time 1147425000: y_buf_data = 19244, 	addr = 216
Time 1148075000: y_buf_data = -1722, 	addr = 220
Time 1148725000: y_buf_data = -18126, 	addr = 224
Time 1149375000: y_buf_data = -721, 	addr = 228
Time 1150025000: y_buf_data = 441, 	addr = 232
Time 1150675000: y_buf_data = -10301, 	addr = 236
Time 1336605000: y_buf_data = -25401, 	addr = 240
Time 1337255000: y_buf_data = -25821, 	addr = 244
Time 1337905000: y_buf_data = -5433, 	addr = 248
Time 1338555000: y_buf_data = 5839, 	addr = 252
Time 1339205000: y_buf_data = -6487, 	addr = 256
Time 1339855000: y_buf_data = -3925, 	addr = 260
Time 1340505000: y_buf_data = -58595, 	addr = 264
Time 1341155000: y_buf_data = 18363, 	addr = 268
Time 1341805000: y_buf_data = -16381, 	addr = 272
Time 1342455000: y_buf_data = 29775, 	addr = 276
Time 1528385000: y_buf_data = -36730, 	addr = 280
Time 1529035000: y_buf_data = -41118, 	addr = 284
Time 1529685000: y_buf_data = -4838, 	addr = 288
Time 1530335000: y_buf_data = -25890, 	addr = 292
Time 1530985000: y_buf_data = -14876, 	addr = 296
Time 1531635000: y_buf_data = 20028, 	addr = 300
Time 1532285000: y_buf_data = 23993, 	addr = 304
Time 1532935000: y_buf_data = -35186, 	addr = 308
Time 1533585000: y_buf_data = 15865, 	addr = 312
Time 1534235000: y_buf_data = -20405, 	addr = 316
Time 1720165000: y_buf_data = -46252, 	addr = 320
Time 1720815000: y_buf_data = -30784, 	addr = 324
Time 1721465000: y_buf_data = -5449, 	addr = 328
Time 1722115000: y_buf_data = -2709, 	addr = 332
Time 1722765000: y_buf_data = 14725, 	addr = 336
Time 1723415000: y_buf_data = -23968, 	addr = 340
Time 1724065000: y_buf_data = -59621, 	addr = 344
Time 1724715000: y_buf_data = 19996, 	addr = 348
Time 1725365000: y_buf_data = 4636, 	addr = 352
Time 1726015000: y_buf_data = 33038, 	addr = 356
Time 1911945000: y_buf_data = 35360, 	addr = 360
Time 1912595000: y_buf_data = -23623, 	addr = 364
Time 1913245000: y_buf_data = 3139, 	addr = 368
Time 1913895000: y_buf_data = -7040, 	addr = 372
Time 1914545000: y_buf_data = -30146, 	addr = 376
Time 1915195000: y_buf_data = -920, 	addr = 380
Time 1915845000: y_buf_data = 4001, 	addr = 384
Time 1916495000: y_buf_data = -23640, 	addr = 388
Time 1917145000: y_buf_data = -5608, 	addr = 392
Time 1917795000: y_buf_data = -11511, 	addr = 396
Simulation finished.
$stop called at time : 1917815 ns : File "C:/Users/joshu/Documents/DSD25_Termproject_Materials_Updated250519/00_RTL_Skeleton/dsd_termprj.srcs/sim_1/imports/new/tb_top.v" Line 76
opt_design -retiming
ERROR: [Common 17-170] Unknown option '-retiming', please type 'opt_design -help' for usage info.
current_design synth_1
opt_design -retiming
ERROR: [Common 17-170] Unknown option '-retiming', please type 'opt_design -help' for usage info.
current_design impl_1
close_sim
INFO: [Simtcl 6-16] Simulation closed
close_sim
INFO: [Simtcl 6-16] Simulation closed
exit
INFO: [Common 17-206] Exiting Vivado at Sun Jun 15 20:46:56 2025...
