TRACE::2025-03-11.00:44:48::SCWPlatform::Trying to open the hw design at C:/Users/junoh/vivado23/DSD25_Termprj/00_RTL_Skeleton/workspace/design_1_wrapper/hw/design_1_wrapper.xsa
TRACE::2025-03-11.00:44:48::SCWPlatform::DSA given C:/Users/junoh/vivado23/DSD25_Termprj/00_RTL_Skeleton/workspace/design_1_wrapper/hw/design_1_wrapper.xsa
TRACE::2025-03-11.00:44:48::SCWPlatform::DSA absoulate path C:/Users/junoh/vivado23/DSD25_Termprj/00_RTL_Skeleton/workspace/design_1_wrapper/hw/design_1_wrapper.xsa
TRACE::2025-03-11.00:44:48::SCWPlatform::DSA directory C:/Users/junoh/vivado23/DSD25_Termprj/00_RTL_Skeleton/workspace/design_1_wrapper/hw
TRACE::2025-03-11.00:44:48::SCWPlatform:: Platform Path C:/Users/junoh/vivado23/DSD25_Termprj/00_RTL_Skeleton/workspace/design_1_wrapper/hw/design_1_wrapper.xsa
TRACE::2025-03-11.00:44:48::SCWPlatform:: Unique name xilinx:zybo-z7-20::0.0
TRACE::2025-03-11.00:44:48::SCWPlatform::Do not have an existing db opened. 
TRACE::2025-03-11.00:44:49::SCWPlatform::Opened new HwDB with name design_1_wrapper_0
TRACE::2025-03-11.00:44:49::SCWWriter::formatted JSON is {
	"platformName":	"design_1_wrapper",
	"sprVersion":	"2.0",
	"mode":	"gui",
	"dsaType":	"Fixed",
	"platformDesc":	"design_1_wrapper",
	"platHandOff":	"C:/Users/junoh/vivado23/DSD25_Termprj/00_RTL_Skeleton/design_1_wrapper.xsa",
	"platIntHandOff":	"<platformDir>/hw/design_1_wrapper.xsa",
	"deviceType":	"zynq",
	"platIsPrebuiltAutogen":	"false",
	"platIsNoBootBsp":	"false",
	"hasFsblMakeHasChanges":	"false",
	"hasPmufwMakeHasChanges":	"false",
	"platPreBuiltFlag":	false,
	"platformSamplesDir":	""
}
TRACE::2025-03-11.00:44:49::SCWWriter::formatted JSON is {
	"platformName":	"design_1_wrapper",
	"sprVersion":	"2.0",
	"mode":	"gui",
	"dsaType":	"Fixed",
	"platformDesc":	"design_1_wrapper",
	"platHandOff":	"C:/Users/junoh/vivado23/DSD25_Termprj/00_RTL_Skeleton/design_1_wrapper.xsa",
	"platIntHandOff":	"<platformDir>/hw/design_1_wrapper.xsa",
	"deviceType":	"zynq",
	"platIsPrebuiltAutogen":	"false",
	"platIsNoBootBsp":	"false",
	"hasFsblMakeHasChanges":	"false",
	"hasPmufwMakeHasChanges":	"false",
	"platPreBuiltFlag":	false,
	"platformSamplesDir":	"",
	"platActiveSys":	"design_1_wrapper",
	"systems":	[{
			"systemName":	"design_1_wrapper",
			"systemDesc":	"design_1_wrapper",
			"sysIsBootAutoGen":	"true",
			"systemDispName":	"design_1_wrapper"
		}]
}
TRACE::2025-03-11.00:44:49::SCWPlatform::Boot application domains not present, creating them
TRACE::2025-03-11.00:44:49::SCWDomain::checking for install qemu data   : 
TRACE::2025-03-11.00:44:49::SCWDomain:: Using the QEMU Data from install at  : C:/Xilinx/Vitis/2023.1/data/emulation/platforms/zynq/sw/a9_standalone/qemu/
TRACE::2025-03-11.00:44:49::SCWDomain:: Using the QEMU args  from install at  : C:/Xilinx/Vitis/2023.1/data/emulation/platforms/zynq/sw/a9_standalone/qemu/qemu_args.txt
TRACE::2025-03-11.00:44:49::SCWPlatform::Trying to open the hw design at C:/Users/junoh/vivado23/DSD25_Termprj/00_RTL_Skeleton/workspace/design_1_wrapper/hw/design_1_wrapper.xsa
TRACE::2025-03-11.00:44:49::SCWPlatform::DSA given C:/Users/junoh/vivado23/DSD25_Termprj/00_RTL_Skeleton/workspace/design_1_wrapper/hw/design_1_wrapper.xsa
TRACE::2025-03-11.00:44:49::SCWPlatform::DSA absoulate path C:/Users/junoh/vivado23/DSD25_Termprj/00_RTL_Skeleton/workspace/design_1_wrapper/hw/design_1_wrapper.xsa
TRACE::2025-03-11.00:44:49::SCWPlatform::DSA directory C:/Users/junoh/vivado23/DSD25_Termprj/00_RTL_Skeleton/workspace/design_1_wrapper/hw
TRACE::2025-03-11.00:44:49::SCWPlatform:: Platform Path C:/Users/junoh/vivado23/DSD25_Termprj/00_RTL_Skeleton/workspace/design_1_wrapper/hw/design_1_wrapper.xsa
TRACE::2025-03-11.00:44:49::SCWPlatform:: Unique name xilinx:zybo-z7-20::0.0
TRACE::2025-03-11.00:44:49::SCWPlatform::Trying to set the existing hwdb with name design_1_wrapper_0
TRACE::2025-03-11.00:44:49::SCWPlatform::Opened existing hwdb design_1_wrapper_0
TRACE::2025-03-11.00:44:49::SCWPlatform::Found the Hw Db part of the input DSA
TRACE::2025-03-11.00:44:49::SCWPlatform::Trying to open the hw design at C:/Users/junoh/vivado23/DSD25_Termprj/00_RTL_Skeleton/workspace/design_1_wrapper/hw/design_1_wrapper.xsa
TRACE::2025-03-11.00:44:49::SCWPlatform::DSA given C:/Users/junoh/vivado23/DSD25_Termprj/00_RTL_Skeleton/workspace/design_1_wrapper/hw/design_1_wrapper.xsa
TRACE::2025-03-11.00:44:49::SCWPlatform::DSA absoulate path C:/Users/junoh/vivado23/DSD25_Termprj/00_RTL_Skeleton/workspace/design_1_wrapper/hw/design_1_wrapper.xsa
TRACE::2025-03-11.00:44:49::SCWPlatform::DSA directory C:/Users/junoh/vivado23/DSD25_Termprj/00_RTL_Skeleton/workspace/design_1_wrapper/hw
TRACE::2025-03-11.00:44:49::SCWPlatform:: Platform Path C:/Users/junoh/vivado23/DSD25_Termprj/00_RTL_Skeleton/workspace/design_1_wrapper/hw/design_1_wrapper.xsa
TRACE::2025-03-11.00:44:49::SCWPlatform:: Unique name xilinx:zybo-z7-20::0.0
TRACE::2025-03-11.00:44:49::SCWPlatform::Trying to set the existing hwdb with name design_1_wrapper_0
TRACE::2025-03-11.00:44:49::SCWPlatform::Opened existing hwdb design_1_wrapper_0
TRACE::2025-03-11.00:44:49::SCWPlatform::Found the Hw Db part of the input DSA
TRACE::2025-03-11.00:44:49::SCWPlatform::Trying to open the hw design at C:/Users/junoh/vivado23/DSD25_Termprj/00_RTL_Skeleton/workspace/design_1_wrapper/hw/design_1_wrapper.xsa
TRACE::2025-03-11.00:44:49::SCWPlatform::DSA given C:/Users/junoh/vivado23/DSD25_Termprj/00_RTL_Skeleton/workspace/design_1_wrapper/hw/design_1_wrapper.xsa
TRACE::2025-03-11.00:44:49::SCWPlatform::DSA absoulate path C:/Users/junoh/vivado23/DSD25_Termprj/00_RTL_Skeleton/workspace/design_1_wrapper/hw/design_1_wrapper.xsa
TRACE::2025-03-11.00:44:49::SCWPlatform::DSA directory C:/Users/junoh/vivado23/DSD25_Termprj/00_RTL_Skeleton/workspace/design_1_wrapper/hw
TRACE::2025-03-11.00:44:49::SCWPlatform:: Platform Path C:/Users/junoh/vivado23/DSD25_Termprj/00_RTL_Skeleton/workspace/design_1_wrapper/hw/design_1_wrapper.xsa
TRACE::2025-03-11.00:44:49::SCWPlatform:: Unique name xilinx:zybo-z7-20::0.0
TRACE::2025-03-11.00:44:49::SCWPlatform::Trying to set the existing hwdb with name design_1_wrapper_0
TRACE::2025-03-11.00:44:49::SCWPlatform::Opened existing hwdb design_1_wrapper_0
TRACE::2025-03-11.00:44:49::SCWPlatform::Found the Hw Db part of the input DSA
TRACE::2025-03-11.00:44:49::SCWPlatform::Boot application domain added for zynq_fsbl
TRACE::2025-03-11.00:44:49::SCWPlatform::Generating the sources  .
TRACE::2025-03-11.00:44:49::SCWBDomain::Generating boot domain sources.
TRACE::2025-03-11.00:44:49::SCWBDomain:: Generating the zynq_fsbl Application.
TRACE::2025-03-11.00:44:49::SCWPlatform::Trying to open the hw design at C:/Users/junoh/vivado23/DSD25_Termprj/00_RTL_Skeleton/workspace/design_1_wrapper/hw/design_1_wrapper.xsa
TRACE::2025-03-11.00:44:49::SCWPlatform::DSA given C:/Users/junoh/vivado23/DSD25_Termprj/00_RTL_Skeleton/workspace/design_1_wrapper/hw/design_1_wrapper.xsa
TRACE::2025-03-11.00:44:49::SCWPlatform::DSA absoulate path C:/Users/junoh/vivado23/DSD25_Termprj/00_RTL_Skeleton/workspace/design_1_wrapper/hw/design_1_wrapper.xsa
TRACE::2025-03-11.00:44:49::SCWPlatform::DSA directory C:/Users/junoh/vivado23/DSD25_Termprj/00_RTL_Skeleton/workspace/design_1_wrapper/hw
TRACE::2025-03-11.00:44:49::SCWPlatform:: Platform Path C:/Users/junoh/vivado23/DSD25_Termprj/00_RTL_Skeleton/workspace/design_1_wrapper/hw/design_1_wrapper.xsa
TRACE::2025-03-11.00:44:49::SCWPlatform:: Unique name xilinx:zybo-z7-20::0.0
TRACE::2025-03-11.00:44:49::SCWPlatform::Trying to set the existing hwdb with name design_1_wrapper_0
TRACE::2025-03-11.00:44:49::SCWPlatform::Opened existing hwdb design_1_wrapper_0
TRACE::2025-03-11.00:44:49::SCWPlatform::Found the Hw Db part of the input DSA
TRACE::2025-03-11.00:44:49::SCWMssOS::Checking the sw design at  C:/Users/junoh/vivado23/DSD25_Termprj/00_RTL_Skeleton/workspace/design_1_wrapper/zynq_fsbl/zynq_fsbl_bsp/system.mss
TRACE::2025-03-11.00:44:49::SCWMssOS::DEBUG:  swdes dump  
TRACE::2025-03-11.00:44:49::SCWMssOS::No sw design opened at  C:/Users/junoh/vivado23/DSD25_Termprj/00_RTL_Skeleton/workspace/design_1_wrapper/zynq_fsbl/zynq_fsbl_bsp/system.mss
TRACE::2025-03-11.00:44:49::SCWMssOS::mss does not exists at C:/Users/junoh/vivado23/DSD25_Termprj/00_RTL_Skeleton/workspace/design_1_wrapper/zynq_fsbl/zynq_fsbl_bsp/system.mss
TRACE::2025-03-11.00:44:49::SCWMssOS::Creating sw design at  C:/Users/junoh/vivado23/DSD25_Termprj/00_RTL_Skeleton/workspace/design_1_wrapper/zynq_fsbl/zynq_fsbl_bsp/system.mss
TRACE::2025-03-11.00:44:49::SCWMssOS::Adding the swdes entry, created swdb C:/Users/junoh/vivado23/DSD25_Termprj/00_RTL_Skeleton/workspace/design_1_wrapper/zynq_fsbl/zynq_fsbl_bsp/system.mss with des name C:/Users/junoh/vivado23/DSD25_Termprj/00_RTL_Skeleton/workspace/design_1_wrapper/zynq_fsbl/zynq_fsbl_bsp/system.mss
TRACE::2025-03-11.00:44:49::SCWMssOS::updating the scw layer changes to swdes at   C:/Users/junoh/vivado23/DSD25_Termprj/00_RTL_Skeleton/workspace/design_1_wrapper/zynq_fsbl/zynq_fsbl_bsp/system.mss
TRACE::2025-03-11.00:44:49::SCWMssOS::Writing mss at C:/Users/junoh/vivado23/DSD25_Termprj/00_RTL_Skeleton/workspace/design_1_wrapper/zynq_fsbl/zynq_fsbl_bsp/system.mss
TRACE::2025-03-11.00:44:49::SCWMssOS::Completed writing the mss file at C:/Users/junoh/vivado23/DSD25_Termprj/00_RTL_Skeleton/workspace/design_1_wrapper/zynq_fsbl/zynq_fsbl_bsp
TRACE::2025-03-11.00:44:49::SCWMssOS::Picking up changes from newly written mss file into SCW Layer. 
TRACE::2025-03-11.00:44:49::SCWMssOS::Updated the changes from newly written mss file into SCW Layer. 
TRACE::2025-03-11.00:44:49::SCWBDomain::Completed writing the mss file at C:/Users/junoh/vivado23/DSD25_Termprj/00_RTL_Skeleton/workspace/design_1_wrapper/zynq_fsbl/zynq_fsbl_bsp
TRACE::2025-03-11.00:44:55::SCWPlatform::Generating sources Done.
TRACE::2025-03-11.00:44:55::SCWPlatform::Trying to open the hw design at C:/Users/junoh/vivado23/DSD25_Termprj/00_RTL_Skeleton/workspace/design_1_wrapper/hw/design_1_wrapper.xsa
TRACE::2025-03-11.00:44:55::SCWPlatform::DSA given C:/Users/junoh/vivado23/DSD25_Termprj/00_RTL_Skeleton/workspace/design_1_wrapper/hw/design_1_wrapper.xsa
TRACE::2025-03-11.00:44:55::SCWPlatform::DSA absoulate path C:/Users/junoh/vivado23/DSD25_Termprj/00_RTL_Skeleton/workspace/design_1_wrapper/hw/design_1_wrapper.xsa
TRACE::2025-03-11.00:44:55::SCWPlatform::DSA directory C:/Users/junoh/vivado23/DSD25_Termprj/00_RTL_Skeleton/workspace/design_1_wrapper/hw
TRACE::2025-03-11.00:44:55::SCWPlatform:: Platform Path C:/Users/junoh/vivado23/DSD25_Termprj/00_RTL_Skeleton/workspace/design_1_wrapper/hw/design_1_wrapper.xsa
TRACE::2025-03-11.00:44:55::SCWPlatform:: Unique name xilinx:zybo-z7-20::0.0
TRACE::2025-03-11.00:44:55::SCWPlatform::Trying to set the existing hwdb with name design_1_wrapper_0
TRACE::2025-03-11.00:44:55::SCWPlatform::Opened existing hwdb design_1_wrapper_0
TRACE::2025-03-11.00:44:55::SCWPlatform::Found the Hw Db part of the input DSA
TRACE::2025-03-11.00:44:55::SCWMssOS::Checking the sw design at  C:/Users/junoh/vivado23/DSD25_Termprj/00_RTL_Skeleton/workspace/design_1_wrapper/zynq_fsbl/zynq_fsbl_bsp/system.mss
TRACE::2025-03-11.00:44:55::SCWMssOS::DEBUG:  swdes dump  
TRACE::2025-03-11.00:44:55::SCWMssOS::No sw design opened at  C:/Users/junoh/vivado23/DSD25_Termprj/00_RTL_Skeleton/workspace/design_1_wrapper/zynq_fsbl/zynq_fsbl_bsp/system.mss
TRACE::2025-03-11.00:44:55::SCWMssOS::mss exists loading the mss file  C:/Users/junoh/vivado23/DSD25_Termprj/00_RTL_Skeleton/workspace/design_1_wrapper/zynq_fsbl/zynq_fsbl_bsp/system.mss
TRACE::2025-03-11.00:44:55::SCWMssOS::Opened the sw design from mss  C:/Users/junoh/vivado23/DSD25_Termprj/00_RTL_Skeleton/workspace/design_1_wrapper/zynq_fsbl/zynq_fsbl_bsp/system.mss
TRACE::2025-03-11.00:44:55::SCWMssOS::Adding the swdes entry C:/Users/junoh/vivado23/DSD25_Termprj/00_RTL_Skeleton/workspace/design_1_wrapper/zynq_fsbl/zynq_fsbl_bsp/system.mss with des name system
TRACE::2025-03-11.00:44:55::SCWMssOS::updating the scw layer about changes
TRACE::2025-03-11.00:44:55::SCWMssOS::Opened the sw design.  C:/Users/junoh/vivado23/DSD25_Termprj/00_RTL_Skeleton/workspace/design_1_wrapper/zynq_fsbl/zynq_fsbl_bsp/system.mss
TRACE::2025-03-11.00:44:55::SCWMssOS::Saving the mss changes C:/Users/junoh/vivado23/DSD25_Termprj/00_RTL_Skeleton/workspace/design_1_wrapper/zynq_fsbl/zynq_fsbl_bsp/system.mss
TRACE::2025-03-11.00:44:55::SCWMssOS::Found a swdesign opened with the mssfile.
TRACE::2025-03-11.00:44:55::SCWMssOS::Completed writemss as part of save.
TRACE::2025-03-11.00:44:55::SCWMssOS::Commit changes completed.
TRACE::2025-03-11.00:44:55::SCWPlatform::Trying to open the hw design at C:/Users/junoh/vivado23/DSD25_Termprj/00_RTL_Skeleton/workspace/design_1_wrapper/hw/design_1_wrapper.xsa
TRACE::2025-03-11.00:44:55::SCWPlatform::DSA given C:/Users/junoh/vivado23/DSD25_Termprj/00_RTL_Skeleton/workspace/design_1_wrapper/hw/design_1_wrapper.xsa
TRACE::2025-03-11.00:44:55::SCWPlatform::DSA absoulate path C:/Users/junoh/vivado23/DSD25_Termprj/00_RTL_Skeleton/workspace/design_1_wrapper/hw/design_1_wrapper.xsa
TRACE::2025-03-11.00:44:55::SCWPlatform::DSA directory C:/Users/junoh/vivado23/DSD25_Termprj/00_RTL_Skeleton/workspace/design_1_wrapper/hw
TRACE::2025-03-11.00:44:55::SCWPlatform:: Platform Path C:/Users/junoh/vivado23/DSD25_Termprj/00_RTL_Skeleton/workspace/design_1_wrapper/hw/design_1_wrapper.xsa
TRACE::2025-03-11.00:44:55::SCWPlatform:: Unique name xilinx:zybo-z7-20::0.0
TRACE::2025-03-11.00:44:55::SCWPlatform::Trying to set the existing hwdb with name design_1_wrapper_0
TRACE::2025-03-11.00:44:55::SCWPlatform::Opened existing hwdb design_1_wrapper_0
TRACE::2025-03-11.00:44:55::SCWPlatform::Found the Hw Db part of the input DSA
TRACE::2025-03-11.00:44:55::SCWMssOS::Checking the sw design at  C:/Users/junoh/vivado23/DSD25_Termprj/00_RTL_Skeleton/workspace/design_1_wrapper/zynq_fsbl/zynq_fsbl_bsp/system.mss
TRACE::2025-03-11.00:44:55::SCWMssOS::DEBUG:  swdes dump  C:/Users/junoh/vivado23/DSD25_Termprj/00_RTL_Skeleton/workspace/design_1_wrapper/zynq_fsbl/zynq_fsbl_bsp/system.mss|system||

TRACE::2025-03-11.00:44:55::SCWMssOS::Sw design exists and opened at  C:/Users/junoh/vivado23/DSD25_Termprj/00_RTL_Skeleton/workspace/design_1_wrapper/zynq_fsbl/zynq_fsbl_bsp/system.mss
TRACE::2025-03-11.00:44:55::SCWPlatform::Trying to open the hw design at C:/Users/junoh/vivado23/DSD25_Termprj/00_RTL_Skeleton/workspace/design_1_wrapper/hw/design_1_wrapper.xsa
TRACE::2025-03-11.00:44:55::SCWPlatform::DSA given C:/Users/junoh/vivado23/DSD25_Termprj/00_RTL_Skeleton/workspace/design_1_wrapper/hw/design_1_wrapper.xsa
TRACE::2025-03-11.00:44:55::SCWPlatform::DSA absoulate path C:/Users/junoh/vivado23/DSD25_Termprj/00_RTL_Skeleton/workspace/design_1_wrapper/hw/design_1_wrapper.xsa
TRACE::2025-03-11.00:44:55::SCWPlatform::DSA directory C:/Users/junoh/vivado23/DSD25_Termprj/00_RTL_Skeleton/workspace/design_1_wrapper/hw
TRACE::2025-03-11.00:44:55::SCWPlatform:: Platform Path C:/Users/junoh/vivado23/DSD25_Termprj/00_RTL_Skeleton/workspace/design_1_wrapper/hw/design_1_wrapper.xsa
TRACE::2025-03-11.00:44:55::SCWPlatform:: Unique name xilinx:zybo-z7-20::0.0
TRACE::2025-03-11.00:44:55::SCWPlatform::Trying to set the existing hwdb with name design_1_wrapper_0
TRACE::2025-03-11.00:44:55::SCWPlatform::Opened existing hwdb design_1_wrapper_0
TRACE::2025-03-11.00:44:55::SCWPlatform::Found the Hw Db part of the input DSA
TRACE::2025-03-11.00:44:55::SCWMssOS::Checking the sw design at  C:/Users/junoh/vivado23/DSD25_Termprj/00_RTL_Skeleton/workspace/design_1_wrapper/zynq_fsbl/zynq_fsbl_bsp/system.mss
TRACE::2025-03-11.00:44:55::SCWMssOS::DEBUG:  swdes dump  C:/Users/junoh/vivado23/DSD25_Termprj/00_RTL_Skeleton/workspace/design_1_wrapper/zynq_fsbl/zynq_fsbl_bsp/system.mss|system||

TRACE::2025-03-11.00:44:55::SCWMssOS::Sw design exists and opened at  C:/Users/junoh/vivado23/DSD25_Termprj/00_RTL_Skeleton/workspace/design_1_wrapper/zynq_fsbl/zynq_fsbl_bsp/system.mss
TRACE::2025-03-11.00:44:55::SCWPlatform::Trying to open the hw design at C:/Users/junoh/vivado23/DSD25_Termprj/00_RTL_Skeleton/workspace/design_1_wrapper/hw/design_1_wrapper.xsa
TRACE::2025-03-11.00:44:55::SCWPlatform::DSA given C:/Users/junoh/vivado23/DSD25_Termprj/00_RTL_Skeleton/workspace/design_1_wrapper/hw/design_1_wrapper.xsa
TRACE::2025-03-11.00:44:55::SCWPlatform::DSA absoulate path C:/Users/junoh/vivado23/DSD25_Termprj/00_RTL_Skeleton/workspace/design_1_wrapper/hw/design_1_wrapper.xsa
TRACE::2025-03-11.00:44:55::SCWPlatform::DSA directory C:/Users/junoh/vivado23/DSD25_Termprj/00_RTL_Skeleton/workspace/design_1_wrapper/hw
TRACE::2025-03-11.00:44:55::SCWPlatform:: Platform Path C:/Users/junoh/vivado23/DSD25_Termprj/00_RTL_Skeleton/workspace/design_1_wrapper/hw/design_1_wrapper.xsa
TRACE::2025-03-11.00:44:55::SCWPlatform:: Unique name xilinx:zybo-z7-20::0.0
TRACE::2025-03-11.00:44:55::SCWPlatform::Trying to set the existing hwdb with name design_1_wrapper_0
TRACE::2025-03-11.00:44:55::SCWPlatform::Opened existing hwdb design_1_wrapper_0
TRACE::2025-03-11.00:44:55::SCWPlatform::Found the Hw Db part of the input DSA
TRACE::2025-03-11.00:44:55::SCWMssOS::Checking the sw design at  C:/Users/junoh/vivado23/DSD25_Termprj/00_RTL_Skeleton/workspace/design_1_wrapper/zynq_fsbl/zynq_fsbl_bsp/system.mss
TRACE::2025-03-11.00:44:55::SCWMssOS::DEBUG:  swdes dump  C:/Users/junoh/vivado23/DSD25_Termprj/00_RTL_Skeleton/workspace/design_1_wrapper/zynq_fsbl/zynq_fsbl_bsp/system.mss|system||

TRACE::2025-03-11.00:44:55::SCWMssOS::Sw design exists and opened at  C:/Users/junoh/vivado23/DSD25_Termprj/00_RTL_Skeleton/workspace/design_1_wrapper/zynq_fsbl/zynq_fsbl_bsp/system.mss
TRACE::2025-03-11.00:44:55::SCWWriter::formatted JSON is {
	"platformName":	"design_1_wrapper",
	"sprVersion":	"2.0",
	"mode":	"gui",
	"dsaType":	"Fixed",
	"platformDesc":	"design_1_wrapper",
	"platHandOff":	"C:/Users/junoh/vivado23/DSD25_Termprj/00_RTL_Skeleton/design_1_wrapper.xsa",
	"platIntHandOff":	"<platformDir>/hw/design_1_wrapper.xsa",
	"deviceType":	"zynq",
	"platIsPrebuiltAutogen":	"false",
	"platIsNoBootBsp":	"false",
	"platFsblTarget":	"ps7_cortexa9_0",
	"hasFsblMakeHasChanges":	"false",
	"hasPmufwMakeHasChanges":	"false",
	"fsblExtraCompilerFlags":	"-MMD -MP       -mcpu=cortex-a9 -mfpu=vfpv3 -mfloat-abi=hard ",
	"platPreBuiltFlag":	false,
	"platformSamplesDir":	"",
	"platActiveSys":	"design_1_wrapper",
	"systems":	[{
			"systemName":	"design_1_wrapper",
			"systemDesc":	"design_1_wrapper",
			"sysIsBootAutoGen":	"true",
			"systemDispName":	"design_1_wrapper",
			"sysActiveDom":	"zynq_fsbl",
			"sysDefaultDom":	"",
			"domains":	[{
					"domainName":	"zynq_fsbl",
					"domainDispName":	"zynq_fsbl",
					"domainDesc":	"FSBL Application BSP - Auto Generated.",
					"processors":	"ps7_cortexa9_0",
					"os":	"standalone",
					"sdxOs":	"standalone",
					"debugEnable":	"",
					"domRuntimes":	["cpp"],
					"swRepo":	"",
					"mssOsVer":	"8.1",
					"mssFile":	"",
					"md5Digest":	"18db037d21630273c43c35eef454af04",
					"compatibleApp":	"zynq_fsbl",
					"domType":	"bootDomain",
					"arch":	"32-bit",
					"appSettings":	{
						"appCompilerFlags":	"",
						"appLinkerFlags":	""
					},
					"addedLibs":	["xilffs:5.0", "xilrsa:1.6"],
					"libOptions":	{
						"libsContainingOptions":	[]
					},
					"prebuiltLibs":	{
						"prebuiltIncPath":	[],
						"prebuiltLibPath":	[]
					},
					"isolation":	{
					}
				}]
		}]
}
TRACE::2025-03-11.00:44:55::SCWMssOS::Saving the mss changes C:/Users/junoh/vivado23/DSD25_Termprj/00_RTL_Skeleton/workspace/design_1_wrapper/zynq_fsbl/zynq_fsbl_bsp/system.mss
TRACE::2025-03-11.00:44:55::SCWMssOS::Found a swdesign opened with the mssfile.
TRACE::2025-03-11.00:44:55::SCWMssOS::Completed writemss as part of save.
TRACE::2025-03-11.00:44:55::SCWMssOS::Commit changes completed.
TRACE::2025-03-11.00:44:55::SCWPlatform::Trying to open the hw design at C:/Users/junoh/vivado23/DSD25_Termprj/00_RTL_Skeleton/workspace/design_1_wrapper/hw/design_1_wrapper.xsa
TRACE::2025-03-11.00:44:55::SCWPlatform::DSA given C:/Users/junoh/vivado23/DSD25_Termprj/00_RTL_Skeleton/workspace/design_1_wrapper/hw/design_1_wrapper.xsa
TRACE::2025-03-11.00:44:55::SCWPlatform::DSA absoulate path C:/Users/junoh/vivado23/DSD25_Termprj/00_RTL_Skeleton/workspace/design_1_wrapper/hw/design_1_wrapper.xsa
TRACE::2025-03-11.00:44:55::SCWPlatform::DSA directory C:/Users/junoh/vivado23/DSD25_Termprj/00_RTL_Skeleton/workspace/design_1_wrapper/hw
TRACE::2025-03-11.00:44:55::SCWPlatform:: Platform Path C:/Users/junoh/vivado23/DSD25_Termprj/00_RTL_Skeleton/workspace/design_1_wrapper/hw/design_1_wrapper.xsa
TRACE::2025-03-11.00:44:55::SCWPlatform:: Unique name xilinx:zybo-z7-20::0.0
TRACE::2025-03-11.00:44:55::SCWPlatform::Trying to set the existing hwdb with name design_1_wrapper_0
TRACE::2025-03-11.00:44:55::SCWPlatform::Opened existing hwdb design_1_wrapper_0
TRACE::2025-03-11.00:44:55::SCWPlatform::Found the Hw Db part of the input DSA
TRACE::2025-03-11.00:44:55::SCWMssOS::Checking the sw design at  C:/Users/junoh/vivado23/DSD25_Termprj/00_RTL_Skeleton/workspace/design_1_wrapper/zynq_fsbl/zynq_fsbl_bsp/system.mss
TRACE::2025-03-11.00:44:55::SCWMssOS::DEBUG:  swdes dump  C:/Users/junoh/vivado23/DSD25_Termprj/00_RTL_Skeleton/workspace/design_1_wrapper/zynq_fsbl/zynq_fsbl_bsp/system.mss|system||

TRACE::2025-03-11.00:44:55::SCWMssOS::Sw design exists and opened at  C:/Users/junoh/vivado23/DSD25_Termprj/00_RTL_Skeleton/workspace/design_1_wrapper/zynq_fsbl/zynq_fsbl_bsp/system.mss
TRACE::2025-03-11.00:44:55::SCWPlatform::Trying to open the hw design at C:/Users/junoh/vivado23/DSD25_Termprj/00_RTL_Skeleton/workspace/design_1_wrapper/hw/design_1_wrapper.xsa
TRACE::2025-03-11.00:44:55::SCWPlatform::DSA given C:/Users/junoh/vivado23/DSD25_Termprj/00_RTL_Skeleton/workspace/design_1_wrapper/hw/design_1_wrapper.xsa
TRACE::2025-03-11.00:44:55::SCWPlatform::DSA absoulate path C:/Users/junoh/vivado23/DSD25_Termprj/00_RTL_Skeleton/workspace/design_1_wrapper/hw/design_1_wrapper.xsa
TRACE::2025-03-11.00:44:55::SCWPlatform::DSA directory C:/Users/junoh/vivado23/DSD25_Termprj/00_RTL_Skeleton/workspace/design_1_wrapper/hw
TRACE::2025-03-11.00:44:55::SCWPlatform:: Platform Path C:/Users/junoh/vivado23/DSD25_Termprj/00_RTL_Skeleton/workspace/design_1_wrapper/hw/design_1_wrapper.xsa
TRACE::2025-03-11.00:44:55::SCWPlatform:: Unique name xilinx:zybo-z7-20::0.0
TRACE::2025-03-11.00:44:55::SCWPlatform::Trying to set the existing hwdb with name design_1_wrapper_0
TRACE::2025-03-11.00:44:55::SCWPlatform::Opened existing hwdb design_1_wrapper_0
TRACE::2025-03-11.00:44:55::SCWPlatform::Found the Hw Db part of the input DSA
TRACE::2025-03-11.00:44:55::SCWMssOS::Checking the sw design at  C:/Users/junoh/vivado23/DSD25_Termprj/00_RTL_Skeleton/workspace/design_1_wrapper/zynq_fsbl/zynq_fsbl_bsp/system.mss
TRACE::2025-03-11.00:44:55::SCWMssOS::DEBUG:  swdes dump  C:/Users/junoh/vivado23/DSD25_Termprj/00_RTL_Skeleton/workspace/design_1_wrapper/zynq_fsbl/zynq_fsbl_bsp/system.mss|system||

TRACE::2025-03-11.00:44:55::SCWMssOS::Sw design exists and opened at  C:/Users/junoh/vivado23/DSD25_Termprj/00_RTL_Skeleton/workspace/design_1_wrapper/zynq_fsbl/zynq_fsbl_bsp/system.mss
TRACE::2025-03-11.00:44:55::SCWPlatform::Trying to open the hw design at C:/Users/junoh/vivado23/DSD25_Termprj/00_RTL_Skeleton/workspace/design_1_wrapper/hw/design_1_wrapper.xsa
TRACE::2025-03-11.00:44:55::SCWPlatform::DSA given C:/Users/junoh/vivado23/DSD25_Termprj/00_RTL_Skeleton/workspace/design_1_wrapper/hw/design_1_wrapper.xsa
TRACE::2025-03-11.00:44:55::SCWPlatform::DSA absoulate path C:/Users/junoh/vivado23/DSD25_Termprj/00_RTL_Skeleton/workspace/design_1_wrapper/hw/design_1_wrapper.xsa
TRACE::2025-03-11.00:44:55::SCWPlatform::DSA directory C:/Users/junoh/vivado23/DSD25_Termprj/00_RTL_Skeleton/workspace/design_1_wrapper/hw
TRACE::2025-03-11.00:44:55::SCWPlatform:: Platform Path C:/Users/junoh/vivado23/DSD25_Termprj/00_RTL_Skeleton/workspace/design_1_wrapper/hw/design_1_wrapper.xsa
TRACE::2025-03-11.00:44:55::SCWPlatform:: Unique name xilinx:zybo-z7-20::0.0
TRACE::2025-03-11.00:44:55::SCWPlatform::Trying to set the existing hwdb with name design_1_wrapper_0
TRACE::2025-03-11.00:44:55::SCWPlatform::Opened existing hwdb design_1_wrapper_0
TRACE::2025-03-11.00:44:55::SCWPlatform::Found the Hw Db part of the input DSA
TRACE::2025-03-11.00:44:55::SCWMssOS::Checking the sw design at  C:/Users/junoh/vivado23/DSD25_Termprj/00_RTL_Skeleton/workspace/design_1_wrapper/zynq_fsbl/zynq_fsbl_bsp/system.mss
TRACE::2025-03-11.00:44:55::SCWMssOS::DEBUG:  swdes dump  C:/Users/junoh/vivado23/DSD25_Termprj/00_RTL_Skeleton/workspace/design_1_wrapper/zynq_fsbl/zynq_fsbl_bsp/system.mss|system||

TRACE::2025-03-11.00:44:55::SCWMssOS::Sw design exists and opened at  C:/Users/junoh/vivado23/DSD25_Termprj/00_RTL_Skeleton/workspace/design_1_wrapper/zynq_fsbl/zynq_fsbl_bsp/system.mss
TRACE::2025-03-11.00:44:55::SCWWriter::formatted JSON is {
	"platformName":	"design_1_wrapper",
	"sprVersion":	"2.0",
	"mode":	"gui",
	"dsaType":	"Fixed",
	"platformDesc":	"design_1_wrapper",
	"platHandOff":	"C:/Users/junoh/vivado23/DSD25_Termprj/00_RTL_Skeleton/design_1_wrapper.xsa",
	"platIntHandOff":	"<platformDir>/hw/design_1_wrapper.xsa",
	"deviceType":	"zynq",
	"platIsPrebuiltAutogen":	"false",
	"platIsNoBootBsp":	"false",
	"platFsblTarget":	"ps7_cortexa9_0",
	"hasFsblMakeHasChanges":	"false",
	"hasPmufwMakeHasChanges":	"false",
	"fsblExtraCompilerFlags":	"-MMD -MP       -mcpu=cortex-a9 -mfpu=vfpv3 -mfloat-abi=hard ",
	"platPreBuiltFlag":	false,
	"platformSamplesDir":	"",
	"platActiveSys":	"design_1_wrapper",
	"systems":	[{
			"systemName":	"design_1_wrapper",
			"systemDesc":	"design_1_wrapper",
			"sysIsBootAutoGen":	"true",
			"systemDispName":	"design_1_wrapper",
			"sysActiveDom":	"zynq_fsbl",
			"sysDefaultDom":	"",
			"domains":	[{
					"domainName":	"zynq_fsbl",
					"domainDispName":	"zynq_fsbl",
					"domainDesc":	"FSBL Application BSP - Auto Generated.",
					"processors":	"ps7_cortexa9_0",
					"os":	"standalone",
					"sdxOs":	"standalone",
					"debugEnable":	"",
					"domRuntimes":	["cpp"],
					"swRepo":	"",
					"mssOsVer":	"8.1",
					"mssFile":	"",
					"md5Digest":	"18db037d21630273c43c35eef454af04",
					"compatibleApp":	"zynq_fsbl",
					"domType":	"bootDomain",
					"arch":	"32-bit",
					"appSettings":	{
						"appCompilerFlags":	"",
						"appLinkerFlags":	""
					},
					"addedLibs":	["xilffs:5.0", "xilrsa:1.6"],
					"libOptions":	{
						"libsContainingOptions":	[]
					},
					"prebuiltLibs":	{
						"prebuiltIncPath":	[],
						"prebuiltLibPath":	[]
					},
					"isolation":	{
					}
				}]
		}]
}
TRACE::2025-03-11.00:44:55::SCWPlatform::Trying to open the hw design at C:/Users/junoh/vivado23/DSD25_Termprj/00_RTL_Skeleton/workspace/design_1_wrapper/hw/design_1_wrapper.xsa
TRACE::2025-03-11.00:44:55::SCWPlatform::DSA given C:/Users/junoh/vivado23/DSD25_Termprj/00_RTL_Skeleton/workspace/design_1_wrapper/hw/design_1_wrapper.xsa
TRACE::2025-03-11.00:44:55::SCWPlatform::DSA absoulate path C:/Users/junoh/vivado23/DSD25_Termprj/00_RTL_Skeleton/workspace/design_1_wrapper/hw/design_1_wrapper.xsa
TRACE::2025-03-11.00:44:55::SCWPlatform::DSA directory C:/Users/junoh/vivado23/DSD25_Termprj/00_RTL_Skeleton/workspace/design_1_wrapper/hw
TRACE::2025-03-11.00:44:55::SCWPlatform:: Platform Path C:/Users/junoh/vivado23/DSD25_Termprj/00_RTL_Skeleton/workspace/design_1_wrapper/hw/design_1_wrapper.xsa
TRACE::2025-03-11.00:44:55::SCWPlatform:: Unique name xilinx:zybo-z7-20::0.0
TRACE::2025-03-11.00:44:55::SCWPlatform::Trying to set the existing hwdb with name design_1_wrapper_0
TRACE::2025-03-11.00:44:55::SCWPlatform::Opened existing hwdb design_1_wrapper_0
TRACE::2025-03-11.00:44:55::SCWPlatform::Found the Hw Db part of the input DSA
TRACE::2025-03-11.00:44:55::SCWDomain::checking for install qemu data   : 
TRACE::2025-03-11.00:44:55::SCWDomain:: Using the QEMU Data from install at  : C:/Xilinx/Vitis/2023.1/data/emulation/platforms/zynq/sw/a9_standalone/qemu/
TRACE::2025-03-11.00:44:55::SCWDomain:: Using the QEMU args  from install at  : C:/Xilinx/Vitis/2023.1/data/emulation/platforms/zynq/sw/a9_standalone/qemu/qemu_args.txt
TRACE::2025-03-11.00:44:55::SCWPlatform::Trying to open the hw design at C:/Users/junoh/vivado23/DSD25_Termprj/00_RTL_Skeleton/workspace/design_1_wrapper/hw/design_1_wrapper.xsa
TRACE::2025-03-11.00:44:55::SCWPlatform::DSA given C:/Users/junoh/vivado23/DSD25_Termprj/00_RTL_Skeleton/workspace/design_1_wrapper/hw/design_1_wrapper.xsa
TRACE::2025-03-11.00:44:55::SCWPlatform::DSA absoulate path C:/Users/junoh/vivado23/DSD25_Termprj/00_RTL_Skeleton/workspace/design_1_wrapper/hw/design_1_wrapper.xsa
TRACE::2025-03-11.00:44:55::SCWPlatform::DSA directory C:/Users/junoh/vivado23/DSD25_Termprj/00_RTL_Skeleton/workspace/design_1_wrapper/hw
TRACE::2025-03-11.00:44:55::SCWPlatform:: Platform Path C:/Users/junoh/vivado23/DSD25_Termprj/00_RTL_Skeleton/workspace/design_1_wrapper/hw/design_1_wrapper.xsa
TRACE::2025-03-11.00:44:55::SCWPlatform:: Unique name xilinx:zybo-z7-20::0.0
TRACE::2025-03-11.00:44:55::SCWPlatform::Trying to set the existing hwdb with name design_1_wrapper_0
TRACE::2025-03-11.00:44:55::SCWPlatform::Opened existing hwdb design_1_wrapper_0
TRACE::2025-03-11.00:44:55::SCWPlatform::Found the Hw Db part of the input DSA
TRACE::2025-03-11.00:44:55::SCWPlatform::Trying to open the hw design at C:/Users/junoh/vivado23/DSD25_Termprj/00_RTL_Skeleton/workspace/design_1_wrapper/hw/design_1_wrapper.xsa
TRACE::2025-03-11.00:44:55::SCWPlatform::DSA given C:/Users/junoh/vivado23/DSD25_Termprj/00_RTL_Skeleton/workspace/design_1_wrapper/hw/design_1_wrapper.xsa
TRACE::2025-03-11.00:44:55::SCWPlatform::DSA absoulate path C:/Users/junoh/vivado23/DSD25_Termprj/00_RTL_Skeleton/workspace/design_1_wrapper/hw/design_1_wrapper.xsa
TRACE::2025-03-11.00:44:55::SCWPlatform::DSA directory C:/Users/junoh/vivado23/DSD25_Termprj/00_RTL_Skeleton/workspace/design_1_wrapper/hw
TRACE::2025-03-11.00:44:55::SCWPlatform:: Platform Path C:/Users/junoh/vivado23/DSD25_Termprj/00_RTL_Skeleton/workspace/design_1_wrapper/hw/design_1_wrapper.xsa
TRACE::2025-03-11.00:44:55::SCWPlatform:: Unique name xilinx:zybo-z7-20::0.0
TRACE::2025-03-11.00:44:55::SCWPlatform::Trying to set the existing hwdb with name design_1_wrapper_0
TRACE::2025-03-11.00:44:55::SCWPlatform::Opened existing hwdb design_1_wrapper_0
TRACE::2025-03-11.00:44:55::SCWPlatform::Found the Hw Db part of the input DSA
TRACE::2025-03-11.00:44:55::SCWDomain::Qemu Directory name is changed from "" to "qemu"
TRACE::2025-03-11.00:44:55::SCWPlatform::Trying to open the hw design at C:/Users/junoh/vivado23/DSD25_Termprj/00_RTL_Skeleton/workspace/design_1_wrapper/hw/design_1_wrapper.xsa
TRACE::2025-03-11.00:44:55::SCWPlatform::DSA given C:/Users/junoh/vivado23/DSD25_Termprj/00_RTL_Skeleton/workspace/design_1_wrapper/hw/design_1_wrapper.xsa
TRACE::2025-03-11.00:44:55::SCWPlatform::DSA absoulate path C:/Users/junoh/vivado23/DSD25_Termprj/00_RTL_Skeleton/workspace/design_1_wrapper/hw/design_1_wrapper.xsa
TRACE::2025-03-11.00:44:55::SCWPlatform::DSA directory C:/Users/junoh/vivado23/DSD25_Termprj/00_RTL_Skeleton/workspace/design_1_wrapper/hw
TRACE::2025-03-11.00:44:55::SCWPlatform:: Platform Path C:/Users/junoh/vivado23/DSD25_Termprj/00_RTL_Skeleton/workspace/design_1_wrapper/hw/design_1_wrapper.xsa
TRACE::2025-03-11.00:44:55::SCWPlatform:: Unique name xilinx:zybo-z7-20::0.0
TRACE::2025-03-11.00:44:55::SCWPlatform::Trying to set the existing hwdb with name design_1_wrapper_0
TRACE::2025-03-11.00:44:55::SCWPlatform::Opened existing hwdb design_1_wrapper_0
TRACE::2025-03-11.00:44:55::SCWPlatform::Found the Hw Db part of the input DSA
TRACE::2025-03-11.00:44:55::SCWMssOS::Checking the sw design at  C:/Users/junoh/vivado23/DSD25_Termprj/00_RTL_Skeleton/workspace/design_1_wrapper/ps7_cortexa9_0/standalone_ps7_cortexa9_0/bsp/system.mss
TRACE::2025-03-11.00:44:55::SCWMssOS::DEBUG:  swdes dump  C:/Users/junoh/vivado23/DSD25_Termprj/00_RTL_Skeleton/workspace/design_1_wrapper/zynq_fsbl/zynq_fsbl_bsp/system.mss|system||

TRACE::2025-03-11.00:44:55::SCWMssOS::No sw design opened at  C:/Users/junoh/vivado23/DSD25_Termprj/00_RTL_Skeleton/workspace/design_1_wrapper/ps7_cortexa9_0/standalone_ps7_cortexa9_0/bsp/system.mss
TRACE::2025-03-11.00:44:55::SCWMssOS::mss does not exists at C:/Users/junoh/vivado23/DSD25_Termprj/00_RTL_Skeleton/workspace/design_1_wrapper/ps7_cortexa9_0/standalone_ps7_cortexa9_0/bsp/system.mss
TRACE::2025-03-11.00:44:55::SCWMssOS::Creating sw design at  C:/Users/junoh/vivado23/DSD25_Termprj/00_RTL_Skeleton/workspace/design_1_wrapper/ps7_cortexa9_0/standalone_ps7_cortexa9_0/bsp/system.mss
TRACE::2025-03-11.00:44:55::SCWMssOS::Adding the swdes entry, created swdb C:/Users/junoh/vivado23/DSD25_Termprj/00_RTL_Skeleton/workspace/design_1_wrapper/ps7_cortexa9_0/standalone_ps7_cortexa9_0/bsp/system.mss with des name C:/Users/junoh/vivado23/DSD25_Termprj/00_RTL_Skeleton/workspace/design_1_wrapper/ps7_cortexa9_0/standalone_ps7_cortexa9_0/bsp/system.mss
TRACE::2025-03-11.00:44:55::SCWMssOS::updating the scw layer changes to swdes at   C:/Users/junoh/vivado23/DSD25_Termprj/00_RTL_Skeleton/workspace/design_1_wrapper/ps7_cortexa9_0/standalone_ps7_cortexa9_0/bsp/system.mss
TRACE::2025-03-11.00:44:55::SCWMssOS::Writing mss at C:/Users/junoh/vivado23/DSD25_Termprj/00_RTL_Skeleton/workspace/design_1_wrapper/ps7_cortexa9_0/standalone_ps7_cortexa9_0/bsp/system.mss
TRACE::2025-03-11.00:44:55::SCWMssOS::Completed writing the mss file at C:/Users/junoh/vivado23/DSD25_Termprj/00_RTL_Skeleton/workspace/design_1_wrapper/ps7_cortexa9_0/standalone_ps7_cortexa9_0/bsp
TRACE::2025-03-11.00:44:55::SCWMssOS::Picking up changes from newly written mss file into SCW Layer. 
TRACE::2025-03-11.00:44:55::SCWMssOS::Updated the changes from newly written mss file into SCW Layer. 
TRACE::2025-03-11.00:44:55::SCWMssOS::Completed writing the mss file at C:/Users/junoh/vivado23/DSD25_Termprj/00_RTL_Skeleton/workspace/design_1_wrapper/ps7_cortexa9_0/standalone_ps7_cortexa9_0/bsp
TRACE::2025-03-11.00:44:55::SCWMssOS::Forcing BSP Sources regeneration.
TRACE::2025-03-11.00:44:57::SCWMssOS::Saving the mss changes C:/Users/junoh/vivado23/DSD25_Termprj/00_RTL_Skeleton/workspace/design_1_wrapper/zynq_fsbl/zynq_fsbl_bsp/system.mss
TRACE::2025-03-11.00:44:57::SCWMssOS::Found a swdesign opened with the mssfile.
TRACE::2025-03-11.00:44:57::SCWMssOS::Completed writemss as part of save.
TRACE::2025-03-11.00:44:57::SCWMssOS::Commit changes completed.
TRACE::2025-03-11.00:44:57::SCWMssOS::Saving the mss changes C:/Users/junoh/vivado23/DSD25_Termprj/00_RTL_Skeleton/workspace/design_1_wrapper/ps7_cortexa9_0/standalone_ps7_cortexa9_0/bsp/system.mss
TRACE::2025-03-11.00:44:57::SCWMssOS::Adding the swdes entry, mss present, able to open swdb C:/Users/junoh/vivado23/DSD25_Termprj/00_RTL_Skeleton/workspace/design_1_wrapper/ps7_cortexa9_0/standalone_ps7_cortexa9_0/bsp/system.mss with des name system_0
TRACE::2025-03-11.00:44:57::SCWMssOS::Writing the mss file completed C:/Users/junoh/vivado23/DSD25_Termprj/00_RTL_Skeleton/workspace/design_1_wrapper/ps7_cortexa9_0/standalone_ps7_cortexa9_0/bsp/system.mss
TRACE::2025-03-11.00:44:57::SCWMssOS::Commit changes completed.
TRACE::2025-03-11.00:44:57::SCWPlatform::Trying to open the hw design at C:/Users/junoh/vivado23/DSD25_Termprj/00_RTL_Skeleton/workspace/design_1_wrapper/hw/design_1_wrapper.xsa
TRACE::2025-03-11.00:44:57::SCWPlatform::DSA given C:/Users/junoh/vivado23/DSD25_Termprj/00_RTL_Skeleton/workspace/design_1_wrapper/hw/design_1_wrapper.xsa
TRACE::2025-03-11.00:44:57::SCWPlatform::DSA absoulate path C:/Users/junoh/vivado23/DSD25_Termprj/00_RTL_Skeleton/workspace/design_1_wrapper/hw/design_1_wrapper.xsa
TRACE::2025-03-11.00:44:57::SCWPlatform::DSA directory C:/Users/junoh/vivado23/DSD25_Termprj/00_RTL_Skeleton/workspace/design_1_wrapper/hw
TRACE::2025-03-11.00:44:57::SCWPlatform:: Platform Path C:/Users/junoh/vivado23/DSD25_Termprj/00_RTL_Skeleton/workspace/design_1_wrapper/hw/design_1_wrapper.xsa
TRACE::2025-03-11.00:44:57::SCWPlatform:: Unique name xilinx:zybo-z7-20::0.0
TRACE::2025-03-11.00:44:57::SCWPlatform::Trying to set the existing hwdb with name design_1_wrapper_0
TRACE::2025-03-11.00:44:57::SCWPlatform::Opened existing hwdb design_1_wrapper_0
TRACE::2025-03-11.00:44:57::SCWPlatform::Found the Hw Db part of the input DSA
TRACE::2025-03-11.00:44:57::SCWMssOS::Checking the sw design at  C:/Users/junoh/vivado23/DSD25_Termprj/00_RTL_Skeleton/workspace/design_1_wrapper/zynq_fsbl/zynq_fsbl_bsp/system.mss
TRACE::2025-03-11.00:44:57::SCWMssOS::DEBUG:  swdes dump  C:/Users/junoh/vivado23/DSD25_Termprj/00_RTL_Skeleton/workspace/design_1_wrapper/ps7_cortexa9_0/standalone_ps7_cortexa9_0/bsp/system.mss|system_0||
C:/Users/junoh/vivado23/DSD25_Termprj/00_RTL_Skeleton/workspace/design_1_wrapper/zynq_fsbl/zynq_fsbl_bsp/system.mss|system||

TRACE::2025-03-11.00:44:57::SCWMssOS::Sw design exists and opened at  C:/Users/junoh/vivado23/DSD25_Termprj/00_RTL_Skeleton/workspace/design_1_wrapper/zynq_fsbl/zynq_fsbl_bsp/system.mss
TRACE::2025-03-11.00:44:57::SCWPlatform::Trying to open the hw design at C:/Users/junoh/vivado23/DSD25_Termprj/00_RTL_Skeleton/workspace/design_1_wrapper/hw/design_1_wrapper.xsa
TRACE::2025-03-11.00:44:57::SCWPlatform::DSA given C:/Users/junoh/vivado23/DSD25_Termprj/00_RTL_Skeleton/workspace/design_1_wrapper/hw/design_1_wrapper.xsa
TRACE::2025-03-11.00:44:57::SCWPlatform::DSA absoulate path C:/Users/junoh/vivado23/DSD25_Termprj/00_RTL_Skeleton/workspace/design_1_wrapper/hw/design_1_wrapper.xsa
TRACE::2025-03-11.00:44:57::SCWPlatform::DSA directory C:/Users/junoh/vivado23/DSD25_Termprj/00_RTL_Skeleton/workspace/design_1_wrapper/hw
TRACE::2025-03-11.00:44:57::SCWPlatform:: Platform Path C:/Users/junoh/vivado23/DSD25_Termprj/00_RTL_Skeleton/workspace/design_1_wrapper/hw/design_1_wrapper.xsa
TRACE::2025-03-11.00:44:57::SCWPlatform:: Unique name xilinx:zybo-z7-20::0.0
TRACE::2025-03-11.00:44:57::SCWPlatform::Trying to set the existing hwdb with name design_1_wrapper_0
TRACE::2025-03-11.00:44:57::SCWPlatform::Opened existing hwdb design_1_wrapper_0
TRACE::2025-03-11.00:44:57::SCWPlatform::Found the Hw Db part of the input DSA
TRACE::2025-03-11.00:44:57::SCWMssOS::Checking the sw design at  C:/Users/junoh/vivado23/DSD25_Termprj/00_RTL_Skeleton/workspace/design_1_wrapper/zynq_fsbl/zynq_fsbl_bsp/system.mss
TRACE::2025-03-11.00:44:57::SCWMssOS::DEBUG:  swdes dump  C:/Users/junoh/vivado23/DSD25_Termprj/00_RTL_Skeleton/workspace/design_1_wrapper/ps7_cortexa9_0/standalone_ps7_cortexa9_0/bsp/system.mss|system_0||
C:/Users/junoh/vivado23/DSD25_Termprj/00_RTL_Skeleton/workspace/design_1_wrapper/zynq_fsbl/zynq_fsbl_bsp/system.mss|system||

TRACE::2025-03-11.00:44:57::SCWMssOS::Sw design exists and opened at  C:/Users/junoh/vivado23/DSD25_Termprj/00_RTL_Skeleton/workspace/design_1_wrapper/zynq_fsbl/zynq_fsbl_bsp/system.mss
TRACE::2025-03-11.00:44:57::SCWPlatform::Trying to open the hw design at C:/Users/junoh/vivado23/DSD25_Termprj/00_RTL_Skeleton/workspace/design_1_wrapper/hw/design_1_wrapper.xsa
TRACE::2025-03-11.00:44:57::SCWPlatform::DSA given C:/Users/junoh/vivado23/DSD25_Termprj/00_RTL_Skeleton/workspace/design_1_wrapper/hw/design_1_wrapper.xsa
TRACE::2025-03-11.00:44:57::SCWPlatform::DSA absoulate path C:/Users/junoh/vivado23/DSD25_Termprj/00_RTL_Skeleton/workspace/design_1_wrapper/hw/design_1_wrapper.xsa
TRACE::2025-03-11.00:44:57::SCWPlatform::DSA directory C:/Users/junoh/vivado23/DSD25_Termprj/00_RTL_Skeleton/workspace/design_1_wrapper/hw
TRACE::2025-03-11.00:44:57::SCWPlatform:: Platform Path C:/Users/junoh/vivado23/DSD25_Termprj/00_RTL_Skeleton/workspace/design_1_wrapper/hw/design_1_wrapper.xsa
TRACE::2025-03-11.00:44:57::SCWPlatform:: Unique name xilinx:zybo-z7-20::0.0
TRACE::2025-03-11.00:44:57::SCWPlatform::Trying to set the existing hwdb with name design_1_wrapper_0
TRACE::2025-03-11.00:44:57::SCWPlatform::Opened existing hwdb design_1_wrapper_0
TRACE::2025-03-11.00:44:57::SCWPlatform::Found the Hw Db part of the input DSA
TRACE::2025-03-11.00:44:57::SCWMssOS::Checking the sw design at  C:/Users/junoh/vivado23/DSD25_Termprj/00_RTL_Skeleton/workspace/design_1_wrapper/zynq_fsbl/zynq_fsbl_bsp/system.mss
TRACE::2025-03-11.00:44:57::SCWMssOS::DEBUG:  swdes dump  C:/Users/junoh/vivado23/DSD25_Termprj/00_RTL_Skeleton/workspace/design_1_wrapper/ps7_cortexa9_0/standalone_ps7_cortexa9_0/bsp/system.mss|system_0||
C:/Users/junoh/vivado23/DSD25_Termprj/00_RTL_Skeleton/workspace/design_1_wrapper/zynq_fsbl/zynq_fsbl_bsp/system.mss|system||

TRACE::2025-03-11.00:44:57::SCWMssOS::Sw design exists and opened at  C:/Users/junoh/vivado23/DSD25_Termprj/00_RTL_Skeleton/workspace/design_1_wrapper/zynq_fsbl/zynq_fsbl_bsp/system.mss
TRACE::2025-03-11.00:44:57::SCWPlatform::Trying to open the hw design at C:/Users/junoh/vivado23/DSD25_Termprj/00_RTL_Skeleton/workspace/design_1_wrapper/hw/design_1_wrapper.xsa
TRACE::2025-03-11.00:44:57::SCWPlatform::DSA given C:/Users/junoh/vivado23/DSD25_Termprj/00_RTL_Skeleton/workspace/design_1_wrapper/hw/design_1_wrapper.xsa
TRACE::2025-03-11.00:44:57::SCWPlatform::DSA absoulate path C:/Users/junoh/vivado23/DSD25_Termprj/00_RTL_Skeleton/workspace/design_1_wrapper/hw/design_1_wrapper.xsa
TRACE::2025-03-11.00:44:57::SCWPlatform::DSA directory C:/Users/junoh/vivado23/DSD25_Termprj/00_RTL_Skeleton/workspace/design_1_wrapper/hw
TRACE::2025-03-11.00:44:57::SCWPlatform:: Platform Path C:/Users/junoh/vivado23/DSD25_Termprj/00_RTL_Skeleton/workspace/design_1_wrapper/hw/design_1_wrapper.xsa
TRACE::2025-03-11.00:44:57::SCWPlatform:: Unique name xilinx:zybo-z7-20::0.0
TRACE::2025-03-11.00:44:57::SCWPlatform::Trying to set the existing hwdb with name design_1_wrapper_0
TRACE::2025-03-11.00:44:57::SCWPlatform::Opened existing hwdb design_1_wrapper_0
TRACE::2025-03-11.00:44:57::SCWPlatform::Found the Hw Db part of the input DSA
TRACE::2025-03-11.00:44:57::SCWMssOS::Checking the sw design at  C:/Users/junoh/vivado23/DSD25_Termprj/00_RTL_Skeleton/workspace/design_1_wrapper/ps7_cortexa9_0/standalone_ps7_cortexa9_0/bsp/system.mss
TRACE::2025-03-11.00:44:57::SCWMssOS::DEBUG:  swdes dump  C:/Users/junoh/vivado23/DSD25_Termprj/00_RTL_Skeleton/workspace/design_1_wrapper/ps7_cortexa9_0/standalone_ps7_cortexa9_0/bsp/system.mss|system_0||
C:/Users/junoh/vivado23/DSD25_Termprj/00_RTL_Skeleton/workspace/design_1_wrapper/zynq_fsbl/zynq_fsbl_bsp/system.mss|system||

TRACE::2025-03-11.00:44:57::SCWMssOS::Sw design exists and opened at  C:/Users/junoh/vivado23/DSD25_Termprj/00_RTL_Skeleton/workspace/design_1_wrapper/ps7_cortexa9_0/standalone_ps7_cortexa9_0/bsp/system.mss
TRACE::2025-03-11.00:44:57::SCWPlatform::Trying to open the hw design at C:/Users/junoh/vivado23/DSD25_Termprj/00_RTL_Skeleton/workspace/design_1_wrapper/hw/design_1_wrapper.xsa
TRACE::2025-03-11.00:44:57::SCWPlatform::DSA given C:/Users/junoh/vivado23/DSD25_Termprj/00_RTL_Skeleton/workspace/design_1_wrapper/hw/design_1_wrapper.xsa
TRACE::2025-03-11.00:44:57::SCWPlatform::DSA absoulate path C:/Users/junoh/vivado23/DSD25_Termprj/00_RTL_Skeleton/workspace/design_1_wrapper/hw/design_1_wrapper.xsa
TRACE::2025-03-11.00:44:57::SCWPlatform::DSA directory C:/Users/junoh/vivado23/DSD25_Termprj/00_RTL_Skeleton/workspace/design_1_wrapper/hw
TRACE::2025-03-11.00:44:57::SCWPlatform:: Platform Path C:/Users/junoh/vivado23/DSD25_Termprj/00_RTL_Skeleton/workspace/design_1_wrapper/hw/design_1_wrapper.xsa
TRACE::2025-03-11.00:44:57::SCWPlatform:: Unique name xilinx:zybo-z7-20::0.0
TRACE::2025-03-11.00:44:57::SCWPlatform::Trying to set the existing hwdb with name design_1_wrapper_0
TRACE::2025-03-11.00:44:57::SCWPlatform::Opened existing hwdb design_1_wrapper_0
TRACE::2025-03-11.00:44:57::SCWPlatform::Found the Hw Db part of the input DSA
TRACE::2025-03-11.00:44:57::SCWMssOS::Checking the sw design at  C:/Users/junoh/vivado23/DSD25_Termprj/00_RTL_Skeleton/workspace/design_1_wrapper/ps7_cortexa9_0/standalone_ps7_cortexa9_0/bsp/system.mss
TRACE::2025-03-11.00:44:57::SCWMssOS::DEBUG:  swdes dump  C:/Users/junoh/vivado23/DSD25_Termprj/00_RTL_Skeleton/workspace/design_1_wrapper/ps7_cortexa9_0/standalone_ps7_cortexa9_0/bsp/system.mss|system_0||
C:/Users/junoh/vivado23/DSD25_Termprj/00_RTL_Skeleton/workspace/design_1_wrapper/zynq_fsbl/zynq_fsbl_bsp/system.mss|system||

TRACE::2025-03-11.00:44:57::SCWMssOS::Sw design exists and opened at  C:/Users/junoh/vivado23/DSD25_Termprj/00_RTL_Skeleton/workspace/design_1_wrapper/ps7_cortexa9_0/standalone_ps7_cortexa9_0/bsp/system.mss
TRACE::2025-03-11.00:44:57::SCWPlatform::Trying to open the hw design at C:/Users/junoh/vivado23/DSD25_Termprj/00_RTL_Skeleton/workspace/design_1_wrapper/hw/design_1_wrapper.xsa
TRACE::2025-03-11.00:44:57::SCWPlatform::DSA given C:/Users/junoh/vivado23/DSD25_Termprj/00_RTL_Skeleton/workspace/design_1_wrapper/hw/design_1_wrapper.xsa
TRACE::2025-03-11.00:44:57::SCWPlatform::DSA absoulate path C:/Users/junoh/vivado23/DSD25_Termprj/00_RTL_Skeleton/workspace/design_1_wrapper/hw/design_1_wrapper.xsa
TRACE::2025-03-11.00:44:57::SCWPlatform::DSA directory C:/Users/junoh/vivado23/DSD25_Termprj/00_RTL_Skeleton/workspace/design_1_wrapper/hw
TRACE::2025-03-11.00:44:57::SCWPlatform:: Platform Path C:/Users/junoh/vivado23/DSD25_Termprj/00_RTL_Skeleton/workspace/design_1_wrapper/hw/design_1_wrapper.xsa
TRACE::2025-03-11.00:44:57::SCWPlatform:: Unique name xilinx:zybo-z7-20::0.0
TRACE::2025-03-11.00:44:57::SCWPlatform::Trying to set the existing hwdb with name design_1_wrapper_0
TRACE::2025-03-11.00:44:57::SCWPlatform::Opened existing hwdb design_1_wrapper_0
TRACE::2025-03-11.00:44:57::SCWPlatform::Found the Hw Db part of the input DSA
TRACE::2025-03-11.00:44:57::SCWMssOS::Checking the sw design at  C:/Users/junoh/vivado23/DSD25_Termprj/00_RTL_Skeleton/workspace/design_1_wrapper/ps7_cortexa9_0/standalone_ps7_cortexa9_0/bsp/system.mss
TRACE::2025-03-11.00:44:57::SCWMssOS::DEBUG:  swdes dump  C:/Users/junoh/vivado23/DSD25_Termprj/00_RTL_Skeleton/workspace/design_1_wrapper/ps7_cortexa9_0/standalone_ps7_cortexa9_0/bsp/system.mss|system_0||
C:/Users/junoh/vivado23/DSD25_Termprj/00_RTL_Skeleton/workspace/design_1_wrapper/zynq_fsbl/zynq_fsbl_bsp/system.mss|system||

TRACE::2025-03-11.00:44:57::SCWMssOS::Sw design exists and opened at  C:/Users/junoh/vivado23/DSD25_Termprj/00_RTL_Skeleton/workspace/design_1_wrapper/ps7_cortexa9_0/standalone_ps7_cortexa9_0/bsp/system.mss
TRACE::2025-03-11.00:44:57::SCWWriter::formatted JSON is {
	"platformName":	"design_1_wrapper",
	"sprVersion":	"2.0",
	"mode":	"gui",
	"dsaType":	"Fixed",
	"platformDesc":	"design_1_wrapper",
	"platHandOff":	"C:/Users/junoh/vivado23/DSD25_Termprj/00_RTL_Skeleton/design_1_wrapper.xsa",
	"platIntHandOff":	"<platformDir>/hw/design_1_wrapper.xsa",
	"deviceType":	"zynq",
	"platIsPrebuiltAutogen":	"false",
	"platIsNoBootBsp":	"false",
	"platFsblTarget":	"ps7_cortexa9_0",
	"hasFsblMakeHasChanges":	"false",
	"hasPmufwMakeHasChanges":	"false",
	"fsblExtraCompilerFlags":	"-MMD -MP       -mcpu=cortex-a9 -mfpu=vfpv3 -mfloat-abi=hard ",
	"platPreBuiltFlag":	false,
	"platformSamplesDir":	"",
	"platActiveSys":	"design_1_wrapper",
	"systems":	[{
			"systemName":	"design_1_wrapper",
			"systemDesc":	"design_1_wrapper",
			"sysIsBootAutoGen":	"true",
			"systemDispName":	"design_1_wrapper",
			"sysActiveDom":	"standalone_ps7_cortexa9_0",
			"sysDefaultDom":	"standalone_ps7_cortexa9_0",
			"domains":	[{
					"domainName":	"zynq_fsbl",
					"domainDispName":	"zynq_fsbl",
					"domainDesc":	"FSBL Application BSP - Auto Generated.",
					"processors":	"ps7_cortexa9_0",
					"os":	"standalone",
					"sdxOs":	"standalone",
					"debugEnable":	"",
					"domRuntimes":	["cpp"],
					"swRepo":	"",
					"mssOsVer":	"8.1",
					"mssFile":	"",
					"md5Digest":	"18db037d21630273c43c35eef454af04",
					"compatibleApp":	"zynq_fsbl",
					"domType":	"bootDomain",
					"arch":	"32-bit",
					"appSettings":	{
						"appCompilerFlags":	"",
						"appLinkerFlags":	""
					},
					"addedLibs":	["xilffs:5.0", "xilrsa:1.6"],
					"libOptions":	{
						"libsContainingOptions":	[]
					},
					"prebuiltLibs":	{
						"prebuiltIncPath":	[],
						"prebuiltLibPath":	[]
					},
					"isolation":	{
					}
				}, {
					"domainName":	"standalone_ps7_cortexa9_0",
					"domainDispName":	"standalone_ps7_cortexa9_0",
					"domainDesc":	"standalone_ps7_cortexa9_0",
					"processors":	"ps7_cortexa9_0",
					"os":	"standalone",
					"sdxOs":	"standalone",
					"qemuArgs":	"<platformDir>/resources/design_1_wrapper/standalone_ps7_cortexa9_0/qemu_args.txt",
					"qemuData":	"<platformDir>/resources/design_1_wrapper/standalone_ps7_cortexa9_0/qemu",
					"debugEnable":	"False",
					"domRuntimes":	["cpp"],
					"swRepo":	"",
					"mssOsVer":	"8.1",
					"mssFile":	"",
					"md5Digest":	"f90644cd625b505de1ada2b5ad5e2e1f",
					"compatibleApp":	"hello_world",
					"domType":	"mssDomain",
					"arch":	"32-bit",
					"appSettings":	{
						"appCompilerFlags":	"",
						"appLinkerFlags":	""
					},
					"addedLibs":	[],
					"libOptions":	{
						"libsContainingOptions":	[]
					},
					"prebuiltLibs":	{
						"prebuiltIncPath":	[],
						"prebuiltLibPath":	[]
					},
					"isolation":	{
					}
				}]
		}]
}
LOG::2025-03-11.00:44:57::SCWPlatform::Started generating the artifacts platform design_1_wrapper
TRACE::2025-03-11.00:44:57::SCWPlatform::Sanity checking of platform is completed
LOG::2025-03-11.00:44:57::SCWPlatform::Started generating the artifacts for system configuration design_1_wrapper
LOG::2025-03-11.00:44:57::SCWSystem::Checking the domain zynq_fsbl
LOG::2025-03-11.00:44:57::SCWSystem::Doing application build for :  zynq_fsbl
TRACE::2025-03-11.00:44:57::SCWBDomain::Not a forced makefile updation, No changes are present. 
TRACE::2025-03-11.00:44:57::SCWDomain::Skipping the build for domain :  zynq_fsbl
LOG::2025-03-11.00:44:57::SCWSystem::Checking the domain standalone_ps7_cortexa9_0
LOG::2025-03-11.00:44:57::SCWSystem::Not a boot domain 
LOG::2025-03-11.00:44:57::SCWSystem::Started Processing the domain standalone_ps7_cortexa9_0
TRACE::2025-03-11.00:44:57::SCWDomain::Generating domain artifcats
TRACE::2025-03-11.00:44:57::SCWMssOS::Generating standalone artifcats
TRACE::2025-03-11.00:44:57::SCWMssOS::Copying the qemu file from  C:/Users/junoh/vivado23/DSD25_Termprj/00_RTL_Skeleton/workspace/design_1_wrapper/resources/design_1_wrapper/standalone_ps7_cortexa9_0/qemu_args.txt To C:/Users/junoh/vivado23/DSD25_Termprj/00_RTL_Skeleton/workspace/design_1_wrapper/export/design_1_wrapper/sw/design_1_wrapper/qemu/
TRACE::2025-03-11.00:44:57::SCWMssOS::Copying the qemu file from  C:/Users/junoh/vivado23/DSD25_Termprj/00_RTL_Skeleton/workspace/design_1_wrapper/resources/design_1_wrapper/standalone_ps7_cortexa9_0/qemu_args.txt To C:/Users/junoh/vivado23/DSD25_Termprj/00_RTL_Skeleton/workspace/design_1_wrapper/export/design_1_wrapper/sw/design_1_wrapper/standalone_ps7_cortexa9_0/qemu/
TRACE::2025-03-11.00:44:57::SCWMssOS:: Copying the user libraries. 
TRACE::2025-03-11.00:44:57::SCWPlatform::Trying to open the hw design at C:/Users/junoh/vivado23/DSD25_Termprj/00_RTL_Skeleton/workspace/design_1_wrapper/hw/design_1_wrapper.xsa
TRACE::2025-03-11.00:44:57::SCWPlatform::DSA given C:/Users/junoh/vivado23/DSD25_Termprj/00_RTL_Skeleton/workspace/design_1_wrapper/hw/design_1_wrapper.xsa
TRACE::2025-03-11.00:44:57::SCWPlatform::DSA absoulate path C:/Users/junoh/vivado23/DSD25_Termprj/00_RTL_Skeleton/workspace/design_1_wrapper/hw/design_1_wrapper.xsa
TRACE::2025-03-11.00:44:57::SCWPlatform::DSA directory C:/Users/junoh/vivado23/DSD25_Termprj/00_RTL_Skeleton/workspace/design_1_wrapper/hw
TRACE::2025-03-11.00:44:57::SCWPlatform:: Platform Path C:/Users/junoh/vivado23/DSD25_Termprj/00_RTL_Skeleton/workspace/design_1_wrapper/hw/design_1_wrapper.xsa
TRACE::2025-03-11.00:44:57::SCWPlatform:: Unique name xilinx:zybo-z7-20::0.0
TRACE::2025-03-11.00:44:57::SCWPlatform::Trying to set the existing hwdb with name design_1_wrapper_0
TRACE::2025-03-11.00:44:57::SCWPlatform::Opened existing hwdb design_1_wrapper_0
TRACE::2025-03-11.00:44:57::SCWPlatform::Found the Hw Db part of the input DSA
TRACE::2025-03-11.00:44:57::SCWMssOS::Checking the sw design at  C:/Users/junoh/vivado23/DSD25_Termprj/00_RTL_Skeleton/workspace/design_1_wrapper/ps7_cortexa9_0/standalone_ps7_cortexa9_0/bsp/system.mss
TRACE::2025-03-11.00:44:57::SCWMssOS::DEBUG:  swdes dump  C:/Users/junoh/vivado23/DSD25_Termprj/00_RTL_Skeleton/workspace/design_1_wrapper/ps7_cortexa9_0/standalone_ps7_cortexa9_0/bsp/system.mss|system_0||
C:/Users/junoh/vivado23/DSD25_Termprj/00_RTL_Skeleton/workspace/design_1_wrapper/zynq_fsbl/zynq_fsbl_bsp/system.mss|system||

TRACE::2025-03-11.00:44:57::SCWMssOS::Sw design exists and opened at  C:/Users/junoh/vivado23/DSD25_Termprj/00_RTL_Skeleton/workspace/design_1_wrapper/ps7_cortexa9_0/standalone_ps7_cortexa9_0/bsp/system.mss
TRACE::2025-03-11.00:44:57::SCWMssOS::Completed writing the mss file at C:/Users/junoh/vivado23/DSD25_Termprj/00_RTL_Skeleton/workspace/design_1_wrapper/ps7_cortexa9_0/standalone_ps7_cortexa9_0/bsp
TRACE::2025-03-11.00:44:57::SCWMssOS::Mss edits present, copying mssfile into export location C:/Users/junoh/vivado23/DSD25_Termprj/00_RTL_Skeleton/workspace/design_1_wrapper/ps7_cortexa9_0/standalone_ps7_cortexa9_0/bsp/system.mss
TRACE::2025-03-11.00:44:57::SCWMssOS::bsp generated is upto date with the mss file. Skipping bsp generation.
TRACE::2025-03-11.00:44:57::SCWMssOS::BSP is already built. skipping the bsp build ... 
TRACE::2025-03-11.00:44:57::SCWDomain::Skipping the build for domain :  standalone_ps7_cortexa9_0
TRACE::2025-03-11.00:44:57::SCWMssOS::skipping the bsp build ... 
TRACE::2025-03-11.00:44:57::SCWMssOS::Copying to export directory.
TRACE::2025-03-11.00:44:57::SCWMssOS:: Checking if to create the Supporting Applications
TRACE::2025-03-11.00:44:57::SCWMssOS:: No Linux domain exists, trying to generate FSBL 
TRACE::2025-03-11.00:44:57::SCWMssOS:: Completed Standalone Artifacts creation 
LOG::2025-03-11.00:44:57::SCWSystem::Completed Processing the domain standalone_ps7_cortexa9_0
LOG::2025-03-11.00:44:57::SCWSystem::Completed Processing the sysconfig design_1_wrapper
LOG::2025-03-11.00:44:57::SCWPlatform::Completed generating the artifacts for system configuration design_1_wrapper
TRACE::2025-03-11.00:44:57::SCWPlatform::Started preparing the platform 
TRACE::2025-03-11.00:44:57::SCWSystem::Writing the bif file for system config design_1_wrapper
TRACE::2025-03-11.00:44:57::SCWSystem::dir created 
TRACE::2025-03-11.00:44:57::SCWSystem::Writing the bif 
TRACE::2025-03-11.00:44:57::SCWPlatform::Started writing the spfm file 
TRACE::2025-03-11.00:44:57::SCWPlatform::Started writing the xpfm file 
TRACE::2025-03-11.00:44:57::SCWPlatform::Completed generating the platform
TRACE::2025-03-11.00:44:57::SCWMssOS::Saving the mss changes C:/Users/junoh/vivado23/DSD25_Termprj/00_RTL_Skeleton/workspace/design_1_wrapper/zynq_fsbl/zynq_fsbl_bsp/system.mss
TRACE::2025-03-11.00:44:57::SCWMssOS::Found a swdesign opened with the mssfile.
TRACE::2025-03-11.00:44:57::SCWMssOS::Completed writemss as part of save.
TRACE::2025-03-11.00:44:57::SCWMssOS::Commit changes completed.
TRACE::2025-03-11.00:44:57::SCWMssOS::Saving the mss changes C:/Users/junoh/vivado23/DSD25_Termprj/00_RTL_Skeleton/workspace/design_1_wrapper/ps7_cortexa9_0/standalone_ps7_cortexa9_0/bsp/system.mss
TRACE::2025-03-11.00:44:57::SCWMssOS::Found a swdesign opened with the mssfile.
TRACE::2025-03-11.00:44:57::SCWMssOS::Completed writemss as part of save.
TRACE::2025-03-11.00:44:57::SCWMssOS::Commit changes completed.
TRACE::2025-03-11.00:44:57::SCWPlatform::Trying to open the hw design at C:/Users/junoh/vivado23/DSD25_Termprj/00_RTL_Skeleton/workspace/design_1_wrapper/hw/design_1_wrapper.xsa
TRACE::2025-03-11.00:44:57::SCWPlatform::DSA given C:/Users/junoh/vivado23/DSD25_Termprj/00_RTL_Skeleton/workspace/design_1_wrapper/hw/design_1_wrapper.xsa
TRACE::2025-03-11.00:44:57::SCWPlatform::DSA absoulate path C:/Users/junoh/vivado23/DSD25_Termprj/00_RTL_Skeleton/workspace/design_1_wrapper/hw/design_1_wrapper.xsa
TRACE::2025-03-11.00:44:57::SCWPlatform::DSA directory C:/Users/junoh/vivado23/DSD25_Termprj/00_RTL_Skeleton/workspace/design_1_wrapper/hw
TRACE::2025-03-11.00:44:57::SCWPlatform:: Platform Path C:/Users/junoh/vivado23/DSD25_Termprj/00_RTL_Skeleton/workspace/design_1_wrapper/hw/design_1_wrapper.xsa
TRACE::2025-03-11.00:44:57::SCWPlatform:: Unique name xilinx:zybo-z7-20::0.0
TRACE::2025-03-11.00:44:57::SCWPlatform::Trying to set the existing hwdb with name design_1_wrapper_0
TRACE::2025-03-11.00:44:57::SCWPlatform::Opened existing hwdb design_1_wrapper_0
TRACE::2025-03-11.00:44:57::SCWPlatform::Found the Hw Db part of the input DSA
TRACE::2025-03-11.00:44:57::SCWMssOS::Checking the sw design at  C:/Users/junoh/vivado23/DSD25_Termprj/00_RTL_Skeleton/workspace/design_1_wrapper/zynq_fsbl/zynq_fsbl_bsp/system.mss
TRACE::2025-03-11.00:44:57::SCWMssOS::DEBUG:  swdes dump  C:/Users/junoh/vivado23/DSD25_Termprj/00_RTL_Skeleton/workspace/design_1_wrapper/ps7_cortexa9_0/standalone_ps7_cortexa9_0/bsp/system.mss|system_0||
C:/Users/junoh/vivado23/DSD25_Termprj/00_RTL_Skeleton/workspace/design_1_wrapper/zynq_fsbl/zynq_fsbl_bsp/system.mss|system||

TRACE::2025-03-11.00:44:57::SCWMssOS::Sw design exists and opened at  C:/Users/junoh/vivado23/DSD25_Termprj/00_RTL_Skeleton/workspace/design_1_wrapper/zynq_fsbl/zynq_fsbl_bsp/system.mss
TRACE::2025-03-11.00:44:57::SCWPlatform::Trying to open the hw design at C:/Users/junoh/vivado23/DSD25_Termprj/00_RTL_Skeleton/workspace/design_1_wrapper/hw/design_1_wrapper.xsa
TRACE::2025-03-11.00:44:57::SCWPlatform::DSA given C:/Users/junoh/vivado23/DSD25_Termprj/00_RTL_Skeleton/workspace/design_1_wrapper/hw/design_1_wrapper.xsa
TRACE::2025-03-11.00:44:57::SCWPlatform::DSA absoulate path C:/Users/junoh/vivado23/DSD25_Termprj/00_RTL_Skeleton/workspace/design_1_wrapper/hw/design_1_wrapper.xsa
TRACE::2025-03-11.00:44:57::SCWPlatform::DSA directory C:/Users/junoh/vivado23/DSD25_Termprj/00_RTL_Skeleton/workspace/design_1_wrapper/hw
TRACE::2025-03-11.00:44:57::SCWPlatform:: Platform Path C:/Users/junoh/vivado23/DSD25_Termprj/00_RTL_Skeleton/workspace/design_1_wrapper/hw/design_1_wrapper.xsa
TRACE::2025-03-11.00:44:57::SCWPlatform:: Unique name xilinx:zybo-z7-20::0.0
TRACE::2025-03-11.00:44:57::SCWPlatform::Trying to set the existing hwdb with name design_1_wrapper_0
TRACE::2025-03-11.00:44:57::SCWPlatform::Opened existing hwdb design_1_wrapper_0
TRACE::2025-03-11.00:44:57::SCWPlatform::Found the Hw Db part of the input DSA
TRACE::2025-03-11.00:44:57::SCWMssOS::Checking the sw design at  C:/Users/junoh/vivado23/DSD25_Termprj/00_RTL_Skeleton/workspace/design_1_wrapper/zynq_fsbl/zynq_fsbl_bsp/system.mss
TRACE::2025-03-11.00:44:57::SCWMssOS::DEBUG:  swdes dump  C:/Users/junoh/vivado23/DSD25_Termprj/00_RTL_Skeleton/workspace/design_1_wrapper/ps7_cortexa9_0/standalone_ps7_cortexa9_0/bsp/system.mss|system_0||
C:/Users/junoh/vivado23/DSD25_Termprj/00_RTL_Skeleton/workspace/design_1_wrapper/zynq_fsbl/zynq_fsbl_bsp/system.mss|system||

TRACE::2025-03-11.00:44:57::SCWMssOS::Sw design exists and opened at  C:/Users/junoh/vivado23/DSD25_Termprj/00_RTL_Skeleton/workspace/design_1_wrapper/zynq_fsbl/zynq_fsbl_bsp/system.mss
TRACE::2025-03-11.00:44:57::SCWPlatform::Trying to open the hw design at C:/Users/junoh/vivado23/DSD25_Termprj/00_RTL_Skeleton/workspace/design_1_wrapper/hw/design_1_wrapper.xsa
TRACE::2025-03-11.00:44:57::SCWPlatform::DSA given C:/Users/junoh/vivado23/DSD25_Termprj/00_RTL_Skeleton/workspace/design_1_wrapper/hw/design_1_wrapper.xsa
TRACE::2025-03-11.00:44:57::SCWPlatform::DSA absoulate path C:/Users/junoh/vivado23/DSD25_Termprj/00_RTL_Skeleton/workspace/design_1_wrapper/hw/design_1_wrapper.xsa
TRACE::2025-03-11.00:44:57::SCWPlatform::DSA directory C:/Users/junoh/vivado23/DSD25_Termprj/00_RTL_Skeleton/workspace/design_1_wrapper/hw
TRACE::2025-03-11.00:44:57::SCWPlatform:: Platform Path C:/Users/junoh/vivado23/DSD25_Termprj/00_RTL_Skeleton/workspace/design_1_wrapper/hw/design_1_wrapper.xsa
TRACE::2025-03-11.00:44:57::SCWPlatform:: Unique name xilinx:zybo-z7-20::0.0
TRACE::2025-03-11.00:44:57::SCWPlatform::Trying to set the existing hwdb with name design_1_wrapper_0
TRACE::2025-03-11.00:44:57::SCWPlatform::Opened existing hwdb design_1_wrapper_0
TRACE::2025-03-11.00:44:57::SCWPlatform::Found the Hw Db part of the input DSA
TRACE::2025-03-11.00:44:57::SCWMssOS::Checking the sw design at  C:/Users/junoh/vivado23/DSD25_Termprj/00_RTL_Skeleton/workspace/design_1_wrapper/zynq_fsbl/zynq_fsbl_bsp/system.mss
TRACE::2025-03-11.00:44:57::SCWMssOS::DEBUG:  swdes dump  C:/Users/junoh/vivado23/DSD25_Termprj/00_RTL_Skeleton/workspace/design_1_wrapper/ps7_cortexa9_0/standalone_ps7_cortexa9_0/bsp/system.mss|system_0||
C:/Users/junoh/vivado23/DSD25_Termprj/00_RTL_Skeleton/workspace/design_1_wrapper/zynq_fsbl/zynq_fsbl_bsp/system.mss|system||

TRACE::2025-03-11.00:44:57::SCWMssOS::Sw design exists and opened at  C:/Users/junoh/vivado23/DSD25_Termprj/00_RTL_Skeleton/workspace/design_1_wrapper/zynq_fsbl/zynq_fsbl_bsp/system.mss
TRACE::2025-03-11.00:44:57::SCWPlatform::Trying to open the hw design at C:/Users/junoh/vivado23/DSD25_Termprj/00_RTL_Skeleton/workspace/design_1_wrapper/hw/design_1_wrapper.xsa
TRACE::2025-03-11.00:44:57::SCWPlatform::DSA given C:/Users/junoh/vivado23/DSD25_Termprj/00_RTL_Skeleton/workspace/design_1_wrapper/hw/design_1_wrapper.xsa
TRACE::2025-03-11.00:44:57::SCWPlatform::DSA absoulate path C:/Users/junoh/vivado23/DSD25_Termprj/00_RTL_Skeleton/workspace/design_1_wrapper/hw/design_1_wrapper.xsa
TRACE::2025-03-11.00:44:57::SCWPlatform::DSA directory C:/Users/junoh/vivado23/DSD25_Termprj/00_RTL_Skeleton/workspace/design_1_wrapper/hw
TRACE::2025-03-11.00:44:57::SCWPlatform:: Platform Path C:/Users/junoh/vivado23/DSD25_Termprj/00_RTL_Skeleton/workspace/design_1_wrapper/hw/design_1_wrapper.xsa
TRACE::2025-03-11.00:44:57::SCWPlatform:: Unique name xilinx:zybo-z7-20::0.0
TRACE::2025-03-11.00:44:57::SCWPlatform::Trying to set the existing hwdb with name design_1_wrapper_0
TRACE::2025-03-11.00:44:57::SCWPlatform::Opened existing hwdb design_1_wrapper_0
TRACE::2025-03-11.00:44:57::SCWPlatform::Found the Hw Db part of the input DSA
TRACE::2025-03-11.00:44:57::SCWMssOS::Checking the sw design at  C:/Users/junoh/vivado23/DSD25_Termprj/00_RTL_Skeleton/workspace/design_1_wrapper/ps7_cortexa9_0/standalone_ps7_cortexa9_0/bsp/system.mss
TRACE::2025-03-11.00:44:57::SCWMssOS::DEBUG:  swdes dump  C:/Users/junoh/vivado23/DSD25_Termprj/00_RTL_Skeleton/workspace/design_1_wrapper/ps7_cortexa9_0/standalone_ps7_cortexa9_0/bsp/system.mss|system_0||
C:/Users/junoh/vivado23/DSD25_Termprj/00_RTL_Skeleton/workspace/design_1_wrapper/zynq_fsbl/zynq_fsbl_bsp/system.mss|system||

TRACE::2025-03-11.00:44:57::SCWMssOS::Sw design exists and opened at  C:/Users/junoh/vivado23/DSD25_Termprj/00_RTL_Skeleton/workspace/design_1_wrapper/ps7_cortexa9_0/standalone_ps7_cortexa9_0/bsp/system.mss
TRACE::2025-03-11.00:44:57::SCWPlatform::Trying to open the hw design at C:/Users/junoh/vivado23/DSD25_Termprj/00_RTL_Skeleton/workspace/design_1_wrapper/hw/design_1_wrapper.xsa
TRACE::2025-03-11.00:44:57::SCWPlatform::DSA given C:/Users/junoh/vivado23/DSD25_Termprj/00_RTL_Skeleton/workspace/design_1_wrapper/hw/design_1_wrapper.xsa
TRACE::2025-03-11.00:44:57::SCWPlatform::DSA absoulate path C:/Users/junoh/vivado23/DSD25_Termprj/00_RTL_Skeleton/workspace/design_1_wrapper/hw/design_1_wrapper.xsa
TRACE::2025-03-11.00:44:57::SCWPlatform::DSA directory C:/Users/junoh/vivado23/DSD25_Termprj/00_RTL_Skeleton/workspace/design_1_wrapper/hw
TRACE::2025-03-11.00:44:57::SCWPlatform:: Platform Path C:/Users/junoh/vivado23/DSD25_Termprj/00_RTL_Skeleton/workspace/design_1_wrapper/hw/design_1_wrapper.xsa
TRACE::2025-03-11.00:44:57::SCWPlatform:: Unique name xilinx:zybo-z7-20::0.0
TRACE::2025-03-11.00:44:57::SCWPlatform::Trying to set the existing hwdb with name design_1_wrapper_0
TRACE::2025-03-11.00:44:57::SCWPlatform::Opened existing hwdb design_1_wrapper_0
TRACE::2025-03-11.00:44:57::SCWPlatform::Found the Hw Db part of the input DSA
TRACE::2025-03-11.00:44:57::SCWMssOS::Checking the sw design at  C:/Users/junoh/vivado23/DSD25_Termprj/00_RTL_Skeleton/workspace/design_1_wrapper/ps7_cortexa9_0/standalone_ps7_cortexa9_0/bsp/system.mss
TRACE::2025-03-11.00:44:57::SCWMssOS::DEBUG:  swdes dump  C:/Users/junoh/vivado23/DSD25_Termprj/00_RTL_Skeleton/workspace/design_1_wrapper/ps7_cortexa9_0/standalone_ps7_cortexa9_0/bsp/system.mss|system_0||
C:/Users/junoh/vivado23/DSD25_Termprj/00_RTL_Skeleton/workspace/design_1_wrapper/zynq_fsbl/zynq_fsbl_bsp/system.mss|system||

TRACE::2025-03-11.00:44:57::SCWMssOS::Sw design exists and opened at  C:/Users/junoh/vivado23/DSD25_Termprj/00_RTL_Skeleton/workspace/design_1_wrapper/ps7_cortexa9_0/standalone_ps7_cortexa9_0/bsp/system.mss
TRACE::2025-03-11.00:44:57::SCWPlatform::Trying to open the hw design at C:/Users/junoh/vivado23/DSD25_Termprj/00_RTL_Skeleton/workspace/design_1_wrapper/hw/design_1_wrapper.xsa
TRACE::2025-03-11.00:44:57::SCWPlatform::DSA given C:/Users/junoh/vivado23/DSD25_Termprj/00_RTL_Skeleton/workspace/design_1_wrapper/hw/design_1_wrapper.xsa
TRACE::2025-03-11.00:44:57::SCWPlatform::DSA absoulate path C:/Users/junoh/vivado23/DSD25_Termprj/00_RTL_Skeleton/workspace/design_1_wrapper/hw/design_1_wrapper.xsa
TRACE::2025-03-11.00:44:57::SCWPlatform::DSA directory C:/Users/junoh/vivado23/DSD25_Termprj/00_RTL_Skeleton/workspace/design_1_wrapper/hw
TRACE::2025-03-11.00:44:57::SCWPlatform:: Platform Path C:/Users/junoh/vivado23/DSD25_Termprj/00_RTL_Skeleton/workspace/design_1_wrapper/hw/design_1_wrapper.xsa
TRACE::2025-03-11.00:44:57::SCWPlatform:: Unique name xilinx:zybo-z7-20::0.0
TRACE::2025-03-11.00:44:57::SCWPlatform::Trying to set the existing hwdb with name design_1_wrapper_0
TRACE::2025-03-11.00:44:57::SCWPlatform::Opened existing hwdb design_1_wrapper_0
TRACE::2025-03-11.00:44:57::SCWPlatform::Found the Hw Db part of the input DSA
TRACE::2025-03-11.00:44:57::SCWMssOS::Checking the sw design at  C:/Users/junoh/vivado23/DSD25_Termprj/00_RTL_Skeleton/workspace/design_1_wrapper/ps7_cortexa9_0/standalone_ps7_cortexa9_0/bsp/system.mss
TRACE::2025-03-11.00:44:57::SCWMssOS::DEBUG:  swdes dump  C:/Users/junoh/vivado23/DSD25_Termprj/00_RTL_Skeleton/workspace/design_1_wrapper/ps7_cortexa9_0/standalone_ps7_cortexa9_0/bsp/system.mss|system_0||
C:/Users/junoh/vivado23/DSD25_Termprj/00_RTL_Skeleton/workspace/design_1_wrapper/zynq_fsbl/zynq_fsbl_bsp/system.mss|system||

TRACE::2025-03-11.00:44:57::SCWMssOS::Sw design exists and opened at  C:/Users/junoh/vivado23/DSD25_Termprj/00_RTL_Skeleton/workspace/design_1_wrapper/ps7_cortexa9_0/standalone_ps7_cortexa9_0/bsp/system.mss
TRACE::2025-03-11.00:44:57::SCWWriter::formatted JSON is {
	"platformName":	"design_1_wrapper",
	"sprVersion":	"2.0",
	"mode":	"gui",
	"dsaType":	"Fixed",
	"platformDesc":	"design_1_wrapper",
	"platHandOff":	"C:/Users/junoh/vivado23/DSD25_Termprj/00_RTL_Skeleton/design_1_wrapper.xsa",
	"platIntHandOff":	"<platformDir>/hw/design_1_wrapper.xsa",
	"deviceType":	"zynq",
	"platIsPrebuiltAutogen":	"false",
	"platIsNoBootBsp":	"false",
	"platFsblTarget":	"ps7_cortexa9_0",
	"hasFsblMakeHasChanges":	"false",
	"hasPmufwMakeHasChanges":	"false",
	"fsblExtraCompilerFlags":	"-MMD -MP       -mcpu=cortex-a9 -mfpu=vfpv3 -mfloat-abi=hard ",
	"platPreBuiltFlag":	false,
	"platformSamplesDir":	"",
	"platActiveSys":	"design_1_wrapper",
	"systems":	[{
			"systemName":	"design_1_wrapper",
			"systemDesc":	"design_1_wrapper",
			"sysIsBootAutoGen":	"true",
			"systemDispName":	"design_1_wrapper",
			"sysActiveDom":	"standalone_ps7_cortexa9_0",
			"sysDefaultDom":	"standalone_ps7_cortexa9_0",
			"domains":	[{
					"domainName":	"zynq_fsbl",
					"domainDispName":	"zynq_fsbl",
					"domainDesc":	"FSBL Application BSP - Auto Generated.",
					"processors":	"ps7_cortexa9_0",
					"os":	"standalone",
					"sdxOs":	"standalone",
					"debugEnable":	"",
					"domRuntimes":	["cpp"],
					"swRepo":	"",
					"mssOsVer":	"8.1",
					"mssFile":	"",
					"md5Digest":	"18db037d21630273c43c35eef454af04",
					"compatibleApp":	"zynq_fsbl",
					"domType":	"bootDomain",
					"arch":	"32-bit",
					"appSettings":	{
						"appCompilerFlags":	"",
						"appLinkerFlags":	""
					},
					"addedLibs":	["xilffs:5.0", "xilrsa:1.6"],
					"libOptions":	{
						"libsContainingOptions":	[]
					},
					"prebuiltLibs":	{
						"prebuiltIncPath":	[],
						"prebuiltLibPath":	[]
					},
					"isolation":	{
					}
				}, {
					"domainName":	"standalone_ps7_cortexa9_0",
					"domainDispName":	"standalone_ps7_cortexa9_0",
					"domainDesc":	"standalone_ps7_cortexa9_0",
					"processors":	"ps7_cortexa9_0",
					"os":	"standalone",
					"sdxOs":	"standalone",
					"qemuArgs":	"<platformDir>/resources/design_1_wrapper/standalone_ps7_cortexa9_0/qemu_args.txt",
					"qemuData":	"<platformDir>/resources/design_1_wrapper/standalone_ps7_cortexa9_0/qemu",
					"debugEnable":	"False",
					"domRuntimes":	["cpp"],
					"swRepo":	"",
					"mssOsVer":	"8.1",
					"mssFile":	"",
					"md5Digest":	"f90644cd625b505de1ada2b5ad5e2e1f",
					"compatibleApp":	"hello_world",
					"domType":	"mssDomain",
					"arch":	"32-bit",
					"appSettings":	{
						"appCompilerFlags":	"",
						"appLinkerFlags":	""
					},
					"addedLibs":	[],
					"libOptions":	{
						"libsContainingOptions":	[]
					},
					"prebuiltLibs":	{
						"prebuiltIncPath":	[],
						"prebuiltLibPath":	[]
					},
					"isolation":	{
					}
				}]
		}]
}
KEYINFO::2025-03-11.00:44:57::SCWPlatform::updated the xpfm file.
TRACE::2025-03-11.00:44:58::SCWPlatform::Trying to open the hw design at C:/Users/junoh/vivado23/DSD25_Termprj/00_RTL_Skeleton/workspace/design_1_wrapper/hw/design_1_wrapper.xsa
TRACE::2025-03-11.00:44:58::SCWPlatform::DSA given C:/Users/junoh/vivado23/DSD25_Termprj/00_RTL_Skeleton/workspace/design_1_wrapper/hw/design_1_wrapper.xsa
TRACE::2025-03-11.00:44:58::SCWPlatform::DSA absoulate path C:/Users/junoh/vivado23/DSD25_Termprj/00_RTL_Skeleton/workspace/design_1_wrapper/hw/design_1_wrapper.xsa
TRACE::2025-03-11.00:44:58::SCWPlatform::DSA directory C:/Users/junoh/vivado23/DSD25_Termprj/00_RTL_Skeleton/workspace/design_1_wrapper/hw
TRACE::2025-03-11.00:44:58::SCWPlatform:: Platform Path C:/Users/junoh/vivado23/DSD25_Termprj/00_RTL_Skeleton/workspace/design_1_wrapper/hw/design_1_wrapper.xsa
TRACE::2025-03-11.00:44:58::SCWPlatform:: Unique name xilinx:zybo-z7-20::0.0
TRACE::2025-03-11.00:44:58::SCWPlatform::Trying to set the existing hwdb with name design_1_wrapper_0
TRACE::2025-03-11.00:44:58::SCWPlatform::Opened existing hwdb design_1_wrapper_0
TRACE::2025-03-11.00:44:58::SCWPlatform::Found the Hw Db part of the input DSA
TRACE::2025-03-11.00:44:58::SCWMssOS::Checking the sw design at  C:/Users/junoh/vivado23/DSD25_Termprj/00_RTL_Skeleton/workspace/design_1_wrapper/ps7_cortexa9_0/standalone_ps7_cortexa9_0/bsp/system.mss
TRACE::2025-03-11.00:44:58::SCWMssOS::DEBUG:  swdes dump  C:/Users/junoh/vivado23/DSD25_Termprj/00_RTL_Skeleton/workspace/design_1_wrapper/ps7_cortexa9_0/standalone_ps7_cortexa9_0/bsp/system.mss|system_0||
C:/Users/junoh/vivado23/DSD25_Termprj/00_RTL_Skeleton/workspace/design_1_wrapper/zynq_fsbl/zynq_fsbl_bsp/system.mss|system||

TRACE::2025-03-11.00:44:58::SCWMssOS::Sw design exists and opened at  C:/Users/junoh/vivado23/DSD25_Termprj/00_RTL_Skeleton/workspace/design_1_wrapper/ps7_cortexa9_0/standalone_ps7_cortexa9_0/bsp/system.mss
TRACE::2025-03-11.00:44:58::SCWMssOS::Saving the mss changes C:/Users/junoh/vivado23/DSD25_Termprj/00_RTL_Skeleton/workspace/design_1_wrapper/zynq_fsbl/zynq_fsbl_bsp/system.mss
TRACE::2025-03-11.00:44:58::SCWMssOS::Found a swdesign opened with the mssfile.
TRACE::2025-03-11.00:44:58::SCWMssOS::Completed writemss as part of save.
TRACE::2025-03-11.00:44:58::SCWMssOS::Commit changes completed.
TRACE::2025-03-11.00:44:58::SCWMssOS::Saving the mss changes C:/Users/junoh/vivado23/DSD25_Termprj/00_RTL_Skeleton/workspace/design_1_wrapper/ps7_cortexa9_0/standalone_ps7_cortexa9_0/bsp/system.mss
TRACE::2025-03-11.00:44:58::SCWMssOS::Found a swdesign opened with the mssfile.
TRACE::2025-03-11.00:44:58::SCWMssOS::Completed writemss as part of save.
TRACE::2025-03-11.00:44:58::SCWMssOS::Commit changes completed.
TRACE::2025-03-11.00:44:58::SCWPlatform::Trying to open the hw design at C:/Users/junoh/vivado23/DSD25_Termprj/00_RTL_Skeleton/workspace/design_1_wrapper/hw/design_1_wrapper.xsa
TRACE::2025-03-11.00:44:58::SCWPlatform::DSA given C:/Users/junoh/vivado23/DSD25_Termprj/00_RTL_Skeleton/workspace/design_1_wrapper/hw/design_1_wrapper.xsa
TRACE::2025-03-11.00:44:58::SCWPlatform::DSA absoulate path C:/Users/junoh/vivado23/DSD25_Termprj/00_RTL_Skeleton/workspace/design_1_wrapper/hw/design_1_wrapper.xsa
TRACE::2025-03-11.00:44:58::SCWPlatform::DSA directory C:/Users/junoh/vivado23/DSD25_Termprj/00_RTL_Skeleton/workspace/design_1_wrapper/hw
TRACE::2025-03-11.00:44:58::SCWPlatform:: Platform Path C:/Users/junoh/vivado23/DSD25_Termprj/00_RTL_Skeleton/workspace/design_1_wrapper/hw/design_1_wrapper.xsa
TRACE::2025-03-11.00:44:58::SCWPlatform:: Unique name xilinx:zybo-z7-20::0.0
TRACE::2025-03-11.00:44:58::SCWPlatform::Trying to set the existing hwdb with name design_1_wrapper_0
TRACE::2025-03-11.00:44:58::SCWPlatform::Opened existing hwdb design_1_wrapper_0
TRACE::2025-03-11.00:44:58::SCWPlatform::Found the Hw Db part of the input DSA
TRACE::2025-03-11.00:44:58::SCWMssOS::Checking the sw design at  C:/Users/junoh/vivado23/DSD25_Termprj/00_RTL_Skeleton/workspace/design_1_wrapper/zynq_fsbl/zynq_fsbl_bsp/system.mss
TRACE::2025-03-11.00:44:58::SCWMssOS::DEBUG:  swdes dump  C:/Users/junoh/vivado23/DSD25_Termprj/00_RTL_Skeleton/workspace/design_1_wrapper/ps7_cortexa9_0/standalone_ps7_cortexa9_0/bsp/system.mss|system_0||
C:/Users/junoh/vivado23/DSD25_Termprj/00_RTL_Skeleton/workspace/design_1_wrapper/zynq_fsbl/zynq_fsbl_bsp/system.mss|system||

TRACE::2025-03-11.00:44:58::SCWMssOS::Sw design exists and opened at  C:/Users/junoh/vivado23/DSD25_Termprj/00_RTL_Skeleton/workspace/design_1_wrapper/zynq_fsbl/zynq_fsbl_bsp/system.mss
TRACE::2025-03-11.00:44:58::SCWPlatform::Trying to open the hw design at C:/Users/junoh/vivado23/DSD25_Termprj/00_RTL_Skeleton/workspace/design_1_wrapper/hw/design_1_wrapper.xsa
TRACE::2025-03-11.00:44:58::SCWPlatform::DSA given C:/Users/junoh/vivado23/DSD25_Termprj/00_RTL_Skeleton/workspace/design_1_wrapper/hw/design_1_wrapper.xsa
TRACE::2025-03-11.00:44:58::SCWPlatform::DSA absoulate path C:/Users/junoh/vivado23/DSD25_Termprj/00_RTL_Skeleton/workspace/design_1_wrapper/hw/design_1_wrapper.xsa
TRACE::2025-03-11.00:44:58::SCWPlatform::DSA directory C:/Users/junoh/vivado23/DSD25_Termprj/00_RTL_Skeleton/workspace/design_1_wrapper/hw
TRACE::2025-03-11.00:44:58::SCWPlatform:: Platform Path C:/Users/junoh/vivado23/DSD25_Termprj/00_RTL_Skeleton/workspace/design_1_wrapper/hw/design_1_wrapper.xsa
TRACE::2025-03-11.00:44:58::SCWPlatform:: Unique name xilinx:zybo-z7-20::0.0
TRACE::2025-03-11.00:44:58::SCWPlatform::Trying to set the existing hwdb with name design_1_wrapper_0
TRACE::2025-03-11.00:44:58::SCWPlatform::Opened existing hwdb design_1_wrapper_0
TRACE::2025-03-11.00:44:58::SCWPlatform::Found the Hw Db part of the input DSA
TRACE::2025-03-11.00:44:58::SCWMssOS::Checking the sw design at  C:/Users/junoh/vivado23/DSD25_Termprj/00_RTL_Skeleton/workspace/design_1_wrapper/zynq_fsbl/zynq_fsbl_bsp/system.mss
TRACE::2025-03-11.00:44:58::SCWMssOS::DEBUG:  swdes dump  C:/Users/junoh/vivado23/DSD25_Termprj/00_RTL_Skeleton/workspace/design_1_wrapper/ps7_cortexa9_0/standalone_ps7_cortexa9_0/bsp/system.mss|system_0||
C:/Users/junoh/vivado23/DSD25_Termprj/00_RTL_Skeleton/workspace/design_1_wrapper/zynq_fsbl/zynq_fsbl_bsp/system.mss|system||

TRACE::2025-03-11.00:44:58::SCWMssOS::Sw design exists and opened at  C:/Users/junoh/vivado23/DSD25_Termprj/00_RTL_Skeleton/workspace/design_1_wrapper/zynq_fsbl/zynq_fsbl_bsp/system.mss
TRACE::2025-03-11.00:44:58::SCWPlatform::Trying to open the hw design at C:/Users/junoh/vivado23/DSD25_Termprj/00_RTL_Skeleton/workspace/design_1_wrapper/hw/design_1_wrapper.xsa
TRACE::2025-03-11.00:44:58::SCWPlatform::DSA given C:/Users/junoh/vivado23/DSD25_Termprj/00_RTL_Skeleton/workspace/design_1_wrapper/hw/design_1_wrapper.xsa
TRACE::2025-03-11.00:44:58::SCWPlatform::DSA absoulate path C:/Users/junoh/vivado23/DSD25_Termprj/00_RTL_Skeleton/workspace/design_1_wrapper/hw/design_1_wrapper.xsa
TRACE::2025-03-11.00:44:58::SCWPlatform::DSA directory C:/Users/junoh/vivado23/DSD25_Termprj/00_RTL_Skeleton/workspace/design_1_wrapper/hw
TRACE::2025-03-11.00:44:58::SCWPlatform:: Platform Path C:/Users/junoh/vivado23/DSD25_Termprj/00_RTL_Skeleton/workspace/design_1_wrapper/hw/design_1_wrapper.xsa
TRACE::2025-03-11.00:44:58::SCWPlatform:: Unique name xilinx:zybo-z7-20::0.0
TRACE::2025-03-11.00:44:58::SCWPlatform::Trying to set the existing hwdb with name design_1_wrapper_0
TRACE::2025-03-11.00:44:58::SCWPlatform::Opened existing hwdb design_1_wrapper_0
TRACE::2025-03-11.00:44:58::SCWPlatform::Found the Hw Db part of the input DSA
TRACE::2025-03-11.00:44:58::SCWMssOS::Checking the sw design at  C:/Users/junoh/vivado23/DSD25_Termprj/00_RTL_Skeleton/workspace/design_1_wrapper/zynq_fsbl/zynq_fsbl_bsp/system.mss
TRACE::2025-03-11.00:44:58::SCWMssOS::DEBUG:  swdes dump  C:/Users/junoh/vivado23/DSD25_Termprj/00_RTL_Skeleton/workspace/design_1_wrapper/ps7_cortexa9_0/standalone_ps7_cortexa9_0/bsp/system.mss|system_0||
C:/Users/junoh/vivado23/DSD25_Termprj/00_RTL_Skeleton/workspace/design_1_wrapper/zynq_fsbl/zynq_fsbl_bsp/system.mss|system||

TRACE::2025-03-11.00:44:58::SCWMssOS::Sw design exists and opened at  C:/Users/junoh/vivado23/DSD25_Termprj/00_RTL_Skeleton/workspace/design_1_wrapper/zynq_fsbl/zynq_fsbl_bsp/system.mss
TRACE::2025-03-11.00:44:58::SCWPlatform::Trying to open the hw design at C:/Users/junoh/vivado23/DSD25_Termprj/00_RTL_Skeleton/workspace/design_1_wrapper/hw/design_1_wrapper.xsa
TRACE::2025-03-11.00:44:58::SCWPlatform::DSA given C:/Users/junoh/vivado23/DSD25_Termprj/00_RTL_Skeleton/workspace/design_1_wrapper/hw/design_1_wrapper.xsa
TRACE::2025-03-11.00:44:58::SCWPlatform::DSA absoulate path C:/Users/junoh/vivado23/DSD25_Termprj/00_RTL_Skeleton/workspace/design_1_wrapper/hw/design_1_wrapper.xsa
TRACE::2025-03-11.00:44:58::SCWPlatform::DSA directory C:/Users/junoh/vivado23/DSD25_Termprj/00_RTL_Skeleton/workspace/design_1_wrapper/hw
TRACE::2025-03-11.00:44:58::SCWPlatform:: Platform Path C:/Users/junoh/vivado23/DSD25_Termprj/00_RTL_Skeleton/workspace/design_1_wrapper/hw/design_1_wrapper.xsa
TRACE::2025-03-11.00:44:58::SCWPlatform:: Unique name xilinx:zybo-z7-20::0.0
TRACE::2025-03-11.00:44:58::SCWPlatform::Trying to set the existing hwdb with name design_1_wrapper_0
TRACE::2025-03-11.00:44:58::SCWPlatform::Opened existing hwdb design_1_wrapper_0
TRACE::2025-03-11.00:44:58::SCWPlatform::Found the Hw Db part of the input DSA
TRACE::2025-03-11.00:44:58::SCWMssOS::Checking the sw design at  C:/Users/junoh/vivado23/DSD25_Termprj/00_RTL_Skeleton/workspace/design_1_wrapper/ps7_cortexa9_0/standalone_ps7_cortexa9_0/bsp/system.mss
TRACE::2025-03-11.00:44:58::SCWMssOS::DEBUG:  swdes dump  C:/Users/junoh/vivado23/DSD25_Termprj/00_RTL_Skeleton/workspace/design_1_wrapper/ps7_cortexa9_0/standalone_ps7_cortexa9_0/bsp/system.mss|system_0||
C:/Users/junoh/vivado23/DSD25_Termprj/00_RTL_Skeleton/workspace/design_1_wrapper/zynq_fsbl/zynq_fsbl_bsp/system.mss|system||

TRACE::2025-03-11.00:44:58::SCWMssOS::Sw design exists and opened at  C:/Users/junoh/vivado23/DSD25_Termprj/00_RTL_Skeleton/workspace/design_1_wrapper/ps7_cortexa9_0/standalone_ps7_cortexa9_0/bsp/system.mss
TRACE::2025-03-11.00:44:58::SCWPlatform::Trying to open the hw design at C:/Users/junoh/vivado23/DSD25_Termprj/00_RTL_Skeleton/workspace/design_1_wrapper/hw/design_1_wrapper.xsa
TRACE::2025-03-11.00:44:58::SCWPlatform::DSA given C:/Users/junoh/vivado23/DSD25_Termprj/00_RTL_Skeleton/workspace/design_1_wrapper/hw/design_1_wrapper.xsa
TRACE::2025-03-11.00:44:58::SCWPlatform::DSA absoulate path C:/Users/junoh/vivado23/DSD25_Termprj/00_RTL_Skeleton/workspace/design_1_wrapper/hw/design_1_wrapper.xsa
TRACE::2025-03-11.00:44:58::SCWPlatform::DSA directory C:/Users/junoh/vivado23/DSD25_Termprj/00_RTL_Skeleton/workspace/design_1_wrapper/hw
TRACE::2025-03-11.00:44:58::SCWPlatform:: Platform Path C:/Users/junoh/vivado23/DSD25_Termprj/00_RTL_Skeleton/workspace/design_1_wrapper/hw/design_1_wrapper.xsa
TRACE::2025-03-11.00:44:58::SCWPlatform:: Unique name xilinx:zybo-z7-20::0.0
TRACE::2025-03-11.00:44:58::SCWPlatform::Trying to set the existing hwdb with name design_1_wrapper_0
TRACE::2025-03-11.00:44:58::SCWPlatform::Opened existing hwdb design_1_wrapper_0
TRACE::2025-03-11.00:44:58::SCWPlatform::Found the Hw Db part of the input DSA
TRACE::2025-03-11.00:44:58::SCWMssOS::Checking the sw design at  C:/Users/junoh/vivado23/DSD25_Termprj/00_RTL_Skeleton/workspace/design_1_wrapper/ps7_cortexa9_0/standalone_ps7_cortexa9_0/bsp/system.mss
TRACE::2025-03-11.00:44:58::SCWMssOS::DEBUG:  swdes dump  C:/Users/junoh/vivado23/DSD25_Termprj/00_RTL_Skeleton/workspace/design_1_wrapper/ps7_cortexa9_0/standalone_ps7_cortexa9_0/bsp/system.mss|system_0||
C:/Users/junoh/vivado23/DSD25_Termprj/00_RTL_Skeleton/workspace/design_1_wrapper/zynq_fsbl/zynq_fsbl_bsp/system.mss|system||

TRACE::2025-03-11.00:44:58::SCWMssOS::Sw design exists and opened at  C:/Users/junoh/vivado23/DSD25_Termprj/00_RTL_Skeleton/workspace/design_1_wrapper/ps7_cortexa9_0/standalone_ps7_cortexa9_0/bsp/system.mss
TRACE::2025-03-11.00:44:58::SCWPlatform::Trying to open the hw design at C:/Users/junoh/vivado23/DSD25_Termprj/00_RTL_Skeleton/workspace/design_1_wrapper/hw/design_1_wrapper.xsa
TRACE::2025-03-11.00:44:58::SCWPlatform::DSA given C:/Users/junoh/vivado23/DSD25_Termprj/00_RTL_Skeleton/workspace/design_1_wrapper/hw/design_1_wrapper.xsa
TRACE::2025-03-11.00:44:58::SCWPlatform::DSA absoulate path C:/Users/junoh/vivado23/DSD25_Termprj/00_RTL_Skeleton/workspace/design_1_wrapper/hw/design_1_wrapper.xsa
TRACE::2025-03-11.00:44:58::SCWPlatform::DSA directory C:/Users/junoh/vivado23/DSD25_Termprj/00_RTL_Skeleton/workspace/design_1_wrapper/hw
TRACE::2025-03-11.00:44:58::SCWPlatform:: Platform Path C:/Users/junoh/vivado23/DSD25_Termprj/00_RTL_Skeleton/workspace/design_1_wrapper/hw/design_1_wrapper.xsa
TRACE::2025-03-11.00:44:58::SCWPlatform:: Unique name xilinx:zybo-z7-20::0.0
TRACE::2025-03-11.00:44:58::SCWPlatform::Trying to set the existing hwdb with name design_1_wrapper_0
TRACE::2025-03-11.00:44:58::SCWPlatform::Opened existing hwdb design_1_wrapper_0
TRACE::2025-03-11.00:44:58::SCWPlatform::Found the Hw Db part of the input DSA
TRACE::2025-03-11.00:44:58::SCWMssOS::Checking the sw design at  C:/Users/junoh/vivado23/DSD25_Termprj/00_RTL_Skeleton/workspace/design_1_wrapper/ps7_cortexa9_0/standalone_ps7_cortexa9_0/bsp/system.mss
TRACE::2025-03-11.00:44:58::SCWMssOS::DEBUG:  swdes dump  C:/Users/junoh/vivado23/DSD25_Termprj/00_RTL_Skeleton/workspace/design_1_wrapper/ps7_cortexa9_0/standalone_ps7_cortexa9_0/bsp/system.mss|system_0||
C:/Users/junoh/vivado23/DSD25_Termprj/00_RTL_Skeleton/workspace/design_1_wrapper/zynq_fsbl/zynq_fsbl_bsp/system.mss|system||

TRACE::2025-03-11.00:44:58::SCWMssOS::Sw design exists and opened at  C:/Users/junoh/vivado23/DSD25_Termprj/00_RTL_Skeleton/workspace/design_1_wrapper/ps7_cortexa9_0/standalone_ps7_cortexa9_0/bsp/system.mss
TRACE::2025-03-11.00:44:58::SCWWriter::formatted JSON is {
	"platformName":	"design_1_wrapper",
	"sprVersion":	"2.0",
	"mode":	"gui",
	"dsaType":	"Fixed",
	"platformDesc":	"design_1_wrapper",
	"platHandOff":	"C:/Users/junoh/vivado23/DSD25_Termprj/00_RTL_Skeleton/design_1_wrapper.xsa",
	"platIntHandOff":	"<platformDir>/hw/design_1_wrapper.xsa",
	"deviceType":	"zynq",
	"platIsPrebuiltAutogen":	"false",
	"platIsNoBootBsp":	"false",
	"platFsblTarget":	"ps7_cortexa9_0",
	"hasFsblMakeHasChanges":	"false",
	"hasPmufwMakeHasChanges":	"false",
	"fsblExtraCompilerFlags":	"-MMD -MP       -mcpu=cortex-a9 -mfpu=vfpv3 -mfloat-abi=hard ",
	"platPreBuiltFlag":	false,
	"platformSamplesDir":	"",
	"platActiveSys":	"design_1_wrapper",
	"systems":	[{
			"systemName":	"design_1_wrapper",
			"systemDesc":	"design_1_wrapper",
			"sysIsBootAutoGen":	"true",
			"systemDispName":	"design_1_wrapper",
			"sysActiveDom":	"standalone_ps7_cortexa9_0",
			"sysDefaultDom":	"standalone_ps7_cortexa9_0",
			"domains":	[{
					"domainName":	"zynq_fsbl",
					"domainDispName":	"zynq_fsbl",
					"domainDesc":	"FSBL Application BSP - Auto Generated.",
					"processors":	"ps7_cortexa9_0",
					"os":	"standalone",
					"sdxOs":	"standalone",
					"debugEnable":	"",
					"domRuntimes":	["cpp"],
					"swRepo":	"",
					"mssOsVer":	"8.1",
					"mssFile":	"",
					"md5Digest":	"18db037d21630273c43c35eef454af04",
					"compatibleApp":	"zynq_fsbl",
					"domType":	"bootDomain",
					"arch":	"32-bit",
					"appSettings":	{
						"appCompilerFlags":	"",
						"appLinkerFlags":	""
					},
					"addedLibs":	["xilffs:5.0", "xilrsa:1.6"],
					"libOptions":	{
						"libsContainingOptions":	[]
					},
					"prebuiltLibs":	{
						"prebuiltIncPath":	[],
						"prebuiltLibPath":	[]
					},
					"isolation":	{
					}
				}, {
					"domainName":	"standalone_ps7_cortexa9_0",
					"domainDispName":	"standalone_ps7_cortexa9_0",
					"domainDesc":	"standalone_ps7_cortexa9_0",
					"processors":	"ps7_cortexa9_0",
					"os":	"standalone",
					"sdxOs":	"standalone",
					"qemuArgs":	"<platformDir>/resources/design_1_wrapper/standalone_ps7_cortexa9_0/qemu_args.txt",
					"qemuData":	"<platformDir>/resources/design_1_wrapper/standalone_ps7_cortexa9_0/qemu",
					"debugEnable":	"False",
					"domRuntimes":	["cpp"],
					"swRepo":	"",
					"mssOsVer":	"8.1",
					"mssFile":	"",
					"md5Digest":	"f90644cd625b505de1ada2b5ad5e2e1f",
					"compatibleApp":	"hello_world",
					"domType":	"mssDomain",
					"arch":	"32-bit",
					"appSettings":	{
						"appCompilerFlags":	"",
						"appLinkerFlags":	""
					},
					"addedLibs":	[],
					"libOptions":	{
						"libsContainingOptions":	[]
					},
					"prebuiltLibs":	{
						"prebuiltIncPath":	[],
						"prebuiltLibPath":	[]
					},
					"isolation":	{
					}
				}]
		}]
}
TRACE::2025-03-11.00:44:58::SCWPlatform::Trying to open the hw design at C:/Users/junoh/vivado23/DSD25_Termprj/00_RTL_Skeleton/workspace/design_1_wrapper/hw/design_1_wrapper.xsa
TRACE::2025-03-11.00:44:58::SCWPlatform::DSA given C:/Users/junoh/vivado23/DSD25_Termprj/00_RTL_Skeleton/workspace/design_1_wrapper/hw/design_1_wrapper.xsa
TRACE::2025-03-11.00:44:58::SCWPlatform::DSA absoulate path C:/Users/junoh/vivado23/DSD25_Termprj/00_RTL_Skeleton/workspace/design_1_wrapper/hw/design_1_wrapper.xsa
TRACE::2025-03-11.00:44:58::SCWPlatform::DSA directory C:/Users/junoh/vivado23/DSD25_Termprj/00_RTL_Skeleton/workspace/design_1_wrapper/hw
TRACE::2025-03-11.00:44:58::SCWPlatform:: Platform Path C:/Users/junoh/vivado23/DSD25_Termprj/00_RTL_Skeleton/workspace/design_1_wrapper/hw/design_1_wrapper.xsa
TRACE::2025-03-11.00:44:58::SCWPlatform:: Unique name xilinx:zybo-z7-20::0.0
TRACE::2025-03-11.00:44:58::SCWPlatform::Trying to set the existing hwdb with name design_1_wrapper_0
TRACE::2025-03-11.00:44:58::SCWPlatform::Opened existing hwdb design_1_wrapper_0
TRACE::2025-03-11.00:44:58::SCWPlatform::Found the Hw Db part of the input DSA
TRACE::2025-03-11.00:44:58::SCWMssOS::Checking the sw design at  C:/Users/junoh/vivado23/DSD25_Termprj/00_RTL_Skeleton/workspace/design_1_wrapper/ps7_cortexa9_0/standalone_ps7_cortexa9_0/bsp/system.mss
TRACE::2025-03-11.00:44:58::SCWMssOS::DEBUG:  swdes dump  C:/Users/junoh/vivado23/DSD25_Termprj/00_RTL_Skeleton/workspace/design_1_wrapper/ps7_cortexa9_0/standalone_ps7_cortexa9_0/bsp/system.mss|system_0||
C:/Users/junoh/vivado23/DSD25_Termprj/00_RTL_Skeleton/workspace/design_1_wrapper/zynq_fsbl/zynq_fsbl_bsp/system.mss|system||

TRACE::2025-03-11.00:44:58::SCWMssOS::Sw design exists and opened at  C:/Users/junoh/vivado23/DSD25_Termprj/00_RTL_Skeleton/workspace/design_1_wrapper/ps7_cortexa9_0/standalone_ps7_cortexa9_0/bsp/system.mss
TRACE::2025-03-11.00:44:58::SCWPlatform::Trying to open the hw design at C:/Users/junoh/vivado23/DSD25_Termprj/00_RTL_Skeleton/workspace/design_1_wrapper/hw/design_1_wrapper.xsa
TRACE::2025-03-11.00:44:58::SCWPlatform::DSA given C:/Users/junoh/vivado23/DSD25_Termprj/00_RTL_Skeleton/workspace/design_1_wrapper/hw/design_1_wrapper.xsa
TRACE::2025-03-11.00:44:58::SCWPlatform::DSA absoulate path C:/Users/junoh/vivado23/DSD25_Termprj/00_RTL_Skeleton/workspace/design_1_wrapper/hw/design_1_wrapper.xsa
TRACE::2025-03-11.00:44:58::SCWPlatform::DSA directory C:/Users/junoh/vivado23/DSD25_Termprj/00_RTL_Skeleton/workspace/design_1_wrapper/hw
TRACE::2025-03-11.00:44:58::SCWPlatform:: Platform Path C:/Users/junoh/vivado23/DSD25_Termprj/00_RTL_Skeleton/workspace/design_1_wrapper/hw/design_1_wrapper.xsa
TRACE::2025-03-11.00:44:58::SCWPlatform:: Unique name xilinx:zybo-z7-20::0.0
TRACE::2025-03-11.00:44:58::SCWPlatform::Trying to set the existing hwdb with name design_1_wrapper_0
TRACE::2025-03-11.00:44:58::SCWPlatform::Opened existing hwdb design_1_wrapper_0
TRACE::2025-03-11.00:44:58::SCWPlatform::Found the Hw Db part of the input DSA
TRACE::2025-03-11.00:44:58::SCWMssOS::Checking the sw design at  C:/Users/junoh/vivado23/DSD25_Termprj/00_RTL_Skeleton/workspace/design_1_wrapper/ps7_cortexa9_0/standalone_ps7_cortexa9_0/bsp/system.mss
TRACE::2025-03-11.00:44:58::SCWMssOS::DEBUG:  swdes dump  C:/Users/junoh/vivado23/DSD25_Termprj/00_RTL_Skeleton/workspace/design_1_wrapper/ps7_cortexa9_0/standalone_ps7_cortexa9_0/bsp/system.mss|system_0||
C:/Users/junoh/vivado23/DSD25_Termprj/00_RTL_Skeleton/workspace/design_1_wrapper/zynq_fsbl/zynq_fsbl_bsp/system.mss|system||

TRACE::2025-03-11.00:44:58::SCWMssOS::Sw design exists and opened at  C:/Users/junoh/vivado23/DSD25_Termprj/00_RTL_Skeleton/workspace/design_1_wrapper/ps7_cortexa9_0/standalone_ps7_cortexa9_0/bsp/system.mss
TRACE::2025-03-11.00:44:58::SCWMssOS::Saving the mss changes C:/Users/junoh/vivado23/DSD25_Termprj/00_RTL_Skeleton/workspace/design_1_wrapper/zynq_fsbl/zynq_fsbl_bsp/system.mss
TRACE::2025-03-11.00:44:58::SCWMssOS::Found a swdesign opened with the mssfile.
TRACE::2025-03-11.00:44:58::SCWMssOS::Completed writemss as part of save.
TRACE::2025-03-11.00:44:58::SCWMssOS::Commit changes completed.
TRACE::2025-03-11.00:44:58::SCWMssOS::Saving the mss changes C:/Users/junoh/vivado23/DSD25_Termprj/00_RTL_Skeleton/workspace/design_1_wrapper/ps7_cortexa9_0/standalone_ps7_cortexa9_0/bsp/system.mss
TRACE::2025-03-11.00:44:58::SCWMssOS::Found a swdesign opened with the mssfile.
TRACE::2025-03-11.00:44:58::SCWMssOS::Completed writemss as part of save.
TRACE::2025-03-11.00:44:58::SCWMssOS::Commit changes completed.
TRACE::2025-03-11.00:44:58::SCWPlatform::Trying to open the hw design at C:/Users/junoh/vivado23/DSD25_Termprj/00_RTL_Skeleton/workspace/design_1_wrapper/hw/design_1_wrapper.xsa
TRACE::2025-03-11.00:44:58::SCWPlatform::DSA given C:/Users/junoh/vivado23/DSD25_Termprj/00_RTL_Skeleton/workspace/design_1_wrapper/hw/design_1_wrapper.xsa
TRACE::2025-03-11.00:44:58::SCWPlatform::DSA absoulate path C:/Users/junoh/vivado23/DSD25_Termprj/00_RTL_Skeleton/workspace/design_1_wrapper/hw/design_1_wrapper.xsa
TRACE::2025-03-11.00:44:58::SCWPlatform::DSA directory C:/Users/junoh/vivado23/DSD25_Termprj/00_RTL_Skeleton/workspace/design_1_wrapper/hw
TRACE::2025-03-11.00:44:58::SCWPlatform:: Platform Path C:/Users/junoh/vivado23/DSD25_Termprj/00_RTL_Skeleton/workspace/design_1_wrapper/hw/design_1_wrapper.xsa
TRACE::2025-03-11.00:44:58::SCWPlatform:: Unique name xilinx:zybo-z7-20::0.0
TRACE::2025-03-11.00:44:58::SCWPlatform::Trying to set the existing hwdb with name design_1_wrapper_0
TRACE::2025-03-11.00:44:58::SCWPlatform::Opened existing hwdb design_1_wrapper_0
TRACE::2025-03-11.00:44:58::SCWPlatform::Found the Hw Db part of the input DSA
TRACE::2025-03-11.00:44:58::SCWMssOS::Checking the sw design at  C:/Users/junoh/vivado23/DSD25_Termprj/00_RTL_Skeleton/workspace/design_1_wrapper/zynq_fsbl/zynq_fsbl_bsp/system.mss
TRACE::2025-03-11.00:44:58::SCWMssOS::DEBUG:  swdes dump  C:/Users/junoh/vivado23/DSD25_Termprj/00_RTL_Skeleton/workspace/design_1_wrapper/ps7_cortexa9_0/standalone_ps7_cortexa9_0/bsp/system.mss|system_0||
C:/Users/junoh/vivado23/DSD25_Termprj/00_RTL_Skeleton/workspace/design_1_wrapper/zynq_fsbl/zynq_fsbl_bsp/system.mss|system||

TRACE::2025-03-11.00:44:58::SCWMssOS::Sw design exists and opened at  C:/Users/junoh/vivado23/DSD25_Termprj/00_RTL_Skeleton/workspace/design_1_wrapper/zynq_fsbl/zynq_fsbl_bsp/system.mss
TRACE::2025-03-11.00:44:58::SCWPlatform::Trying to open the hw design at C:/Users/junoh/vivado23/DSD25_Termprj/00_RTL_Skeleton/workspace/design_1_wrapper/hw/design_1_wrapper.xsa
TRACE::2025-03-11.00:44:58::SCWPlatform::DSA given C:/Users/junoh/vivado23/DSD25_Termprj/00_RTL_Skeleton/workspace/design_1_wrapper/hw/design_1_wrapper.xsa
TRACE::2025-03-11.00:44:58::SCWPlatform::DSA absoulate path C:/Users/junoh/vivado23/DSD25_Termprj/00_RTL_Skeleton/workspace/design_1_wrapper/hw/design_1_wrapper.xsa
TRACE::2025-03-11.00:44:58::SCWPlatform::DSA directory C:/Users/junoh/vivado23/DSD25_Termprj/00_RTL_Skeleton/workspace/design_1_wrapper/hw
TRACE::2025-03-11.00:44:58::SCWPlatform:: Platform Path C:/Users/junoh/vivado23/DSD25_Termprj/00_RTL_Skeleton/workspace/design_1_wrapper/hw/design_1_wrapper.xsa
TRACE::2025-03-11.00:44:58::SCWPlatform:: Unique name xilinx:zybo-z7-20::0.0
TRACE::2025-03-11.00:44:58::SCWPlatform::Trying to set the existing hwdb with name design_1_wrapper_0
TRACE::2025-03-11.00:44:58::SCWPlatform::Opened existing hwdb design_1_wrapper_0
TRACE::2025-03-11.00:44:58::SCWPlatform::Found the Hw Db part of the input DSA
TRACE::2025-03-11.00:44:58::SCWMssOS::Checking the sw design at  C:/Users/junoh/vivado23/DSD25_Termprj/00_RTL_Skeleton/workspace/design_1_wrapper/zynq_fsbl/zynq_fsbl_bsp/system.mss
TRACE::2025-03-11.00:44:58::SCWMssOS::DEBUG:  swdes dump  C:/Users/junoh/vivado23/DSD25_Termprj/00_RTL_Skeleton/workspace/design_1_wrapper/ps7_cortexa9_0/standalone_ps7_cortexa9_0/bsp/system.mss|system_0||
C:/Users/junoh/vivado23/DSD25_Termprj/00_RTL_Skeleton/workspace/design_1_wrapper/zynq_fsbl/zynq_fsbl_bsp/system.mss|system||

TRACE::2025-03-11.00:44:58::SCWMssOS::Sw design exists and opened at  C:/Users/junoh/vivado23/DSD25_Termprj/00_RTL_Skeleton/workspace/design_1_wrapper/zynq_fsbl/zynq_fsbl_bsp/system.mss
TRACE::2025-03-11.00:44:58::SCWPlatform::Trying to open the hw design at C:/Users/junoh/vivado23/DSD25_Termprj/00_RTL_Skeleton/workspace/design_1_wrapper/hw/design_1_wrapper.xsa
TRACE::2025-03-11.00:44:58::SCWPlatform::DSA given C:/Users/junoh/vivado23/DSD25_Termprj/00_RTL_Skeleton/workspace/design_1_wrapper/hw/design_1_wrapper.xsa
TRACE::2025-03-11.00:44:58::SCWPlatform::DSA absoulate path C:/Users/junoh/vivado23/DSD25_Termprj/00_RTL_Skeleton/workspace/design_1_wrapper/hw/design_1_wrapper.xsa
TRACE::2025-03-11.00:44:58::SCWPlatform::DSA directory C:/Users/junoh/vivado23/DSD25_Termprj/00_RTL_Skeleton/workspace/design_1_wrapper/hw
TRACE::2025-03-11.00:44:58::SCWPlatform:: Platform Path C:/Users/junoh/vivado23/DSD25_Termprj/00_RTL_Skeleton/workspace/design_1_wrapper/hw/design_1_wrapper.xsa
TRACE::2025-03-11.00:44:58::SCWPlatform:: Unique name xilinx:zybo-z7-20::0.0
TRACE::2025-03-11.00:44:58::SCWPlatform::Trying to set the existing hwdb with name design_1_wrapper_0
TRACE::2025-03-11.00:44:58::SCWPlatform::Opened existing hwdb design_1_wrapper_0
TRACE::2025-03-11.00:44:58::SCWPlatform::Found the Hw Db part of the input DSA
TRACE::2025-03-11.00:44:58::SCWMssOS::Checking the sw design at  C:/Users/junoh/vivado23/DSD25_Termprj/00_RTL_Skeleton/workspace/design_1_wrapper/zynq_fsbl/zynq_fsbl_bsp/system.mss
TRACE::2025-03-11.00:44:58::SCWMssOS::DEBUG:  swdes dump  C:/Users/junoh/vivado23/DSD25_Termprj/00_RTL_Skeleton/workspace/design_1_wrapper/ps7_cortexa9_0/standalone_ps7_cortexa9_0/bsp/system.mss|system_0||
C:/Users/junoh/vivado23/DSD25_Termprj/00_RTL_Skeleton/workspace/design_1_wrapper/zynq_fsbl/zynq_fsbl_bsp/system.mss|system||

TRACE::2025-03-11.00:44:58::SCWMssOS::Sw design exists and opened at  C:/Users/junoh/vivado23/DSD25_Termprj/00_RTL_Skeleton/workspace/design_1_wrapper/zynq_fsbl/zynq_fsbl_bsp/system.mss
TRACE::2025-03-11.00:44:58::SCWPlatform::Trying to open the hw design at C:/Users/junoh/vivado23/DSD25_Termprj/00_RTL_Skeleton/workspace/design_1_wrapper/hw/design_1_wrapper.xsa
TRACE::2025-03-11.00:44:58::SCWPlatform::DSA given C:/Users/junoh/vivado23/DSD25_Termprj/00_RTL_Skeleton/workspace/design_1_wrapper/hw/design_1_wrapper.xsa
TRACE::2025-03-11.00:44:58::SCWPlatform::DSA absoulate path C:/Users/junoh/vivado23/DSD25_Termprj/00_RTL_Skeleton/workspace/design_1_wrapper/hw/design_1_wrapper.xsa
TRACE::2025-03-11.00:44:58::SCWPlatform::DSA directory C:/Users/junoh/vivado23/DSD25_Termprj/00_RTL_Skeleton/workspace/design_1_wrapper/hw
TRACE::2025-03-11.00:44:58::SCWPlatform:: Platform Path C:/Users/junoh/vivado23/DSD25_Termprj/00_RTL_Skeleton/workspace/design_1_wrapper/hw/design_1_wrapper.xsa
TRACE::2025-03-11.00:44:58::SCWPlatform:: Unique name xilinx:zybo-z7-20::0.0
TRACE::2025-03-11.00:44:58::SCWPlatform::Trying to set the existing hwdb with name design_1_wrapper_0
TRACE::2025-03-11.00:44:58::SCWPlatform::Opened existing hwdb design_1_wrapper_0
TRACE::2025-03-11.00:44:58::SCWPlatform::Found the Hw Db part of the input DSA
TRACE::2025-03-11.00:44:58::SCWMssOS::Checking the sw design at  C:/Users/junoh/vivado23/DSD25_Termprj/00_RTL_Skeleton/workspace/design_1_wrapper/ps7_cortexa9_0/standalone_ps7_cortexa9_0/bsp/system.mss
TRACE::2025-03-11.00:44:58::SCWMssOS::DEBUG:  swdes dump  C:/Users/junoh/vivado23/DSD25_Termprj/00_RTL_Skeleton/workspace/design_1_wrapper/ps7_cortexa9_0/standalone_ps7_cortexa9_0/bsp/system.mss|system_0||
C:/Users/junoh/vivado23/DSD25_Termprj/00_RTL_Skeleton/workspace/design_1_wrapper/zynq_fsbl/zynq_fsbl_bsp/system.mss|system||

TRACE::2025-03-11.00:44:58::SCWMssOS::Sw design exists and opened at  C:/Users/junoh/vivado23/DSD25_Termprj/00_RTL_Skeleton/workspace/design_1_wrapper/ps7_cortexa9_0/standalone_ps7_cortexa9_0/bsp/system.mss
TRACE::2025-03-11.00:44:58::SCWPlatform::Trying to open the hw design at C:/Users/junoh/vivado23/DSD25_Termprj/00_RTL_Skeleton/workspace/design_1_wrapper/hw/design_1_wrapper.xsa
TRACE::2025-03-11.00:44:58::SCWPlatform::DSA given C:/Users/junoh/vivado23/DSD25_Termprj/00_RTL_Skeleton/workspace/design_1_wrapper/hw/design_1_wrapper.xsa
TRACE::2025-03-11.00:44:58::SCWPlatform::DSA absoulate path C:/Users/junoh/vivado23/DSD25_Termprj/00_RTL_Skeleton/workspace/design_1_wrapper/hw/design_1_wrapper.xsa
TRACE::2025-03-11.00:44:58::SCWPlatform::DSA directory C:/Users/junoh/vivado23/DSD25_Termprj/00_RTL_Skeleton/workspace/design_1_wrapper/hw
TRACE::2025-03-11.00:44:58::SCWPlatform:: Platform Path C:/Users/junoh/vivado23/DSD25_Termprj/00_RTL_Skeleton/workspace/design_1_wrapper/hw/design_1_wrapper.xsa
TRACE::2025-03-11.00:44:58::SCWPlatform:: Unique name xilinx:zybo-z7-20::0.0
TRACE::2025-03-11.00:44:58::SCWPlatform::Trying to set the existing hwdb with name design_1_wrapper_0
TRACE::2025-03-11.00:44:58::SCWPlatform::Opened existing hwdb design_1_wrapper_0
TRACE::2025-03-11.00:44:58::SCWPlatform::Found the Hw Db part of the input DSA
TRACE::2025-03-11.00:44:58::SCWMssOS::Checking the sw design at  C:/Users/junoh/vivado23/DSD25_Termprj/00_RTL_Skeleton/workspace/design_1_wrapper/ps7_cortexa9_0/standalone_ps7_cortexa9_0/bsp/system.mss
TRACE::2025-03-11.00:44:58::SCWMssOS::DEBUG:  swdes dump  C:/Users/junoh/vivado23/DSD25_Termprj/00_RTL_Skeleton/workspace/design_1_wrapper/ps7_cortexa9_0/standalone_ps7_cortexa9_0/bsp/system.mss|system_0||
C:/Users/junoh/vivado23/DSD25_Termprj/00_RTL_Skeleton/workspace/design_1_wrapper/zynq_fsbl/zynq_fsbl_bsp/system.mss|system||

TRACE::2025-03-11.00:44:58::SCWMssOS::Sw design exists and opened at  C:/Users/junoh/vivado23/DSD25_Termprj/00_RTL_Skeleton/workspace/design_1_wrapper/ps7_cortexa9_0/standalone_ps7_cortexa9_0/bsp/system.mss
TRACE::2025-03-11.00:44:58::SCWPlatform::Trying to open the hw design at C:/Users/junoh/vivado23/DSD25_Termprj/00_RTL_Skeleton/workspace/design_1_wrapper/hw/design_1_wrapper.xsa
TRACE::2025-03-11.00:44:58::SCWPlatform::DSA given C:/Users/junoh/vivado23/DSD25_Termprj/00_RTL_Skeleton/workspace/design_1_wrapper/hw/design_1_wrapper.xsa
TRACE::2025-03-11.00:44:58::SCWPlatform::DSA absoulate path C:/Users/junoh/vivado23/DSD25_Termprj/00_RTL_Skeleton/workspace/design_1_wrapper/hw/design_1_wrapper.xsa
TRACE::2025-03-11.00:44:58::SCWPlatform::DSA directory C:/Users/junoh/vivado23/DSD25_Termprj/00_RTL_Skeleton/workspace/design_1_wrapper/hw
TRACE::2025-03-11.00:44:58::SCWPlatform:: Platform Path C:/Users/junoh/vivado23/DSD25_Termprj/00_RTL_Skeleton/workspace/design_1_wrapper/hw/design_1_wrapper.xsa
TRACE::2025-03-11.00:44:58::SCWPlatform:: Unique name xilinx:zybo-z7-20::0.0
TRACE::2025-03-11.00:44:58::SCWPlatform::Trying to set the existing hwdb with name design_1_wrapper_0
TRACE::2025-03-11.00:44:58::SCWPlatform::Opened existing hwdb design_1_wrapper_0
TRACE::2025-03-11.00:44:58::SCWPlatform::Found the Hw Db part of the input DSA
TRACE::2025-03-11.00:44:58::SCWMssOS::Checking the sw design at  C:/Users/junoh/vivado23/DSD25_Termprj/00_RTL_Skeleton/workspace/design_1_wrapper/ps7_cortexa9_0/standalone_ps7_cortexa9_0/bsp/system.mss
TRACE::2025-03-11.00:44:58::SCWMssOS::DEBUG:  swdes dump  C:/Users/junoh/vivado23/DSD25_Termprj/00_RTL_Skeleton/workspace/design_1_wrapper/ps7_cortexa9_0/standalone_ps7_cortexa9_0/bsp/system.mss|system_0||
C:/Users/junoh/vivado23/DSD25_Termprj/00_RTL_Skeleton/workspace/design_1_wrapper/zynq_fsbl/zynq_fsbl_bsp/system.mss|system||

TRACE::2025-03-11.00:44:58::SCWMssOS::Sw design exists and opened at  C:/Users/junoh/vivado23/DSD25_Termprj/00_RTL_Skeleton/workspace/design_1_wrapper/ps7_cortexa9_0/standalone_ps7_cortexa9_0/bsp/system.mss
TRACE::2025-03-11.00:44:58::SCWWriter::formatted JSON is {
	"platformName":	"design_1_wrapper",
	"sprVersion":	"2.0",
	"mode":	"gui",
	"dsaType":	"Fixed",
	"platformDesc":	"design_1_wrapper",
	"platHandOff":	"C:/Users/junoh/vivado23/DSD25_Termprj/00_RTL_Skeleton/design_1_wrapper.xsa",
	"platIntHandOff":	"<platformDir>/hw/design_1_wrapper.xsa",
	"deviceType":	"zynq",
	"platIsPrebuiltAutogen":	"false",
	"platIsNoBootBsp":	"false",
	"platFsblTarget":	"ps7_cortexa9_0",
	"hasFsblMakeHasChanges":	"false",
	"hasPmufwMakeHasChanges":	"false",
	"fsblExtraCompilerFlags":	"-MMD -MP       -mcpu=cortex-a9 -mfpu=vfpv3 -mfloat-abi=hard ",
	"platPreBuiltFlag":	false,
	"platformSamplesDir":	"",
	"platActiveSys":	"design_1_wrapper",
	"systems":	[{
			"systemName":	"design_1_wrapper",
			"systemDesc":	"design_1_wrapper",
			"sysIsBootAutoGen":	"true",
			"systemDispName":	"design_1_wrapper",
			"sysActiveDom":	"standalone_ps7_cortexa9_0",
			"sysDefaultDom":	"standalone_ps7_cortexa9_0",
			"domains":	[{
					"domainName":	"zynq_fsbl",
					"domainDispName":	"zynq_fsbl",
					"domainDesc":	"FSBL Application BSP - Auto Generated.",
					"processors":	"ps7_cortexa9_0",
					"os":	"standalone",
					"sdxOs":	"standalone",
					"debugEnable":	"",
					"domRuntimes":	["cpp"],
					"swRepo":	"",
					"mssOsVer":	"8.1",
					"mssFile":	"",
					"md5Digest":	"18db037d21630273c43c35eef454af04",
					"compatibleApp":	"zynq_fsbl",
					"domType":	"bootDomain",
					"arch":	"32-bit",
					"appSettings":	{
						"appCompilerFlags":	"",
						"appLinkerFlags":	""
					},
					"addedLibs":	["xilffs:5.0", "xilrsa:1.6"],
					"libOptions":	{
						"libsContainingOptions":	[]
					},
					"prebuiltLibs":	{
						"prebuiltIncPath":	[],
						"prebuiltLibPath":	[]
					},
					"isolation":	{
					}
				}, {
					"domainName":	"standalone_ps7_cortexa9_0",
					"domainDispName":	"standalone_ps7_cortexa9_0",
					"domainDesc":	"standalone_ps7_cortexa9_0",
					"processors":	"ps7_cortexa9_0",
					"os":	"standalone",
					"sdxOs":	"standalone",
					"qemuArgs":	"<platformDir>/resources/design_1_wrapper/standalone_ps7_cortexa9_0/qemu_args.txt",
					"qemuData":	"<platformDir>/resources/design_1_wrapper/standalone_ps7_cortexa9_0/qemu",
					"debugEnable":	"False",
					"domRuntimes":	["cpp"],
					"swRepo":	"",
					"mssOsVer":	"8.1",
					"mssFile":	"",
					"md5Digest":	"f90644cd625b505de1ada2b5ad5e2e1f",
					"compatibleApp":	"hello_world",
					"domType":	"mssDomain",
					"arch":	"32-bit",
					"appSettings":	{
						"appCompilerFlags":	"",
						"appLinkerFlags":	""
					},
					"addedLibs":	[],
					"libOptions":	{
						"libsContainingOptions":	[]
					},
					"prebuiltLibs":	{
						"prebuiltIncPath":	[],
						"prebuiltLibPath":	[]
					},
					"isolation":	{
					}
				}]
		}]
}
LOG::2025-03-11.00:44:58::SCWPlatform::Started generating the artifacts platform design_1_wrapper
TRACE::2025-03-11.00:44:58::SCWPlatform::Sanity checking of platform is completed
LOG::2025-03-11.00:44:58::SCWPlatform::Started generating the artifacts for system configuration design_1_wrapper
LOG::2025-03-11.00:44:58::SCWSystem::Started Processing the domain standalone_ps7_cortexa9_0
TRACE::2025-03-11.00:44:58::SCWDomain::Generating domain artifcats
TRACE::2025-03-11.00:44:58::SCWMssOS::Generating standalone artifcats
TRACE::2025-03-11.00:44:58::SCWMssOS::Copying the qemu file from  C:/Users/junoh/vivado23/DSD25_Termprj/00_RTL_Skeleton/workspace/design_1_wrapper/resources/design_1_wrapper/standalone_ps7_cortexa9_0/qemu_args.txt To C:/Users/junoh/vivado23/DSD25_Termprj/00_RTL_Skeleton/workspace/design_1_wrapper/export/design_1_wrapper/sw/design_1_wrapper/qemu/
TRACE::2025-03-11.00:44:58::SCWMssOS::Copying the qemu file from  C:/Users/junoh/vivado23/DSD25_Termprj/00_RTL_Skeleton/workspace/design_1_wrapper/resources/design_1_wrapper/standalone_ps7_cortexa9_0/qemu_args.txt To C:/Users/junoh/vivado23/DSD25_Termprj/00_RTL_Skeleton/workspace/design_1_wrapper/export/design_1_wrapper/sw/design_1_wrapper/standalone_ps7_cortexa9_0/qemu/
TRACE::2025-03-11.00:44:58::SCWMssOS:: Copying the user libraries. 
TRACE::2025-03-11.00:44:58::SCWPlatform::Trying to open the hw design at C:/Users/junoh/vivado23/DSD25_Termprj/00_RTL_Skeleton/workspace/design_1_wrapper/hw/design_1_wrapper.xsa
TRACE::2025-03-11.00:44:58::SCWPlatform::DSA given C:/Users/junoh/vivado23/DSD25_Termprj/00_RTL_Skeleton/workspace/design_1_wrapper/hw/design_1_wrapper.xsa
TRACE::2025-03-11.00:44:58::SCWPlatform::DSA absoulate path C:/Users/junoh/vivado23/DSD25_Termprj/00_RTL_Skeleton/workspace/design_1_wrapper/hw/design_1_wrapper.xsa
TRACE::2025-03-11.00:44:58::SCWPlatform::DSA directory C:/Users/junoh/vivado23/DSD25_Termprj/00_RTL_Skeleton/workspace/design_1_wrapper/hw
TRACE::2025-03-11.00:44:58::SCWPlatform:: Platform Path C:/Users/junoh/vivado23/DSD25_Termprj/00_RTL_Skeleton/workspace/design_1_wrapper/hw/design_1_wrapper.xsa
TRACE::2025-03-11.00:44:58::SCWPlatform:: Unique name xilinx:zybo-z7-20::0.0
TRACE::2025-03-11.00:44:58::SCWPlatform::Trying to set the existing hwdb with name design_1_wrapper_0
TRACE::2025-03-11.00:44:58::SCWPlatform::Opened existing hwdb design_1_wrapper_0
TRACE::2025-03-11.00:44:58::SCWPlatform::Found the Hw Db part of the input DSA
TRACE::2025-03-11.00:44:58::SCWMssOS::Checking the sw design at  C:/Users/junoh/vivado23/DSD25_Termprj/00_RTL_Skeleton/workspace/design_1_wrapper/ps7_cortexa9_0/standalone_ps7_cortexa9_0/bsp/system.mss
TRACE::2025-03-11.00:44:58::SCWMssOS::DEBUG:  swdes dump  C:/Users/junoh/vivado23/DSD25_Termprj/00_RTL_Skeleton/workspace/design_1_wrapper/ps7_cortexa9_0/standalone_ps7_cortexa9_0/bsp/system.mss|system_0||
C:/Users/junoh/vivado23/DSD25_Termprj/00_RTL_Skeleton/workspace/design_1_wrapper/zynq_fsbl/zynq_fsbl_bsp/system.mss|system||

TRACE::2025-03-11.00:44:58::SCWMssOS::Sw design exists and opened at  C:/Users/junoh/vivado23/DSD25_Termprj/00_RTL_Skeleton/workspace/design_1_wrapper/ps7_cortexa9_0/standalone_ps7_cortexa9_0/bsp/system.mss
TRACE::2025-03-11.00:44:58::SCWMssOS::Completed writing the mss file at C:/Users/junoh/vivado23/DSD25_Termprj/00_RTL_Skeleton/workspace/design_1_wrapper/ps7_cortexa9_0/standalone_ps7_cortexa9_0/bsp
TRACE::2025-03-11.00:44:58::SCWMssOS::Mss edits present, copying mssfile into export location C:/Users/junoh/vivado23/DSD25_Termprj/00_RTL_Skeleton/workspace/design_1_wrapper/ps7_cortexa9_0/standalone_ps7_cortexa9_0/bsp/system.mss
TRACE::2025-03-11.00:44:58::SCWMssOS::bsp generated is upto date with the mss file. Skipping bsp generation.
TRACE::2025-03-11.00:44:58::SCWMssOS::BSP is already built. skipping the bsp build ... 
TRACE::2025-03-11.00:44:58::SCWDomain::Building the domain as part of full build :  standalone_ps7_cortexa9_0
TRACE::2025-03-11.00:44:58::SCWMssOS::skipping the bsp build ... 
TRACE::2025-03-11.00:44:58::SCWMssOS::Copying to export directory.
TRACE::2025-03-11.00:44:58::SCWMssOS:: Checking if to create the Supporting Applications
TRACE::2025-03-11.00:44:58::SCWMssOS:: No Linux domain exists, trying to generate FSBL 
TRACE::2025-03-11.00:44:58::SCWMssOS:: Completed Standalone Artifacts creation 
LOG::2025-03-11.00:44:58::SCWSystem::Completed Processing the domain standalone_ps7_cortexa9_0
LOG::2025-03-11.00:44:58::SCWSystem::Completed Processing the sysconfig design_1_wrapper
LOG::2025-03-11.00:44:58::SCWPlatform::Completed generating the artifacts for system configuration design_1_wrapper
TRACE::2025-03-11.00:44:58::SCWPlatform::Started preparing the platform 
TRACE::2025-03-11.00:44:58::SCWSystem::Writing the bif file for system config design_1_wrapper
TRACE::2025-03-11.00:44:58::SCWSystem::dir created 
TRACE::2025-03-11.00:44:58::SCWSystem::Writing the bif 
TRACE::2025-03-11.00:44:58::SCWPlatform::Started writing the spfm file 
TRACE::2025-03-11.00:44:58::SCWPlatform::Started writing the xpfm file 
TRACE::2025-03-11.00:44:58::SCWPlatform::Completed generating the platform
TRACE::2025-03-11.00:44:58::SCWMssOS::Saving the mss changes C:/Users/junoh/vivado23/DSD25_Termprj/00_RTL_Skeleton/workspace/design_1_wrapper/zynq_fsbl/zynq_fsbl_bsp/system.mss
TRACE::2025-03-11.00:44:58::SCWMssOS::Found a swdesign opened with the mssfile.
TRACE::2025-03-11.00:44:58::SCWMssOS::Completed writemss as part of save.
TRACE::2025-03-11.00:44:58::SCWMssOS::Commit changes completed.
TRACE::2025-03-11.00:44:58::SCWMssOS::Saving the mss changes C:/Users/junoh/vivado23/DSD25_Termprj/00_RTL_Skeleton/workspace/design_1_wrapper/ps7_cortexa9_0/standalone_ps7_cortexa9_0/bsp/system.mss
TRACE::2025-03-11.00:44:58::SCWMssOS::Found a swdesign opened with the mssfile.
TRACE::2025-03-11.00:44:58::SCWMssOS::Completed writemss as part of save.
TRACE::2025-03-11.00:44:58::SCWMssOS::Commit changes completed.
TRACE::2025-03-11.00:44:58::SCWPlatform::Trying to open the hw design at C:/Users/junoh/vivado23/DSD25_Termprj/00_RTL_Skeleton/workspace/design_1_wrapper/hw/design_1_wrapper.xsa
TRACE::2025-03-11.00:44:58::SCWPlatform::DSA given C:/Users/junoh/vivado23/DSD25_Termprj/00_RTL_Skeleton/workspace/design_1_wrapper/hw/design_1_wrapper.xsa
TRACE::2025-03-11.00:44:58::SCWPlatform::DSA absoulate path C:/Users/junoh/vivado23/DSD25_Termprj/00_RTL_Skeleton/workspace/design_1_wrapper/hw/design_1_wrapper.xsa
TRACE::2025-03-11.00:44:58::SCWPlatform::DSA directory C:/Users/junoh/vivado23/DSD25_Termprj/00_RTL_Skeleton/workspace/design_1_wrapper/hw
TRACE::2025-03-11.00:44:58::SCWPlatform:: Platform Path C:/Users/junoh/vivado23/DSD25_Termprj/00_RTL_Skeleton/workspace/design_1_wrapper/hw/design_1_wrapper.xsa
TRACE::2025-03-11.00:44:58::SCWPlatform:: Unique name xilinx:zybo-z7-20::0.0
TRACE::2025-03-11.00:44:58::SCWPlatform::Trying to set the existing hwdb with name design_1_wrapper_0
TRACE::2025-03-11.00:44:58::SCWPlatform::Opened existing hwdb design_1_wrapper_0
TRACE::2025-03-11.00:44:58::SCWPlatform::Found the Hw Db part of the input DSA
TRACE::2025-03-11.00:44:58::SCWMssOS::Checking the sw design at  C:/Users/junoh/vivado23/DSD25_Termprj/00_RTL_Skeleton/workspace/design_1_wrapper/zynq_fsbl/zynq_fsbl_bsp/system.mss
TRACE::2025-03-11.00:44:58::SCWMssOS::DEBUG:  swdes dump  C:/Users/junoh/vivado23/DSD25_Termprj/00_RTL_Skeleton/workspace/design_1_wrapper/ps7_cortexa9_0/standalone_ps7_cortexa9_0/bsp/system.mss|system_0||
C:/Users/junoh/vivado23/DSD25_Termprj/00_RTL_Skeleton/workspace/design_1_wrapper/zynq_fsbl/zynq_fsbl_bsp/system.mss|system||

TRACE::2025-03-11.00:44:58::SCWMssOS::Sw design exists and opened at  C:/Users/junoh/vivado23/DSD25_Termprj/00_RTL_Skeleton/workspace/design_1_wrapper/zynq_fsbl/zynq_fsbl_bsp/system.mss
TRACE::2025-03-11.00:44:58::SCWPlatform::Trying to open the hw design at C:/Users/junoh/vivado23/DSD25_Termprj/00_RTL_Skeleton/workspace/design_1_wrapper/hw/design_1_wrapper.xsa
TRACE::2025-03-11.00:44:58::SCWPlatform::DSA given C:/Users/junoh/vivado23/DSD25_Termprj/00_RTL_Skeleton/workspace/design_1_wrapper/hw/design_1_wrapper.xsa
TRACE::2025-03-11.00:44:58::SCWPlatform::DSA absoulate path C:/Users/junoh/vivado23/DSD25_Termprj/00_RTL_Skeleton/workspace/design_1_wrapper/hw/design_1_wrapper.xsa
TRACE::2025-03-11.00:44:58::SCWPlatform::DSA directory C:/Users/junoh/vivado23/DSD25_Termprj/00_RTL_Skeleton/workspace/design_1_wrapper/hw
TRACE::2025-03-11.00:44:58::SCWPlatform:: Platform Path C:/Users/junoh/vivado23/DSD25_Termprj/00_RTL_Skeleton/workspace/design_1_wrapper/hw/design_1_wrapper.xsa
TRACE::2025-03-11.00:44:58::SCWPlatform:: Unique name xilinx:zybo-z7-20::0.0
TRACE::2025-03-11.00:44:58::SCWPlatform::Trying to set the existing hwdb with name design_1_wrapper_0
TRACE::2025-03-11.00:44:58::SCWPlatform::Opened existing hwdb design_1_wrapper_0
TRACE::2025-03-11.00:44:58::SCWPlatform::Found the Hw Db part of the input DSA
TRACE::2025-03-11.00:44:58::SCWMssOS::Checking the sw design at  C:/Users/junoh/vivado23/DSD25_Termprj/00_RTL_Skeleton/workspace/design_1_wrapper/zynq_fsbl/zynq_fsbl_bsp/system.mss
TRACE::2025-03-11.00:44:58::SCWMssOS::DEBUG:  swdes dump  C:/Users/junoh/vivado23/DSD25_Termprj/00_RTL_Skeleton/workspace/design_1_wrapper/ps7_cortexa9_0/standalone_ps7_cortexa9_0/bsp/system.mss|system_0||
C:/Users/junoh/vivado23/DSD25_Termprj/00_RTL_Skeleton/workspace/design_1_wrapper/zynq_fsbl/zynq_fsbl_bsp/system.mss|system||

TRACE::2025-03-11.00:44:58::SCWMssOS::Sw design exists and opened at  C:/Users/junoh/vivado23/DSD25_Termprj/00_RTL_Skeleton/workspace/design_1_wrapper/zynq_fsbl/zynq_fsbl_bsp/system.mss
TRACE::2025-03-11.00:44:58::SCWPlatform::Trying to open the hw design at C:/Users/junoh/vivado23/DSD25_Termprj/00_RTL_Skeleton/workspace/design_1_wrapper/hw/design_1_wrapper.xsa
TRACE::2025-03-11.00:44:58::SCWPlatform::DSA given C:/Users/junoh/vivado23/DSD25_Termprj/00_RTL_Skeleton/workspace/design_1_wrapper/hw/design_1_wrapper.xsa
TRACE::2025-03-11.00:44:58::SCWPlatform::DSA absoulate path C:/Users/junoh/vivado23/DSD25_Termprj/00_RTL_Skeleton/workspace/design_1_wrapper/hw/design_1_wrapper.xsa
TRACE::2025-03-11.00:44:58::SCWPlatform::DSA directory C:/Users/junoh/vivado23/DSD25_Termprj/00_RTL_Skeleton/workspace/design_1_wrapper/hw
TRACE::2025-03-11.00:44:58::SCWPlatform:: Platform Path C:/Users/junoh/vivado23/DSD25_Termprj/00_RTL_Skeleton/workspace/design_1_wrapper/hw/design_1_wrapper.xsa
TRACE::2025-03-11.00:44:58::SCWPlatform:: Unique name xilinx:zybo-z7-20::0.0
TRACE::2025-03-11.00:44:58::SCWPlatform::Trying to set the existing hwdb with name design_1_wrapper_0
TRACE::2025-03-11.00:44:58::SCWPlatform::Opened existing hwdb design_1_wrapper_0
TRACE::2025-03-11.00:44:58::SCWPlatform::Found the Hw Db part of the input DSA
TRACE::2025-03-11.00:44:58::SCWMssOS::Checking the sw design at  C:/Users/junoh/vivado23/DSD25_Termprj/00_RTL_Skeleton/workspace/design_1_wrapper/zynq_fsbl/zynq_fsbl_bsp/system.mss
TRACE::2025-03-11.00:44:58::SCWMssOS::DEBUG:  swdes dump  C:/Users/junoh/vivado23/DSD25_Termprj/00_RTL_Skeleton/workspace/design_1_wrapper/ps7_cortexa9_0/standalone_ps7_cortexa9_0/bsp/system.mss|system_0||
C:/Users/junoh/vivado23/DSD25_Termprj/00_RTL_Skeleton/workspace/design_1_wrapper/zynq_fsbl/zynq_fsbl_bsp/system.mss|system||

TRACE::2025-03-11.00:44:58::SCWMssOS::Sw design exists and opened at  C:/Users/junoh/vivado23/DSD25_Termprj/00_RTL_Skeleton/workspace/design_1_wrapper/zynq_fsbl/zynq_fsbl_bsp/system.mss
TRACE::2025-03-11.00:44:58::SCWPlatform::Trying to open the hw design at C:/Users/junoh/vivado23/DSD25_Termprj/00_RTL_Skeleton/workspace/design_1_wrapper/hw/design_1_wrapper.xsa
TRACE::2025-03-11.00:44:58::SCWPlatform::DSA given C:/Users/junoh/vivado23/DSD25_Termprj/00_RTL_Skeleton/workspace/design_1_wrapper/hw/design_1_wrapper.xsa
TRACE::2025-03-11.00:44:58::SCWPlatform::DSA absoulate path C:/Users/junoh/vivado23/DSD25_Termprj/00_RTL_Skeleton/workspace/design_1_wrapper/hw/design_1_wrapper.xsa
TRACE::2025-03-11.00:44:58::SCWPlatform::DSA directory C:/Users/junoh/vivado23/DSD25_Termprj/00_RTL_Skeleton/workspace/design_1_wrapper/hw
TRACE::2025-03-11.00:44:58::SCWPlatform:: Platform Path C:/Users/junoh/vivado23/DSD25_Termprj/00_RTL_Skeleton/workspace/design_1_wrapper/hw/design_1_wrapper.xsa
TRACE::2025-03-11.00:44:58::SCWPlatform:: Unique name xilinx:zybo-z7-20::0.0
TRACE::2025-03-11.00:44:58::SCWPlatform::Trying to set the existing hwdb with name design_1_wrapper_0
TRACE::2025-03-11.00:44:58::SCWPlatform::Opened existing hwdb design_1_wrapper_0
TRACE::2025-03-11.00:44:58::SCWPlatform::Found the Hw Db part of the input DSA
TRACE::2025-03-11.00:44:58::SCWMssOS::Checking the sw design at  C:/Users/junoh/vivado23/DSD25_Termprj/00_RTL_Skeleton/workspace/design_1_wrapper/ps7_cortexa9_0/standalone_ps7_cortexa9_0/bsp/system.mss
TRACE::2025-03-11.00:44:58::SCWMssOS::DEBUG:  swdes dump  C:/Users/junoh/vivado23/DSD25_Termprj/00_RTL_Skeleton/workspace/design_1_wrapper/ps7_cortexa9_0/standalone_ps7_cortexa9_0/bsp/system.mss|system_0||
C:/Users/junoh/vivado23/DSD25_Termprj/00_RTL_Skeleton/workspace/design_1_wrapper/zynq_fsbl/zynq_fsbl_bsp/system.mss|system||

TRACE::2025-03-11.00:44:58::SCWMssOS::Sw design exists and opened at  C:/Users/junoh/vivado23/DSD25_Termprj/00_RTL_Skeleton/workspace/design_1_wrapper/ps7_cortexa9_0/standalone_ps7_cortexa9_0/bsp/system.mss
TRACE::2025-03-11.00:44:58::SCWPlatform::Trying to open the hw design at C:/Users/junoh/vivado23/DSD25_Termprj/00_RTL_Skeleton/workspace/design_1_wrapper/hw/design_1_wrapper.xsa
TRACE::2025-03-11.00:44:58::SCWPlatform::DSA given C:/Users/junoh/vivado23/DSD25_Termprj/00_RTL_Skeleton/workspace/design_1_wrapper/hw/design_1_wrapper.xsa
TRACE::2025-03-11.00:44:58::SCWPlatform::DSA absoulate path C:/Users/junoh/vivado23/DSD25_Termprj/00_RTL_Skeleton/workspace/design_1_wrapper/hw/design_1_wrapper.xsa
TRACE::2025-03-11.00:44:58::SCWPlatform::DSA directory C:/Users/junoh/vivado23/DSD25_Termprj/00_RTL_Skeleton/workspace/design_1_wrapper/hw
TRACE::2025-03-11.00:44:58::SCWPlatform:: Platform Path C:/Users/junoh/vivado23/DSD25_Termprj/00_RTL_Skeleton/workspace/design_1_wrapper/hw/design_1_wrapper.xsa
TRACE::2025-03-11.00:44:58::SCWPlatform:: Unique name xilinx:zybo-z7-20::0.0
TRACE::2025-03-11.00:44:58::SCWPlatform::Trying to set the existing hwdb with name design_1_wrapper_0
TRACE::2025-03-11.00:44:58::SCWPlatform::Opened existing hwdb design_1_wrapper_0
TRACE::2025-03-11.00:44:58::SCWPlatform::Found the Hw Db part of the input DSA
TRACE::2025-03-11.00:44:58::SCWMssOS::Checking the sw design at  C:/Users/junoh/vivado23/DSD25_Termprj/00_RTL_Skeleton/workspace/design_1_wrapper/ps7_cortexa9_0/standalone_ps7_cortexa9_0/bsp/system.mss
TRACE::2025-03-11.00:44:58::SCWMssOS::DEBUG:  swdes dump  C:/Users/junoh/vivado23/DSD25_Termprj/00_RTL_Skeleton/workspace/design_1_wrapper/ps7_cortexa9_0/standalone_ps7_cortexa9_0/bsp/system.mss|system_0||
C:/Users/junoh/vivado23/DSD25_Termprj/00_RTL_Skeleton/workspace/design_1_wrapper/zynq_fsbl/zynq_fsbl_bsp/system.mss|system||

TRACE::2025-03-11.00:44:58::SCWMssOS::Sw design exists and opened at  C:/Users/junoh/vivado23/DSD25_Termprj/00_RTL_Skeleton/workspace/design_1_wrapper/ps7_cortexa9_0/standalone_ps7_cortexa9_0/bsp/system.mss
TRACE::2025-03-11.00:44:58::SCWPlatform::Trying to open the hw design at C:/Users/junoh/vivado23/DSD25_Termprj/00_RTL_Skeleton/workspace/design_1_wrapper/hw/design_1_wrapper.xsa
TRACE::2025-03-11.00:44:58::SCWPlatform::DSA given C:/Users/junoh/vivado23/DSD25_Termprj/00_RTL_Skeleton/workspace/design_1_wrapper/hw/design_1_wrapper.xsa
TRACE::2025-03-11.00:44:58::SCWPlatform::DSA absoulate path C:/Users/junoh/vivado23/DSD25_Termprj/00_RTL_Skeleton/workspace/design_1_wrapper/hw/design_1_wrapper.xsa
TRACE::2025-03-11.00:44:58::SCWPlatform::DSA directory C:/Users/junoh/vivado23/DSD25_Termprj/00_RTL_Skeleton/workspace/design_1_wrapper/hw
TRACE::2025-03-11.00:44:58::SCWPlatform:: Platform Path C:/Users/junoh/vivado23/DSD25_Termprj/00_RTL_Skeleton/workspace/design_1_wrapper/hw/design_1_wrapper.xsa
TRACE::2025-03-11.00:44:58::SCWPlatform:: Unique name xilinx:zybo-z7-20::0.0
TRACE::2025-03-11.00:44:58::SCWPlatform::Trying to set the existing hwdb with name design_1_wrapper_0
TRACE::2025-03-11.00:44:58::SCWPlatform::Opened existing hwdb design_1_wrapper_0
TRACE::2025-03-11.00:44:58::SCWPlatform::Found the Hw Db part of the input DSA
TRACE::2025-03-11.00:44:58::SCWMssOS::Checking the sw design at  C:/Users/junoh/vivado23/DSD25_Termprj/00_RTL_Skeleton/workspace/design_1_wrapper/ps7_cortexa9_0/standalone_ps7_cortexa9_0/bsp/system.mss
TRACE::2025-03-11.00:44:58::SCWMssOS::DEBUG:  swdes dump  C:/Users/junoh/vivado23/DSD25_Termprj/00_RTL_Skeleton/workspace/design_1_wrapper/ps7_cortexa9_0/standalone_ps7_cortexa9_0/bsp/system.mss|system_0||
C:/Users/junoh/vivado23/DSD25_Termprj/00_RTL_Skeleton/workspace/design_1_wrapper/zynq_fsbl/zynq_fsbl_bsp/system.mss|system||

TRACE::2025-03-11.00:44:58::SCWMssOS::Sw design exists and opened at  C:/Users/junoh/vivado23/DSD25_Termprj/00_RTL_Skeleton/workspace/design_1_wrapper/ps7_cortexa9_0/standalone_ps7_cortexa9_0/bsp/system.mss
TRACE::2025-03-11.00:44:58::SCWWriter::formatted JSON is {
	"platformName":	"design_1_wrapper",
	"sprVersion":	"2.0",
	"mode":	"gui",
	"dsaType":	"Fixed",
	"platformDesc":	"design_1_wrapper",
	"platHandOff":	"C:/Users/junoh/vivado23/DSD25_Termprj/00_RTL_Skeleton/design_1_wrapper.xsa",
	"platIntHandOff":	"<platformDir>/hw/design_1_wrapper.xsa",
	"deviceType":	"zynq",
	"platIsPrebuiltAutogen":	"false",
	"platIsNoBootBsp":	"false",
	"platFsblTarget":	"ps7_cortexa9_0",
	"hasFsblMakeHasChanges":	"false",
	"hasPmufwMakeHasChanges":	"false",
	"fsblExtraCompilerFlags":	"-MMD -MP       -mcpu=cortex-a9 -mfpu=vfpv3 -mfloat-abi=hard ",
	"platPreBuiltFlag":	false,
	"platformSamplesDir":	"",
	"platActiveSys":	"design_1_wrapper",
	"systems":	[{
			"systemName":	"design_1_wrapper",
			"systemDesc":	"design_1_wrapper",
			"sysIsBootAutoGen":	"true",
			"systemDispName":	"design_1_wrapper",
			"sysActiveDom":	"standalone_ps7_cortexa9_0",
			"sysDefaultDom":	"standalone_ps7_cortexa9_0",
			"domains":	[{
					"domainName":	"zynq_fsbl",
					"domainDispName":	"zynq_fsbl",
					"domainDesc":	"FSBL Application BSP - Auto Generated.",
					"processors":	"ps7_cortexa9_0",
					"os":	"standalone",
					"sdxOs":	"standalone",
					"debugEnable":	"",
					"domRuntimes":	["cpp"],
					"swRepo":	"",
					"mssOsVer":	"8.1",
					"mssFile":	"",
					"md5Digest":	"18db037d21630273c43c35eef454af04",
					"compatibleApp":	"zynq_fsbl",
					"domType":	"bootDomain",
					"arch":	"32-bit",
					"appSettings":	{
						"appCompilerFlags":	"",
						"appLinkerFlags":	""
					},
					"addedLibs":	["xilffs:5.0", "xilrsa:1.6"],
					"libOptions":	{
						"libsContainingOptions":	[]
					},
					"prebuiltLibs":	{
						"prebuiltIncPath":	[],
						"prebuiltLibPath":	[]
					},
					"isolation":	{
					}
				}, {
					"domainName":	"standalone_ps7_cortexa9_0",
					"domainDispName":	"standalone_ps7_cortexa9_0",
					"domainDesc":	"standalone_ps7_cortexa9_0",
					"processors":	"ps7_cortexa9_0",
					"os":	"standalone",
					"sdxOs":	"standalone",
					"qemuArgs":	"<platformDir>/resources/design_1_wrapper/standalone_ps7_cortexa9_0/qemu_args.txt",
					"qemuData":	"<platformDir>/resources/design_1_wrapper/standalone_ps7_cortexa9_0/qemu",
					"debugEnable":	"False",
					"domRuntimes":	["cpp"],
					"swRepo":	"",
					"mssOsVer":	"8.1",
					"mssFile":	"",
					"md5Digest":	"f90644cd625b505de1ada2b5ad5e2e1f",
					"compatibleApp":	"hello_world",
					"domType":	"mssDomain",
					"arch":	"32-bit",
					"appSettings":	{
						"appCompilerFlags":	"",
						"appLinkerFlags":	""
					},
					"addedLibs":	[],
					"libOptions":	{
						"libsContainingOptions":	[]
					},
					"prebuiltLibs":	{
						"prebuiltIncPath":	[],
						"prebuiltLibPath":	[]
					},
					"isolation":	{
					}
				}]
		}]
}
KEYINFO::2025-03-11.00:44:58::SCWPlatform::updated the xpfm file.
LOG::2025-03-11.00:45:23::SCWPlatform::Started generating the artifacts platform design_1_wrapper
TRACE::2025-03-11.00:45:23::SCWPlatform::Sanity checking of platform is completed
LOG::2025-03-11.00:45:23::SCWPlatform::Started generating the artifacts for system configuration design_1_wrapper
LOG::2025-03-11.00:45:23::SCWSystem::Checking the domain zynq_fsbl
LOG::2025-03-11.00:45:23::SCWSystem::Doing application build for :  zynq_fsbl
TRACE::2025-03-11.00:45:23::SCWBDomain::Not a forced makefile updation, No changes are present. 
TRACE::2025-03-11.00:45:23::SCWDomain::Building the domain as part of full build :  zynq_fsbl
TRACE::2025-03-11.00:45:23::SCWPlatform::Trying to open the hw design at C:/Users/junoh/vivado23/DSD25_Termprj/00_RTL_Skeleton/workspace/design_1_wrapper/hw/design_1_wrapper.xsa
TRACE::2025-03-11.00:45:23::SCWPlatform::DSA given C:/Users/junoh/vivado23/DSD25_Termprj/00_RTL_Skeleton/workspace/design_1_wrapper/hw/design_1_wrapper.xsa
TRACE::2025-03-11.00:45:23::SCWPlatform::DSA absoulate path C:/Users/junoh/vivado23/DSD25_Termprj/00_RTL_Skeleton/workspace/design_1_wrapper/hw/design_1_wrapper.xsa
TRACE::2025-03-11.00:45:23::SCWPlatform::DSA directory C:/Users/junoh/vivado23/DSD25_Termprj/00_RTL_Skeleton/workspace/design_1_wrapper/hw
TRACE::2025-03-11.00:45:23::SCWPlatform:: Platform Path C:/Users/junoh/vivado23/DSD25_Termprj/00_RTL_Skeleton/workspace/design_1_wrapper/hw/design_1_wrapper.xsa
TRACE::2025-03-11.00:45:23::SCWPlatform:: Unique name xilinx:zybo-z7-20::0.0
TRACE::2025-03-11.00:45:23::SCWPlatform::Trying to set the existing hwdb with name design_1_wrapper_0
TRACE::2025-03-11.00:45:23::SCWPlatform::Opened existing hwdb design_1_wrapper_0
TRACE::2025-03-11.00:45:23::SCWPlatform::Found the Hw Db part of the input DSA
TRACE::2025-03-11.00:45:23::SCWMssOS::Checking the sw design at  C:/Users/junoh/vivado23/DSD25_Termprj/00_RTL_Skeleton/workspace/design_1_wrapper/zynq_fsbl/zynq_fsbl_bsp/system.mss
TRACE::2025-03-11.00:45:23::SCWMssOS::DEBUG:  swdes dump  C:/Users/junoh/vivado23/DSD25_Termprj/00_RTL_Skeleton/workspace/design_1_wrapper/ps7_cortexa9_0/standalone_ps7_cortexa9_0/bsp/system.mss|system_0||
C:/Users/junoh/vivado23/DSD25_Termprj/00_RTL_Skeleton/workspace/design_1_wrapper/zynq_fsbl/zynq_fsbl_bsp/system.mss|system||

TRACE::2025-03-11.00:45:23::SCWMssOS::Sw design exists and opened at  C:/Users/junoh/vivado23/DSD25_Termprj/00_RTL_Skeleton/workspace/design_1_wrapper/zynq_fsbl/zynq_fsbl_bsp/system.mss
TRACE::2025-03-11.00:45:23::SCWBDomain::Completed writing the mss file at C:/Users/junoh/vivado23/DSD25_Termprj/00_RTL_Skeleton/workspace/design_1_wrapper/zynq_fsbl/zynq_fsbl_bsp
TRACE::2025-03-11.00:45:23::SCWBDomain::bsp generated is upto date with the mss file. Skipping bsp generation.
TRACE::2025-03-11.00:45:23::SCWBDomain::Not a forced makefile updation, No changes are present. 
TRACE::2025-03-11.00:45:23::SCWBDomain::System Command Ran  C:&  cd  C:/Users/junoh/vivado23/DSD25_Termprj/00_RTL_Skeleton/workspace/design_1_wrapper/zynq_fsbl& make -C  zynq_fsbl_bsp & make 
TRACE::2025-03-11.00:45:23::SCWBDomain::make: Entering directory 'C:/Users/junoh/vivado23/DSD25_Termprj/00_RTL_Skeleton/workspace/design_1_wrapper/zynq_fsbl/zynq_fsbl_
TRACE::2025-03-11.00:45:23::SCWBDomain::bsp'

TRACE::2025-03-11.00:45:23::SCWBDomain::make --no-print-directory seq_libs

TRACE::2025-03-11.00:45:23::SCWBDomain::"Running Make include in ps7_cortexa9_0/libsrc/bram_v4_8/src"

TRACE::2025-03-11.00:45:23::SCWBDomain::make -C ps7_cortexa9_0/libsrc/bram_v4_8/src -s include  "SHELL=CMD" "COMPILER=arm-none-eabi-gcc" "ASSEMBLER=arm-none-eabi-as" "
TRACE::2025-03-11.00:45:23::SCWBDomain::ARCHIVER=arm-none-eabi-ar" "COMPILER_FLAGS=  -O2 -c" "EXTRA_COMPILER_FLAGS=-mcpu=cortex-a9 -mfpu=vfpv3 -mfloat-abi=hard -nostar
TRACE::2025-03-11.00:45:23::SCWBDomain::tfiles -g -Wall -Wextra -fno-tree-loop-distribute-patterns"

TRACE::2025-03-11.00:45:23::SCWBDomain::"Running Make include in ps7_cortexa9_0/libsrc/coresightps_dcc_v1_8/src"

TRACE::2025-03-11.00:45:23::SCWBDomain::make -C ps7_cortexa9_0/libsrc/coresightps_dcc_v1_8/src -s include  "SHELL=CMD" "COMPILER=arm-none-eabi-gcc" "ASSEMBLER=arm-none
TRACE::2025-03-11.00:45:23::SCWBDomain::-eabi-as" "ARCHIVER=arm-none-eabi-ar" "COMPILER_FLAGS=  -O2 -c" "EXTRA_COMPILER_FLAGS=-mcpu=cortex-a9 -mfpu=vfpv3 -mfloat-abi=h
TRACE::2025-03-11.00:45:23::SCWBDomain::ard -nostartfiles -g -Wall -Wextra -fno-tree-loop-distribute-patterns"

TRACE::2025-03-11.00:45:23::SCWBDomain::"Running Make include in ps7_cortexa9_0/libsrc/cpu_cortexa9_v2_11/src"

TRACE::2025-03-11.00:45:23::SCWBDomain::make -C ps7_cortexa9_0/libsrc/cpu_cortexa9_v2_11/src -s include  "SHELL=CMD" "COMPILER=arm-none-eabi-gcc" "ASSEMBLER=arm-none-e
TRACE::2025-03-11.00:45:23::SCWBDomain::abi-as" "ARCHIVER=arm-none-eabi-ar" "COMPILER_FLAGS=  -O2 -c" "EXTRA_COMPILER_FLAGS=-mcpu=cortex-a9 -mfpu=vfpv3 -mfloat-abi=har
TRACE::2025-03-11.00:45:23::SCWBDomain::d -nostartfiles -g -Wall -Wextra -fno-tree-loop-distribute-patterns"

TRACE::2025-03-11.00:45:23::SCWBDomain::"Running Make include in ps7_cortexa9_0/libsrc/ddrps_v1_2/src"

TRACE::2025-03-11.00:45:23::SCWBDomain::make -C ps7_cortexa9_0/libsrc/ddrps_v1_2/src -s include  "SHELL=CMD" "COMPILER=arm-none-eabi-gcc" "ASSEMBLER=arm-none-eabi-as" 
TRACE::2025-03-11.00:45:23::SCWBDomain::"ARCHIVER=arm-none-eabi-ar" "COMPILER_FLAGS=  -O2 -c" "EXTRA_COMPILER_FLAGS=-mcpu=cortex-a9 -mfpu=vfpv3 -mfloat-abi=hard -nosta
TRACE::2025-03-11.00:45:23::SCWBDomain::rtfiles -g -Wall -Wextra -fno-tree-loop-distribute-patterns"

TRACE::2025-03-11.00:45:23::SCWBDomain::"Running Make include in ps7_cortexa9_0/libsrc/devcfg_v3_7/src"

TRACE::2025-03-11.00:45:23::SCWBDomain::make -C ps7_cortexa9_0/libsrc/devcfg_v3_7/src -s include  "SHELL=CMD" "COMPILER=arm-none-eabi-gcc" "ASSEMBLER=arm-none-eabi-as"
TRACE::2025-03-11.00:45:23::SCWBDomain:: "ARCHIVER=arm-none-eabi-ar" "COMPILER_FLAGS=  -O2 -c" "EXTRA_COMPILER_FLAGS=-mcpu=cortex-a9 -mfpu=vfpv3 -mfloat-abi=hard -nost
TRACE::2025-03-11.00:45:23::SCWBDomain::artfiles -g -Wall -Wextra -fno-tree-loop-distribute-patterns"

TRACE::2025-03-11.00:45:24::SCWBDomain::"Running Make include in ps7_cortexa9_0/libsrc/dmaps_v2_8/src"

TRACE::2025-03-11.00:45:24::SCWBDomain::make -C ps7_cortexa9_0/libsrc/dmaps_v2_8/src -s include  "SHELL=CMD" "COMPILER=arm-none-eabi-gcc" "ASSEMBLER=arm-none-eabi-as" 
TRACE::2025-03-11.00:45:24::SCWBDomain::"ARCHIVER=arm-none-eabi-ar" "COMPILER_FLAGS=  -O2 -c" "EXTRA_COMPILER_FLAGS=-mcpu=cortex-a9 -mfpu=vfpv3 -mfloat-abi=hard -nosta
TRACE::2025-03-11.00:45:24::SCWBDomain::rtfiles -g -Wall -Wextra -fno-tree-loop-distribute-patterns"

TRACE::2025-03-11.00:45:24::SCWBDomain::"Running Make include in ps7_cortexa9_0/libsrc/gpiops_v3_11/src"

TRACE::2025-03-11.00:45:24::SCWBDomain::make -C ps7_cortexa9_0/libsrc/gpiops_v3_11/src -s include  "SHELL=CMD" "COMPILER=arm-none-eabi-gcc" "ASSEMBLER=arm-none-eabi-as
TRACE::2025-03-11.00:45:24::SCWBDomain::" "ARCHIVER=arm-none-eabi-ar" "COMPILER_FLAGS=  -O2 -c" "EXTRA_COMPILER_FLAGS=-mcpu=cortex-a9 -mfpu=vfpv3 -mfloat-abi=hard -nos
TRACE::2025-03-11.00:45:24::SCWBDomain::tartfiles -g -Wall -Wextra -fno-tree-loop-distribute-patterns"

TRACE::2025-03-11.00:45:24::SCWBDomain::"Running Make include in ps7_cortexa9_0/libsrc/scugic_v5_1/src"

TRACE::2025-03-11.00:45:24::SCWBDomain::make -C ps7_cortexa9_0/libsrc/scugic_v5_1/src -s include  "SHELL=CMD" "COMPILER=arm-none-eabi-gcc" "ASSEMBLER=arm-none-eabi-as"
TRACE::2025-03-11.00:45:24::SCWBDomain:: "ARCHIVER=arm-none-eabi-ar" "COMPILER_FLAGS=  -O2 -c" "EXTRA_COMPILER_FLAGS=-mcpu=cortex-a9 -mfpu=vfpv3 -mfloat-abi=hard -nost
TRACE::2025-03-11.00:45:24::SCWBDomain::artfiles -g -Wall -Wextra -fno-tree-loop-distribute-patterns"

TRACE::2025-03-11.00:45:24::SCWBDomain::"Running Make include in ps7_cortexa9_0/libsrc/scutimer_v2_4/src"

TRACE::2025-03-11.00:45:24::SCWBDomain::make -C ps7_cortexa9_0/libsrc/scutimer_v2_4/src -s include  "SHELL=CMD" "COMPILER=arm-none-eabi-gcc" "ASSEMBLER=arm-none-eabi-a
TRACE::2025-03-11.00:45:24::SCWBDomain::s" "ARCHIVER=arm-none-eabi-ar" "COMPILER_FLAGS=  -O2 -c" "EXTRA_COMPILER_FLAGS=-mcpu=cortex-a9 -mfpu=vfpv3 -mfloat-abi=hard -no
TRACE::2025-03-11.00:45:24::SCWBDomain::startfiles -g -Wall -Wextra -fno-tree-loop-distribute-patterns"

TRACE::2025-03-11.00:45:24::SCWBDomain::"Running Make include in ps7_cortexa9_0/libsrc/scuwdt_v2_4/src"

TRACE::2025-03-11.00:45:24::SCWBDomain::make -C ps7_cortexa9_0/libsrc/scuwdt_v2_4/src -s include  "SHELL=CMD" "COMPILER=arm-none-eabi-gcc" "ASSEMBLER=arm-none-eabi-as"
TRACE::2025-03-11.00:45:24::SCWBDomain:: "ARCHIVER=arm-none-eabi-ar" "COMPILER_FLAGS=  -O2 -c" "EXTRA_COMPILER_FLAGS=-mcpu=cortex-a9 -mfpu=vfpv3 -mfloat-abi=hard -nost
TRACE::2025-03-11.00:45:24::SCWBDomain::artfiles -g -Wall -Wextra -fno-tree-loop-distribute-patterns"

TRACE::2025-03-11.00:45:24::SCWBDomain::"Running Make include in ps7_cortexa9_0/libsrc/standalone_v8_1/src"

TRACE::2025-03-11.00:45:24::SCWBDomain::make -C ps7_cortexa9_0/libsrc/standalone_v8_1/src -s include  "SHELL=CMD" "COMPILER=arm-none-eabi-gcc" "ASSEMBLER=arm-none-eabi
TRACE::2025-03-11.00:45:24::SCWBDomain::-as" "ARCHIVER=arm-none-eabi-ar" "COMPILER_FLAGS=  -O2 -c" "EXTRA_COMPILER_FLAGS=-mcpu=cortex-a9 -mfpu=vfpv3 -mfloat-abi=hard -
TRACE::2025-03-11.00:45:24::SCWBDomain::nostartfiles -g -Wall -Wextra -fno-tree-loop-distribute-patterns"

TRACE::2025-03-11.00:45:25::SCWBDomain::"Running Make include in ps7_cortexa9_0/libsrc/uartps_v3_12/src"

TRACE::2025-03-11.00:45:25::SCWBDomain::make -C ps7_cortexa9_0/libsrc/uartps_v3_12/src -s include  "SHELL=CMD" "COMPILER=arm-none-eabi-gcc" "ASSEMBLER=arm-none-eabi-as
TRACE::2025-03-11.00:45:25::SCWBDomain::" "ARCHIVER=arm-none-eabi-ar" "COMPILER_FLAGS=  -O2 -c" "EXTRA_COMPILER_FLAGS=-mcpu=cortex-a9 -mfpu=vfpv3 -mfloat-abi=hard -nos
TRACE::2025-03-11.00:45:25::SCWBDomain::tartfiles -g -Wall -Wextra -fno-tree-loop-distribute-patterns"

TRACE::2025-03-11.00:45:25::SCWBDomain::"Running Make include in ps7_cortexa9_0/libsrc/xadcps_v2_6/src"

TRACE::2025-03-11.00:45:25::SCWBDomain::make -C ps7_cortexa9_0/libsrc/xadcps_v2_6/src -s include  "SHELL=CMD" "COMPILER=arm-none-eabi-gcc" "ASSEMBLER=arm-none-eabi-as"
TRACE::2025-03-11.00:45:25::SCWBDomain:: "ARCHIVER=arm-none-eabi-ar" "COMPILER_FLAGS=  -O2 -c" "EXTRA_COMPILER_FLAGS=-mcpu=cortex-a9 -mfpu=vfpv3 -mfloat-abi=hard -nost
TRACE::2025-03-11.00:45:25::SCWBDomain::artfiles -g -Wall -Wextra -fno-tree-loop-distribute-patterns"

TRACE::2025-03-11.00:45:26::SCWBDomain::"Running Make include in ps7_cortexa9_0/libsrc/xilffs_v5_0/src"

TRACE::2025-03-11.00:45:26::SCWBDomain::make -C ps7_cortexa9_0/libsrc/xilffs_v5_0/src -s include  "SHELL=CMD" "COMPILER=arm-none-eabi-gcc" "ASSEMBLER=arm-none-eabi-as"
TRACE::2025-03-11.00:45:26::SCWBDomain:: "ARCHIVER=arm-none-eabi-ar" "COMPILER_FLAGS=  -O2 -c" "EXTRA_COMPILER_FLAGS=-mcpu=cortex-a9 -mfpu=vfpv3 -mfloat-abi=hard -nost
TRACE::2025-03-11.00:45:26::SCWBDomain::artfiles -g -Wall -Wextra -fno-tree-loop-distribute-patterns"

TRACE::2025-03-11.00:45:26::SCWBDomain::"Running Make include in ps7_cortexa9_0/libsrc/xilrsa_v1_6/src"

TRACE::2025-03-11.00:45:26::SCWBDomain::make -C ps7_cortexa9_0/libsrc/xilrsa_v1_6/src -s include  "SHELL=CMD" "COMPILER=arm-none-eabi-gcc" "ASSEMBLER=arm-none-eabi-as"
TRACE::2025-03-11.00:45:26::SCWBDomain:: "ARCHIVER=arm-none-eabi-ar" "COMPILER_FLAGS=  -O2 -c" "EXTRA_COMPILER_FLAGS=-mcpu=cortex-a9 -mfpu=vfpv3 -mfloat-abi=hard -nost
TRACE::2025-03-11.00:45:26::SCWBDomain::artfiles -g -Wall -Wextra -fno-tree-loop-distribute-patterns"

TRACE::2025-03-11.00:45:26::SCWBDomain::"Running Make libs in ps7_cortexa9_0/libsrc/xilrsa_v1_6/src"

TRACE::2025-03-11.00:45:26::SCWBDomain::make -C ps7_cortexa9_0/libsrc/xilrsa_v1_6/src -s libs  "SHELL=CMD" "COMPILER=arm-none-eabi-gcc" "ASSEMBLER=arm-none-eabi-as" "A
TRACE::2025-03-11.00:45:26::SCWBDomain::RCHIVER=arm-none-eabi-ar" "COMPILER_FLAGS=  -O2 -c" "EXTRA_COMPILER_FLAGS=-mcpu=cortex-a9 -mfpu=vfpv3 -mfloat-abi=hard -nostart
TRACE::2025-03-11.00:45:26::SCWBDomain::files -g -Wall -Wextra -fno-tree-loop-distribute-patterns"

TRACE::2025-03-11.00:45:26::SCWBDomain::'Finished building libraries sequentially.'

TRACE::2025-03-11.00:45:26::SCWBDomain::make -j 10 --no-print-directory par_libs

TRACE::2025-03-11.00:45:26::SCWBDomain::"Running Make include in ps7_cortexa9_0/libsrc/bram_v4_8/src"

TRACE::2025-03-11.00:45:26::SCWBDomain::make -C ps7_cortexa9_0/libsrc/bram_v4_8/src -s include  "SHELL=CMD" "COMPILER=arm-none-eabi-gcc" "ASSEMBLER=arm-none-eabi-as" "
TRACE::2025-03-11.00:45:26::SCWBDomain::ARCHIVER=arm-none-eabi-ar" "COMPILER_FLAGS=  -O2 -c" "EXTRA_COMPILER_FLAGS=-mcpu=cortex-a9 -mfpu=vfpv3 -mfloat-abi=hard -nostar
TRACE::2025-03-11.00:45:26::SCWBDomain::tfiles -g -Wall -Wextra -fno-tree-loop-distribute-patterns"

TRACE::2025-03-11.00:45:26::SCWBDomain::"Running Make include in ps7_cortexa9_0/libsrc/coresightps_dcc_v1_8/src"

TRACE::2025-03-11.00:45:26::SCWBDomain::make -C ps7_cortexa9_0/libsrc/coresightps_dcc_v1_8/src -s include  "SHELL=CMD" "COMPILER=arm-none-eabi-gcc" "ASSEMBLER=arm-none
TRACE::2025-03-11.00:45:26::SCWBDomain::-eabi-as" "ARCHIVER=arm-none-eabi-ar" "COMPILER_FLAGS=  -O2 -c" "EXTRA_COMPILER_FLAGS=-mcpu=cortex-a9 -mfpu=vfpv3 -mfloat-abi=h
TRACE::2025-03-11.00:45:26::SCWBDomain::ard -nostartfiles -g -Wall -Wextra -fno-tree-loop-distribute-patterns"

TRACE::2025-03-11.00:45:26::SCWBDomain::"Running Make include in ps7_cortexa9_0/libsrc/cpu_cortexa9_v2_11/src"

TRACE::2025-03-11.00:45:26::SCWBDomain::make -C ps7_cortexa9_0/libsrc/cpu_cortexa9_v2_11/src -s include  "SHELL=CMD" "COMPILER=arm-none-eabi-gcc" "ASSEMBLER=arm-none-e
TRACE::2025-03-11.00:45:26::SCWBDomain::abi-as" "ARCHIVER=arm-none-eabi-ar" "COMPILER_FLAGS=  -O2 -c" "EXTRA_COMPILER_FLAGS=-mcpu=cortex-a9 -mfpu=vfpv3 -mfloat-abi=har
TRACE::2025-03-11.00:45:26::SCWBDomain::d -nostartfiles -g -Wall -Wextra -fno-tree-loop-distribute-patterns"

TRACE::2025-03-11.00:45:26::SCWBDomain::"Running Make include in ps7_cortexa9_0/libsrc/ddrps_v1_2/src"

TRACE::2025-03-11.00:45:26::SCWBDomain::make -C ps7_cortexa9_0/libsrc/ddrps_v1_2/src -s include  "SHELL=CMD" "COMPILER=arm-none-eabi-gcc" "ASSEMBLER=arm-none-eabi-as" 
TRACE::2025-03-11.00:45:26::SCWBDomain::"ARCHIVER=arm-none-eabi-ar" "COMPILER_FLAGS=  -O2 -c" "EXTRA_COMPILER_FLAGS=-mcpu=cortex-a9 -mfpu=vfpv3 -mfloat-abi=hard -nosta
TRACE::2025-03-11.00:45:26::SCWBDomain::rtfiles -g -Wall -Wextra -fno-tree-loop-distribute-patterns"

TRACE::2025-03-11.00:45:26::SCWBDomain::"Running Make include in ps7_cortexa9_0/libsrc/devcfg_v3_7/src"

TRACE::2025-03-11.00:45:26::SCWBDomain::make -C ps7_cortexa9_0/libsrc/devcfg_v3_7/src -s include  "SHELL=CMD" "COMPILER=arm-none-eabi-gcc" "ASSEMBLER=arm-none-eabi-as"
TRACE::2025-03-11.00:45:26::SCWBDomain:: "ARCHIVER=arm-none-eabi-ar" "COMPILER_FLAGS=  -O2 -c" "EXTRA_COMPILER_FLAGS=-mcpu=cortex-a9 -mfpu=vfpv3 -mfloat-abi=hard -nost
TRACE::2025-03-11.00:45:26::SCWBDomain::artfiles -g -Wall -Wextra -fno-tree-loop-distribute-patterns"

TRACE::2025-03-11.00:45:26::SCWBDomain::"Running Make include in ps7_cortexa9_0/libsrc/dmaps_v2_8/src"

TRACE::2025-03-11.00:45:26::SCWBDomain::make -C ps7_cortexa9_0/libsrc/dmaps_v2_8/src -s include  "SHELL=CMD" "COMPILER=arm-none-eabi-gcc" "ASSEMBLER=arm-none-eabi-as" 
TRACE::2025-03-11.00:45:26::SCWBDomain::"ARCHIVER=arm-none-eabi-ar" "COMPILER_FLAGS=  -O2 -c" "EXTRA_COMPILER_FLAGS=-mcpu=cortex-a9 -mfpu=vfpv3 -mfloat-abi=hard -nosta
TRACE::2025-03-11.00:45:26::SCWBDomain::rtfiles -g -Wall -Wextra -fno-tree-loop-distribute-patterns"

TRACE::2025-03-11.00:45:26::SCWBDomain::"Running Make include in ps7_cortexa9_0/libsrc/gpiops_v3_11/src"

TRACE::2025-03-11.00:45:26::SCWBDomain::make -C ps7_cortexa9_0/libsrc/gpiops_v3_11/src -s include  "SHELL=CMD" "COMPILER=arm-none-eabi-gcc" "ASSEMBLER=arm-none-eabi-as
TRACE::2025-03-11.00:45:26::SCWBDomain::" "ARCHIVER=arm-none-eabi-ar" "COMPILER_FLAGS=  -O2 -c" "EXTRA_COMPILER_FLAGS=-mcpu=cortex-a9 -mfpu=vfpv3 -mfloat-abi=hard -nos
TRACE::2025-03-11.00:45:26::SCWBDomain::tartfiles -g -Wall -Wextra -fno-tree-loop-distribute-patterns"

TRACE::2025-03-11.00:45:26::SCWBDomain::"Running Make include in ps7_cortexa9_0/libsrc/scugic_v5_1/src"

TRACE::2025-03-11.00:45:26::SCWBDomain::make -C ps7_cortexa9_0/libsrc/scugic_v5_1/src -s include  "SHELL=CMD" "COMPILER=arm-none-eabi-gcc" "ASSEMBLER=arm-none-eabi-as"
TRACE::2025-03-11.00:45:26::SCWBDomain:: "ARCHIVER=arm-none-eabi-ar" "COMPILER_FLAGS=  -O2 -c" "EXTRA_COMPILER_FLAGS=-mcpu=cortex-a9 -mfpu=vfpv3 -mfloat-abi=hard -nost
TRACE::2025-03-11.00:45:26::SCWBDomain::artfiles -g -Wall -Wextra -fno-tree-loop-distribute-patterns"

TRACE::2025-03-11.00:45:26::SCWBDomain::"Running Make include in ps7_cortexa9_0/libsrc/scutimer_v2_4/src"

TRACE::2025-03-11.00:45:26::SCWBDomain::make -C ps7_cortexa9_0/libsrc/scutimer_v2_4/src -s include  "SHELL=CMD" "COMPILER=arm-none-eabi-gcc" "ASSEMBLER=arm-none-eabi-a
TRACE::2025-03-11.00:45:26::SCWBDomain::s" "ARCHIVER=arm-none-eabi-ar" "COMPILER_FLAGS=  -O2 -c" "EXTRA_COMPILER_FLAGS=-mcpu=cortex-a9 -mfpu=vfpv3 -mfloat-abi=hard -no
TRACE::2025-03-11.00:45:26::SCWBDomain::startfiles -g -Wall -Wextra -fno-tree-loop-distribute-patterns"

TRACE::2025-03-11.00:45:26::SCWBDomain::"Running Make include in ps7_cortexa9_0/libsrc/scuwdt_v2_4/src"

TRACE::2025-03-11.00:45:26::SCWBDomain::make -C ps7_cortexa9_0/libsrc/scuwdt_v2_4/src -s include  "SHELL=CMD" "COMPILER=arm-none-eabi-gcc" "ASSEMBLER=arm-none-eabi-as"
TRACE::2025-03-11.00:45:26::SCWBDomain:: "ARCHIVER=arm-none-eabi-ar" "COMPILER_FLAGS=  -O2 -c" "EXTRA_COMPILER_FLAGS=-mcpu=cortex-a9 -mfpu=vfpv3 -mfloat-abi=hard -nost
TRACE::2025-03-11.00:45:26::SCWBDomain::artfiles -g -Wall -Wextra -fno-tree-loop-distribute-patterns"

TRACE::2025-03-11.00:45:26::SCWBDomain::"Running Make include in ps7_cortexa9_0/libsrc/standalone_v8_1/src"

TRACE::2025-03-11.00:45:26::SCWBDomain::make -C ps7_cortexa9_0/libsrc/standalone_v8_1/src -s include  "SHELL=CMD" "COMPILER=arm-none-eabi-gcc" "ASSEMBLER=arm-none-eabi
TRACE::2025-03-11.00:45:26::SCWBDomain::-as" "ARCHIVER=arm-none-eabi-ar" "COMPILER_FLAGS=  -O2 -c" "EXTRA_COMPILER_FLAGS=-mcpu=cortex-a9 -mfpu=vfpv3 -mfloat-abi=hard -
TRACE::2025-03-11.00:45:26::SCWBDomain::nostartfiles -g -Wall -Wextra -fno-tree-loop-distribute-patterns"

TRACE::2025-03-11.00:45:26::SCWBDomain::"Running Make include in ps7_cortexa9_0/libsrc/uartps_v3_12/src"

TRACE::2025-03-11.00:45:26::SCWBDomain::make -C ps7_cortexa9_0/libsrc/uartps_v3_12/src -s include  "SHELL=CMD" "COMPILER=arm-none-eabi-gcc" "ASSEMBLER=arm-none-eabi-as
TRACE::2025-03-11.00:45:26::SCWBDomain::" "ARCHIVER=arm-none-eabi-ar" "COMPILER_FLAGS=  -O2 -c" "EXTRA_COMPILER_FLAGS=-mcpu=cortex-a9 -mfpu=vfpv3 -mfloat-abi=hard -nos
TRACE::2025-03-11.00:45:26::SCWBDomain::tartfiles -g -Wall -Wextra -fno-tree-loop-distribute-patterns"

TRACE::2025-03-11.00:45:26::SCWBDomain::"Running Make include in ps7_cortexa9_0/libsrc/xadcps_v2_6/src"

TRACE::2025-03-11.00:45:26::SCWBDomain::make -C ps7_cortexa9_0/libsrc/xadcps_v2_6/src -s include  "SHELL=CMD" "COMPILER=arm-none-eabi-gcc" "ASSEMBLER=arm-none-eabi-as"
TRACE::2025-03-11.00:45:26::SCWBDomain:: "ARCHIVER=arm-none-eabi-ar" "COMPILER_FLAGS=  -O2 -c" "EXTRA_COMPILER_FLAGS=-mcpu=cortex-a9 -mfpu=vfpv3 -mfloat-abi=hard -nost
TRACE::2025-03-11.00:45:26::SCWBDomain::artfiles -g -Wall -Wextra -fno-tree-loop-distribute-patterns"

TRACE::2025-03-11.00:45:26::SCWBDomain::"Running Make include in ps7_cortexa9_0/libsrc/xilffs_v5_0/src"

TRACE::2025-03-11.00:45:27::SCWBDomain::make -C ps7_cortexa9_0/libsrc/xilffs_v5_0/src -s include  "SHELL=CMD" "COMPILER=arm-none-eabi-gcc" "ASSEMBLER=arm-none-eabi-as"
TRACE::2025-03-11.00:45:27::SCWBDomain:: "ARCHIVER=arm-none-eabi-ar" "COMPILER_FLAGS=  -O2 -c" "EXTRA_COMPILER_FLAGS=-mcpu=cortex-a9 -mfpu=vfpv3 -mfloat-abi=hard -nost
TRACE::2025-03-11.00:45:27::SCWBDomain::artfiles -g -Wall -Wextra -fno-tree-loop-distribute-patterns"

TRACE::2025-03-11.00:45:27::SCWBDomain::"Running Make include in ps7_cortexa9_0/libsrc/xilrsa_v1_6/src"

TRACE::2025-03-11.00:45:27::SCWBDomain::make -C ps7_cortexa9_0/libsrc/xilrsa_v1_6/src -s include  "SHELL=CMD" "COMPILER=arm-none-eabi-gcc" "ASSEMBLER=arm-none-eabi-as"
TRACE::2025-03-11.00:45:27::SCWBDomain:: "ARCHIVER=arm-none-eabi-ar" "COMPILER_FLAGS=  -O2 -c" "EXTRA_COMPILER_FLAGS=-mcpu=cortex-a9 -mfpu=vfpv3 -mfloat-abi=hard -nost
TRACE::2025-03-11.00:45:27::SCWBDomain::artfiles -g -Wall -Wextra -fno-tree-loop-distribute-patterns"

TRACE::2025-03-11.00:45:27::SCWBDomain::"Running Make libs in ps7_cortexa9_0/libsrc/bram_v4_8/src"

TRACE::2025-03-11.00:45:27::SCWBDomain::make -C ps7_cortexa9_0/libsrc/bram_v4_8/src -s libs  "SHELL=CMD" "COMPILER=arm-none-eabi-gcc" "ASSEMBLER=arm-none-eabi-as" "ARC
TRACE::2025-03-11.00:45:27::SCWBDomain::HIVER=arm-none-eabi-ar" "COMPILER_FLAGS=  -O2 -c" "EXTRA_COMPILER_FLAGS=-mcpu=cortex-a9 -mfpu=vfpv3 -mfloat-abi=hard -nostartfi
TRACE::2025-03-11.00:45:27::SCWBDomain::les -g -Wall -Wextra -fno-tree-loop-distribute-patterns"

TRACE::2025-03-11.00:45:27::SCWBDomain::"Running Make libs in ps7_cortexa9_0/libsrc/coresightps_dcc_v1_8/src"

TRACE::2025-03-11.00:45:27::SCWBDomain::make -C ps7_cortexa9_0/libsrc/coresightps_dcc_v1_8/src -s libs  "SHELL=CMD" "COMPILER=arm-none-eabi-gcc" "ASSEMBLER=arm-none-ea
TRACE::2025-03-11.00:45:27::SCWBDomain::bi-as" "ARCHIVER=arm-none-eabi-ar" "COMPILER_FLAGS=  -O2 -c" "EXTRA_COMPILER_FLAGS=-mcpu=cortex-a9 -mfpu=vfpv3 -mfloat-abi=hard
TRACE::2025-03-11.00:45:27::SCWBDomain:: -nostartfiles -g -Wall -Wextra -fno-tree-loop-distribute-patterns"

TRACE::2025-03-11.00:45:27::SCWBDomain::"Running Make libs in ps7_cortexa9_0/libsrc/cpu_cortexa9_v2_11/src"

TRACE::2025-03-11.00:45:27::SCWBDomain::make -C ps7_cortexa9_0/libsrc/cpu_cortexa9_v2_11/src -s libs  "SHELL=CMD" "COMPILER=arm-none-eabi-gcc" "ASSEMBLER=arm-none-eabi
TRACE::2025-03-11.00:45:27::SCWBDomain::-as" "ARCHIVER=arm-none-eabi-ar" "COMPILER_FLAGS=  -O2 -c" "EXTRA_COMPILER_FLAGS=-mcpu=cortex-a9 -mfpu=vfpv3 -mfloat-abi=hard -
TRACE::2025-03-11.00:45:27::SCWBDomain::nostartfiles -g -Wall -Wextra -fno-tree-loop-distribute-patterns"

TRACE::2025-03-11.00:45:27::SCWBDomain::"Running Make libs in ps7_cortexa9_0/libsrc/ddrps_v1_2/src"

TRACE::2025-03-11.00:45:27::SCWBDomain::make -C ps7_cortexa9_0/libsrc/ddrps_v1_2/src -s libs  "SHELL=CMD" "COMPILER=arm-none-eabi-gcc" "ASSEMBLER=arm-none-eabi-as" "AR
TRACE::2025-03-11.00:45:27::SCWBDomain::CHIVER=arm-none-eabi-ar" "COMPILER_FLAGS=  -O2 -c" "EXTRA_COMPILER_FLAGS=-mcpu=cortex-a9 -mfpu=vfpv3 -mfloat-abi=hard -nostartf
TRACE::2025-03-11.00:45:27::SCWBDomain::iles -g -Wall -Wextra -fno-tree-loop-distribute-patterns"

TRACE::2025-03-11.00:45:27::SCWBDomain::"Running Make libs in ps7_cortexa9_0/libsrc/devcfg_v3_7/src"

TRACE::2025-03-11.00:45:27::SCWBDomain::make -C ps7_cortexa9_0/libsrc/devcfg_v3_7/src -s libs  "SHELL=CMD" "COMPILER=arm-none-eabi-gcc" "ASSEMBLER=arm-none-eabi-as" "A
TRACE::2025-03-11.00:45:27::SCWBDomain::RCHIVER=arm-none-eabi-ar" "COMPILER_FLAGS=  -O2 -c" "EXTRA_COMPILER_FLAGS=-mcpu=cortex-a9 -mfpu=vfpv3 -mfloat-abi=hard -nostart
TRACE::2025-03-11.00:45:27::SCWBDomain::files -g -Wall -Wextra -fno-tree-loop-distribute-patterns"

TRACE::2025-03-11.00:45:27::SCWBDomain::"Running Make libs in ps7_cortexa9_0/libsrc/dmaps_v2_8/src"

TRACE::2025-03-11.00:45:27::SCWBDomain::make -C ps7_cortexa9_0/libsrc/dmaps_v2_8/src -s libs  "SHELL=CMD" "COMPILER=arm-none-eabi-gcc" "ASSEMBLER=arm-none-eabi-as" "AR
TRACE::2025-03-11.00:45:27::SCWBDomain::CHIVER=arm-none-eabi-ar" "COMPILER_FLAGS=  -O2 -c" "EXTRA_COMPILER_FLAGS=-mcpu=cortex-a9 -mfpu=vfpv3 -mfloat-abi=hard -nostartf
TRACE::2025-03-11.00:45:27::SCWBDomain::iles -g -Wall -Wextra -fno-tree-loop-distribute-patterns"

TRACE::2025-03-11.00:45:27::SCWBDomain::"Running Make libs in ps7_cortexa9_0/libsrc/gpiops_v3_11/src"

TRACE::2025-03-11.00:45:27::SCWBDomain::make -C ps7_cortexa9_0/libsrc/gpiops_v3_11/src -s libs  "SHELL=CMD" "COMPILER=arm-none-eabi-gcc" "ASSEMBLER=arm-none-eabi-as" "
TRACE::2025-03-11.00:45:27::SCWBDomain::ARCHIVER=arm-none-eabi-ar" "COMPILER_FLAGS=  -O2 -c" "EXTRA_COMPILER_FLAGS=-mcpu=cortex-a9 -mfpu=vfpv3 -mfloat-abi=hard -nostar
TRACE::2025-03-11.00:45:27::SCWBDomain::tfiles -g -Wall -Wextra -fno-tree-loop-distribute-patterns"

TRACE::2025-03-11.00:45:27::SCWBDomain::"Running Make libs in ps7_cortexa9_0/libsrc/scugic_v5_1/src"

TRACE::2025-03-11.00:45:27::SCWBDomain::make -C ps7_cortexa9_0/libsrc/scugic_v5_1/src -s libs  "SHELL=CMD" "COMPILER=arm-none-eabi-gcc" "ASSEMBLER=arm-none-eabi-as" "A
TRACE::2025-03-11.00:45:27::SCWBDomain::RCHIVER=arm-none-eabi-ar" "COMPILER_FLAGS=  -O2 -c" "EXTRA_COMPILER_FLAGS=-mcpu=cortex-a9 -mfpu=vfpv3 -mfloat-abi=hard -nostart
TRACE::2025-03-11.00:45:27::SCWBDomain::files -g -Wall -Wextra -fno-tree-loop-distribute-patterns"

TRACE::2025-03-11.00:45:27::SCWBDomain::"Running Make libs in ps7_cortexa9_0/libsrc/scutimer_v2_4/src"

TRACE::2025-03-11.00:45:27::SCWBDomain::make -C ps7_cortexa9_0/libsrc/scutimer_v2_4/src -s libs  "SHELL=CMD" "COMPILER=arm-none-eabi-gcc" "ASSEMBLER=arm-none-eabi-as" 
TRACE::2025-03-11.00:45:27::SCWBDomain::"ARCHIVER=arm-none-eabi-ar" "COMPILER_FLAGS=  -O2 -c" "EXTRA_COMPILER_FLAGS=-mcpu=cortex-a9 -mfpu=vfpv3 -mfloat-abi=hard -nosta
TRACE::2025-03-11.00:45:27::SCWBDomain::rtfiles -g -Wall -Wextra -fno-tree-loop-distribute-patterns"

TRACE::2025-03-11.00:45:27::SCWBDomain::"Running Make libs in ps7_cortexa9_0/libsrc/scuwdt_v2_4/src"

TRACE::2025-03-11.00:45:27::SCWBDomain::make -C ps7_cortexa9_0/libsrc/scuwdt_v2_4/src -s libs  "SHELL=CMD" "COMPILER=arm-none-eabi-gcc" "ASSEMBLER=arm-none-eabi-as" "A
TRACE::2025-03-11.00:45:27::SCWBDomain::RCHIVER=arm-none-eabi-ar" "COMPILER_FLAGS=  -O2 -c" "EXTRA_COMPILER_FLAGS=-mcpu=cortex-a9 -mfpu=vfpv3 -mfloat-abi=hard -nostart
TRACE::2025-03-11.00:45:27::SCWBDomain::files -g -Wall -Wextra -fno-tree-loop-distribute-patterns"

TRACE::2025-03-11.00:45:27::SCWBDomain::"Running Make libs in ps7_cortexa9_0/libsrc/standalone_v8_1/src"

TRACE::2025-03-11.00:45:27::SCWBDomain::make -C ps7_cortexa9_0/libsrc/standalone_v8_1/src -s libs  "SHELL=CMD" "COMPILER=arm-none-eabi-gcc" "ASSEMBLER=arm-none-eabi-as
TRACE::2025-03-11.00:45:27::SCWBDomain::" "ARCHIVER=arm-none-eabi-ar" "COMPILER_FLAGS=  -O2 -c" "EXTRA_COMPILER_FLAGS=-mcpu=cortex-a9 -mfpu=vfpv3 -mfloat-abi=hard -nos
TRACE::2025-03-11.00:45:27::SCWBDomain::tartfiles -g -Wall -Wextra -fno-tree-loop-distribute-patterns"

TRACE::2025-03-11.00:45:28::SCWBDomain::"Running Make libs in ps7_cortexa9_0/libsrc/uartps_v3_12/src"

TRACE::2025-03-11.00:45:28::SCWBDomain::make -C ps7_cortexa9_0/libsrc/uartps_v3_12/src -s libs  "SHELL=CMD" "COMPILER=arm-none-eabi-gcc" "ASSEMBLER=arm-none-eabi-as" "
TRACE::2025-03-11.00:45:28::SCWBDomain::ARCHIVER=arm-none-eabi-ar" "COMPILER_FLAGS=  -O2 -c" "EXTRA_COMPILER_FLAGS=-mcpu=cortex-a9 -mfpu=vfpv3 -mfloat-abi=hard -nostar
TRACE::2025-03-11.00:45:28::SCWBDomain::tfiles -g -Wall -Wextra -fno-tree-loop-distribute-patterns"

TRACE::2025-03-11.00:45:28::SCWBDomain::"Running Make libs in ps7_cortexa9_0/libsrc/xadcps_v2_6/src"

TRACE::2025-03-11.00:45:28::SCWBDomain::make -C ps7_cortexa9_0/libsrc/xadcps_v2_6/src -s libs  "SHELL=CMD" "COMPILER=arm-none-eabi-gcc" "ASSEMBLER=arm-none-eabi-as" "A
TRACE::2025-03-11.00:45:28::SCWBDomain::RCHIVER=arm-none-eabi-ar" "COMPILER_FLAGS=  -O2 -c" "EXTRA_COMPILER_FLAGS=-mcpu=cortex-a9 -mfpu=vfpv3 -mfloat-abi=hard -nostart
TRACE::2025-03-11.00:45:28::SCWBDomain::files -g -Wall -Wextra -fno-tree-loop-distribute-patterns"

TRACE::2025-03-11.00:45:28::SCWBDomain::"Running Make libs in ps7_cortexa9_0/libsrc/xilffs_v5_0/src"

TRACE::2025-03-11.00:45:28::SCWBDomain::make -C ps7_cortexa9_0/libsrc/xilffs_v5_0/src -s libs  "SHELL=CMD" "COMPILER=arm-none-eabi-gcc" "ASSEMBLER=arm-none-eabi-as" "A
TRACE::2025-03-11.00:45:28::SCWBDomain::RCHIVER=arm-none-eabi-ar" "COMPILER_FLAGS=  -O2 -c" "EXTRA_COMPILER_FLAGS=-mcpu=cortex-a9 -mfpu=vfpv3 -mfloat-abi=hard -nostart
TRACE::2025-03-11.00:45:28::SCWBDomain::files -g -Wall -Wextra -fno-tree-loop-distribute-patterns"

TRACE::2025-03-11.00:45:30::SCWBDomain::'Finished building libraries parallelly.'

TRACE::2025-03-11.00:45:30::SCWBDomain::make --no-print-directory archive

TRACE::2025-03-11.00:45:30::SCWBDomain::arm-none-eabi-ar -r  ps7_cortexa9_0/lib/libxil.a ps7_cortexa9_0/lib/_exit.o ps7_cortexa9_0/lib/_open.o ps7_cortexa9_0/lib/_sbrk
TRACE::2025-03-11.00:45:30::SCWBDomain::.o ps7_cortexa9_0/lib/abort.o ps7_cortexa9_0/lib/asm_vectors.o ps7_cortexa9_0/lib/boot.o ps7_cortexa9_0/lib/close.o ps7_cortexa
TRACE::2025-03-11.00:45:30::SCWBDomain::9_0/lib/cpputest_time.o ps7_cortexa9_0/lib/cpu_init.o ps7_cortexa9_0/lib/errno.o ps7_cortexa9_0/lib/fcntl.o ps7_cortexa9_0/lib/
TRACE::2025-03-11.00:45:30::SCWBDomain::fstat.o ps7_cortexa9_0/lib/getentropy.o ps7_cortexa9_0/lib/getpid.o ps7_cortexa9_0/lib/inbyte.o ps7_cortexa9_0/lib/isatty.o ps7
TRACE::2025-03-11.00:45:30::SCWBDomain::_cortexa9_0/lib/kill.o ps7_cortexa9_0/lib/lseek.o ps7_cortexa9_0/lib/open.o ps7_cortexa9_0/lib/outbyte.o ps7_cortexa9_0/lib/pri
TRACE::2025-03-11.00:45:30::SCWBDomain::nt.o ps7_cortexa9_0/lib/putnum.o ps7_cortexa9_0/lib/read.o ps7_cortexa9_0/lib/sbrk.o ps7_cortexa9_0/lib/sleep.o ps7_cortexa9_0/
TRACE::2025-03-11.00:45:30::SCWBDomain::lib/time.o ps7_cortexa9_0/lib/translation_table.o ps7_cortexa9_0/lib/unlink.o ps7_cortexa9_0/lib/usleep.o ps7_cortexa9_0/lib/ve
TRACE::2025-03-11.00:45:30::SCWBDomain::ctors.o ps7_cortexa9_0/lib/write.o ps7_cortexa9_0/lib/xadcps.o ps7_cortexa9_0/lib/xadcps_g.o ps7_cortexa9_0/lib/xadcps_intr.o p
TRACE::2025-03-11.00:45:30::SCWBDomain::s7_cortexa9_0/lib/xadcps_selftest.o ps7_cortexa9_0/lib/xadcps_sinit.o ps7_cortexa9_0/lib/xbram.o ps7_cortexa9_0/lib/xbram_g.o p
TRACE::2025-03-11.00:45:30::SCWBDomain::s7_cortexa9_0/lib/xbram_intr.o ps7_cortexa9_0/lib/xbram_selftest.o ps7_cortexa9_0/lib/xbram_sinit.o ps7_cortexa9_0/lib/xcoresig
TRACE::2025-03-11.00:45:30::SCWBDomain::htpsdcc.o ps7_cortexa9_0/lib/xdevcfg.o ps7_cortexa9_0/lib/xdevcfg_g.o ps7_cortexa9_0/lib/xdevcfg_hw.o ps7_cortexa9_0/lib/xdevcf
TRACE::2025-03-11.00:45:30::SCWBDomain::g_intr.o ps7_cortexa9_0/lib/xdevcfg_selftest.o ps7_cortexa9_0/lib/xdevcfg_sinit.o ps7_cortexa9_0/lib/xdmaps.o ps7_cortexa9_0/li
TRACE::2025-03-11.00:45:30::SCWBDomain::b/xdmaps_g.o ps7_cortexa9_0/lib/xdmaps_hw.o ps7_cortexa9_0/lib/xdmaps_selftest.o ps7_cortexa9_0/lib/xdmaps_sinit.o ps7_cortexa9
TRACE::2025-03-11.00:45:30::SCWBDomain::_0/lib/xgpiops.o ps7_cortexa9_0/lib/xgpiops_g.o ps7_cortexa9_0/lib/xgpiops_hw.o ps7_cortexa9_0/lib/xgpiops_intr.o ps7_cortexa9_
TRACE::2025-03-11.00:45:30::SCWBDomain::0/lib/xgpiops_selftest.o ps7_cortexa9_0/lib/xgpiops_sinit.o ps7_cortexa9_0/lib/xil-crt0.o ps7_cortexa9_0/lib/xil_assert.o ps7_c
TRACE::2025-03-11.00:45:30::SCWBDomain::ortexa9_0/lib/xil_cache.o ps7_cortexa9_0/lib/xil_clocking.o ps7_cortexa9_0/lib/xil_exception.o ps7_cortexa9_0/lib/xil_mem.o ps7
TRACE::2025-03-11.00:45:30::SCWBDomain::_cortexa9_0/lib/xil_misc_psreset_api.o ps7_cortexa9_0/lib/xil_mmu.o ps7_cortexa9_0/lib/xil_printf.o ps7_cortexa9_0/lib/xil_slee
TRACE::2025-03-11.00:45:30::SCWBDomain::pcommon.o ps7_cortexa9_0/lib/xil_sleeptimer.o ps7_cortexa9_0/lib/xil_spinlock.o ps7_cortexa9_0/lib/xil_testcache.o ps7_cortexa9
TRACE::2025-03-11.00:45:30::SCWBDomain::_0/lib/xil_testio.o ps7_cortexa9_0/lib/xil_testmem.o ps7_cortexa9_0/lib/xil_util.o ps7_cortexa9_0/lib/xinterrupt_wrap.o ps7_cor
TRACE::2025-03-11.00:45:30::SCWBDomain::texa9_0/lib/xl2cc_counter.o ps7_cortexa9_0/lib/xplatform_info.o ps7_cortexa9_0/lib/xpm_counter.o ps7_cortexa9_0/lib/xscugic.o p
TRACE::2025-03-11.00:45:30::SCWBDomain::s7_cortexa9_0/lib/xscugic_g.o ps7_cortexa9_0/lib/xscugic_hw.o ps7_cortexa9_0/lib/xscugic_intr.o ps7_cortexa9_0/lib/xscugic_self
TRACE::2025-03-11.00:45:30::SCWBDomain::test.o ps7_cortexa9_0/lib/xscugic_sinit.o ps7_cortexa9_0/lib/xscutimer.o ps7_cortexa9_0/lib/xscutimer_g.o ps7_cortexa9_0/lib/xs
TRACE::2025-03-11.00:45:30::SCWBDomain::cutimer_selftest.o ps7_cortexa9_0/lib/xscutimer_sinit.o ps7_cortexa9_0/lib/xscuwdt.o ps7_cortexa9_0/lib/xscuwdt_g.o ps7_cortexa
TRACE::2025-03-11.00:45:30::SCWBDomain::9_0/lib/xscuwdt_selftest.o ps7_cortexa9_0/lib/xscuwdt_sinit.o ps7_cortexa9_0/lib/xtime_l.o ps7_cortexa9_0/lib/xuartps.o ps7_cor
TRACE::2025-03-11.00:45:30::SCWBDomain::texa9_0/lib/xuartps_g.o ps7_cortexa9_0/lib/xuartps_hw.o ps7_cortexa9_0/lib/xuartps_intr.o ps7_cortexa9_0/lib/xuartps_options.o 
TRACE::2025-03-11.00:45:30::SCWBDomain::ps7_cortexa9_0/lib/xuartps_selftest.o ps7_cortexa9_0/lib/xuartps_sinit.o

TRACE::2025-03-11.00:45:30::SCWBDomain::'Finished building libraries'

TRACE::2025-03-11.00:45:30::SCWBDomain::make: Leaving directory 'C:/Users/junoh/vivado23/DSD25_Termprj/00_RTL_Skeleton/workspace/design_1_wrapper/zynq_fsbl/zynq_fsbl_b
TRACE::2025-03-11.00:45:30::SCWBDomain::sp'

TRACE::2025-03-11.00:45:30::SCWBDomain::arm-none-eabi-gcc  -O2 -c -MMD -MP       -mcpu=cortex-a9 -mfpu=vfpv3 -mfloat-abi=hard  -c sd.c -o sd.o -Izynq_fsbl_bsp/ps7_cort
TRACE::2025-03-11.00:45:30::SCWBDomain::exa9_0/include -I.

TRACE::2025-03-11.00:45:30::SCWBDomain::arm-none-eabi-gcc  -O2 -c -MMD -MP       -mcpu=cortex-a9 -mfpu=vfpv3 -mfloat-abi=hard  -c nand.c -o nand.o -Izynq_fsbl_bsp/ps7_
TRACE::2025-03-11.00:45:30::SCWBDomain::cortexa9_0/include -I.

TRACE::2025-03-11.00:45:30::SCWBDomain::arm-none-eabi-gcc  -O2 -c -MMD -MP       -mcpu=cortex-a9 -mfpu=vfpv3 -mfloat-abi=hard  -c nor.c -o nor.o -Izynq_fsbl_bsp/ps7_co
TRACE::2025-03-11.00:45:30::SCWBDomain::rtexa9_0/include -I.

TRACE::2025-03-11.00:45:31::SCWBDomain::arm-none-eabi-gcc  -O2 -c -MMD -MP       -mcpu=cortex-a9 -mfpu=vfpv3 -mfloat-abi=hard  -c image_mover.c -o image_mover.o -Izynq
TRACE::2025-03-11.00:45:31::SCWBDomain::_fsbl_bsp/ps7_cortexa9_0/include -I.

TRACE::2025-03-11.00:45:31::SCWBDomain::arm-none-eabi-gcc  -O2 -c -MMD -MP       -mcpu=cortex-a9 -mfpu=vfpv3 -mfloat-abi=hard  -c md5.c -o md5.o -Izynq_fsbl_bsp/ps7_co
TRACE::2025-03-11.00:45:31::SCWBDomain::rtexa9_0/include -I.

TRACE::2025-03-11.00:45:31::SCWBDomain::arm-none-eabi-gcc  -O2 -c -MMD -MP       -mcpu=cortex-a9 -mfpu=vfpv3 -mfloat-abi=hard  -c fsbl_hooks.c -o fsbl_hooks.o -Izynq_f
TRACE::2025-03-11.00:45:31::SCWBDomain::sbl_bsp/ps7_cortexa9_0/include -I.

TRACE::2025-03-11.00:45:31::SCWBDomain::arm-none-eabi-gcc  -O2 -c -MMD -MP       -mcpu=cortex-a9 -mfpu=vfpv3 -mfloat-abi=hard  -c main.c -o main.o -Izynq_fsbl_bsp/ps7_
TRACE::2025-03-11.00:45:31::SCWBDomain::cortexa9_0/include -I.

TRACE::2025-03-11.00:45:31::SCWBDomain::arm-none-eabi-gcc  -O2 -c -MMD -MP       -mcpu=cortex-a9 -mfpu=vfpv3 -mfloat-abi=hard  -c rsa.c -o rsa.o -Izynq_fsbl_bsp/ps7_co
TRACE::2025-03-11.00:45:31::SCWBDomain::rtexa9_0/include -I.

TRACE::2025-03-11.00:45:31::SCWBDomain::arm-none-eabi-gcc  -O2 -c -MMD -MP       -mcpu=cortex-a9 -mfpu=vfpv3 -mfloat-abi=hard  -c qspi.c -o qspi.o -Izynq_fsbl_bsp/ps7_
TRACE::2025-03-11.00:45:31::SCWBDomain::cortexa9_0/include -I.

TRACE::2025-03-11.00:45:31::SCWBDomain::arm-none-eabi-gcc  -O2 -c -MMD -MP       -mcpu=cortex-a9 -mfpu=vfpv3 -mfloat-abi=hard  -c ps7_init.c -o ps7_init.o -Izynq_fsbl_
TRACE::2025-03-11.00:45:31::SCWBDomain::bsp/ps7_cortexa9_0/include -I.

TRACE::2025-03-11.00:45:32::SCWBDomain::arm-none-eabi-gcc  -O2 -c -MMD -MP       -mcpu=cortex-a9 -mfpu=vfpv3 -mfloat-abi=hard  -c pcap.c -o pcap.o -Izynq_fsbl_bsp/ps7_
TRACE::2025-03-11.00:45:32::SCWBDomain::cortexa9_0/include -I.

TRACE::2025-03-11.00:45:32::SCWBDomain::arm-none-eabi-gcc  -O2 -c -MMD -MP       -mcpu=cortex-a9 -mfpu=vfpv3 -mfloat-abi=hard  -c fsbl_handoff.S -o fsbl_handoff.o -Izy
TRACE::2025-03-11.00:45:32::SCWBDomain::nq_fsbl_bsp/ps7_cortexa9_0/include -I.

TRACE::2025-03-11.00:45:32::SCWBDomain::arm-none-eabi-gcc -o fsbl.elf fsbl_handoff.o fsbl_hooks.o image_mover.o main.o md5.o nand.o nor.o pcap.o ps7_init.o qspi.o rsa.
TRACE::2025-03-11.00:45:32::SCWBDomain::o sd.o -MMD -MP       -mcpu=cortex-a9 -mfpu=vfpv3 -mfloat-abi=hard   -mcpu=cortex-a9 -mfpu=vfpv3 -mfloat-abi=hard -Wl,-build-id
TRACE::2025-03-11.00:45:32::SCWBDomain::=none -specs=Xilinx.spec  -lrsa -Wl,--start-group,-lxil,-lgcc,-lc,--end-group -Wl,--start-group,-lxilffs,-lxil,-lgcc,-lc,--end-
TRACE::2025-03-11.00:45:32::SCWBDomain::group -Wl,--start-group,-lrsa,-lxil,-lgcc,-lc,--end-group                               -Wl,--gc-sections -Lzynq_fsbl_bsp/ps7_c
TRACE::2025-03-11.00:45:32::SCWBDomain::ortexa9_0/lib -L./ -Tlscript.ld

LOG::2025-03-11.00:45:32::SCWSystem::Checking the domain standalone_ps7_cortexa9_0
LOG::2025-03-11.00:45:32::SCWSystem::Not a boot domain 
LOG::2025-03-11.00:45:32::SCWSystem::Started Processing the domain standalone_ps7_cortexa9_0
TRACE::2025-03-11.00:45:32::SCWDomain::Generating domain artifcats
TRACE::2025-03-11.00:45:32::SCWMssOS::Generating standalone artifcats
TRACE::2025-03-11.00:45:32::SCWMssOS::Copying the qemu file from  C:/Users/junoh/vivado23/DSD25_Termprj/00_RTL_Skeleton/workspace/design_1_wrapper/resources/design_1_wrapper/standalone_ps7_cortexa9_0/qemu_args.txt To C:/Users/junoh/vivado23/DSD25_Termprj/00_RTL_Skeleton/workspace/design_1_wrapper/export/design_1_wrapper/sw/design_1_wrapper/qemu/
TRACE::2025-03-11.00:45:32::SCWMssOS::Copying the qemu file from  C:/Users/junoh/vivado23/DSD25_Termprj/00_RTL_Skeleton/workspace/design_1_wrapper/resources/design_1_wrapper/standalone_ps7_cortexa9_0/qemu_args.txt To C:/Users/junoh/vivado23/DSD25_Termprj/00_RTL_Skeleton/workspace/design_1_wrapper/export/design_1_wrapper/sw/design_1_wrapper/standalone_ps7_cortexa9_0/qemu/
TRACE::2025-03-11.00:45:32::SCWMssOS:: Copying the user libraries. 
TRACE::2025-03-11.00:45:32::SCWPlatform::Trying to open the hw design at C:/Users/junoh/vivado23/DSD25_Termprj/00_RTL_Skeleton/workspace/design_1_wrapper/hw/design_1_wrapper.xsa
TRACE::2025-03-11.00:45:32::SCWPlatform::DSA given C:/Users/junoh/vivado23/DSD25_Termprj/00_RTL_Skeleton/workspace/design_1_wrapper/hw/design_1_wrapper.xsa
TRACE::2025-03-11.00:45:32::SCWPlatform::DSA absoulate path C:/Users/junoh/vivado23/DSD25_Termprj/00_RTL_Skeleton/workspace/design_1_wrapper/hw/design_1_wrapper.xsa
TRACE::2025-03-11.00:45:32::SCWPlatform::DSA directory C:/Users/junoh/vivado23/DSD25_Termprj/00_RTL_Skeleton/workspace/design_1_wrapper/hw
TRACE::2025-03-11.00:45:32::SCWPlatform:: Platform Path C:/Users/junoh/vivado23/DSD25_Termprj/00_RTL_Skeleton/workspace/design_1_wrapper/hw/design_1_wrapper.xsa
TRACE::2025-03-11.00:45:32::SCWPlatform:: Unique name xilinx:zybo-z7-20::0.0
TRACE::2025-03-11.00:45:32::SCWPlatform::Trying to set the existing hwdb with name design_1_wrapper_0
TRACE::2025-03-11.00:45:32::SCWPlatform::Opened existing hwdb design_1_wrapper_0
TRACE::2025-03-11.00:45:32::SCWPlatform::Found the Hw Db part of the input DSA
TRACE::2025-03-11.00:45:32::SCWMssOS::Checking the sw design at  C:/Users/junoh/vivado23/DSD25_Termprj/00_RTL_Skeleton/workspace/design_1_wrapper/ps7_cortexa9_0/standalone_ps7_cortexa9_0/bsp/system.mss
TRACE::2025-03-11.00:45:32::SCWMssOS::DEBUG:  swdes dump  C:/Users/junoh/vivado23/DSD25_Termprj/00_RTL_Skeleton/workspace/design_1_wrapper/ps7_cortexa9_0/standalone_ps7_cortexa9_0/bsp/system.mss|system_0||
C:/Users/junoh/vivado23/DSD25_Termprj/00_RTL_Skeleton/workspace/design_1_wrapper/zynq_fsbl/zynq_fsbl_bsp/system.mss|system||

TRACE::2025-03-11.00:45:32::SCWMssOS::Sw design exists and opened at  C:/Users/junoh/vivado23/DSD25_Termprj/00_RTL_Skeleton/workspace/design_1_wrapper/ps7_cortexa9_0/standalone_ps7_cortexa9_0/bsp/system.mss
TRACE::2025-03-11.00:45:32::SCWMssOS::Completed writing the mss file at C:/Users/junoh/vivado23/DSD25_Termprj/00_RTL_Skeleton/workspace/design_1_wrapper/ps7_cortexa9_0/standalone_ps7_cortexa9_0/bsp
TRACE::2025-03-11.00:45:32::SCWMssOS::Mss edits present, copying mssfile into export location C:/Users/junoh/vivado23/DSD25_Termprj/00_RTL_Skeleton/workspace/design_1_wrapper/ps7_cortexa9_0/standalone_ps7_cortexa9_0/bsp/system.mss
TRACE::2025-03-11.00:45:32::SCWMssOS::bsp generated is upto date with the mss file. Skipping bsp generation.
TRACE::2025-03-11.00:45:32::SCWMssOS::BSP is already built. skipping the bsp build ... 
TRACE::2025-03-11.00:45:32::SCWDomain::Building the domain as part of full build :  standalone_ps7_cortexa9_0
TRACE::2025-03-11.00:45:32::SCWMssOS::doing bsp build ... 
TRACE::2025-03-11.00:45:32::SCWMssOS::System Command Ran  C: & cd  C:/Users/junoh/vivado23/DSD25_Termprj/00_RTL_Skeleton/workspace/design_1_wrapper/ps7_cortexa9_0/standalone_ps7_cortexa9_0/bsp & make 
TRACE::2025-03-11.00:45:32::SCWMssOS::make --no-print-directory seq_libs

TRACE::2025-03-11.00:45:32::SCWMssOS::'Finished building libraries sequentially.'

TRACE::2025-03-11.00:45:32::SCWMssOS::make -j 10 --no-print-directory par_libs

TRACE::2025-03-11.00:45:32::SCWMssOS::"Running Make include in ps7_cortexa9_0/libsrc/bram_v4_8/src"

TRACE::2025-03-11.00:45:32::SCWMssOS::make -C ps7_cortexa9_0/libsrc/bram_v4_8/src -s include  "SHELL=CMD" "COMPILER=arm-none-eabi-gcc" "ASSEMBLER=arm-none-eabi-as" "
TRACE::2025-03-11.00:45:32::SCWMssOS::ARCHIVER=arm-none-eabi-ar" "COMPILER_FLAGS=  -O2 -c" "EXTRA_COMPILER_FLAGS=-mcpu=cortex-a9 -mfpu=vfpv3 -mfloat-abi=hard -nostar
TRACE::2025-03-11.00:45:32::SCWMssOS::tfiles -g -Wall -Wextra -fno-tree-loop-distribute-patterns"

TRACE::2025-03-11.00:45:32::SCWMssOS::"Running Make include in ps7_cortexa9_0/libsrc/coresightps_dcc_v1_8/src"

TRACE::2025-03-11.00:45:32::SCWMssOS::make -C ps7_cortexa9_0/libsrc/coresightps_dcc_v1_8/src -s include  "SHELL=CMD" "COMPILER=arm-none-eabi-gcc" "ASSEMBLER=arm-none
TRACE::2025-03-11.00:45:32::SCWMssOS::-eabi-as" "ARCHIVER=arm-none-eabi-ar" "COMPILER_FLAGS=  -O2 -c" "EXTRA_COMPILER_FLAGS=-mcpu=cortex-a9 -mfpu=vfpv3 -mfloat-abi=h
TRACE::2025-03-11.00:45:32::SCWMssOS::ard -nostartfiles -g -Wall -Wextra -fno-tree-loop-distribute-patterns"

TRACE::2025-03-11.00:45:32::SCWMssOS::"Running Make include in ps7_cortexa9_0/libsrc/cpu_cortexa9_v2_11/src"

TRACE::2025-03-11.00:45:32::SCWMssOS::make -C ps7_cortexa9_0/libsrc/cpu_cortexa9_v2_11/src -s include  "SHELL=CMD" "COMPILER=arm-none-eabi-gcc" "ASSEMBLER=arm-none-e
TRACE::2025-03-11.00:45:32::SCWMssOS::abi-as" "ARCHIVER=arm-none-eabi-ar" "COMPILER_FLAGS=  -O2 -c" "EXTRA_COMPILER_FLAGS=-mcpu=cortex-a9 -mfpu=vfpv3 -mfloat-abi=har
TRACE::2025-03-11.00:45:32::SCWMssOS::d -nostartfiles -g -Wall -Wextra -fno-tree-loop-distribute-patterns"

TRACE::2025-03-11.00:45:32::SCWMssOS::"Running Make include in ps7_cortexa9_0/libsrc/ddrps_v1_2/src"

TRACE::2025-03-11.00:45:32::SCWMssOS::make -C ps7_cortexa9_0/libsrc/ddrps_v1_2/src -s include  "SHELL=CMD" "COMPILER=arm-none-eabi-gcc" "ASSEMBLER=arm-none-eabi-as" 
TRACE::2025-03-11.00:45:32::SCWMssOS::"ARCHIVER=arm-none-eabi-ar" "COMPILER_FLAGS=  -O2 -c" "EXTRA_COMPILER_FLAGS=-mcpu=cortex-a9 -mfpu=vfpv3 -mfloat-abi=hard -nosta
TRACE::2025-03-11.00:45:32::SCWMssOS::rtfiles -g -Wall -Wextra -fno-tree-loop-distribute-patterns"

TRACE::2025-03-11.00:45:32::SCWMssOS::"Running Make include in ps7_cortexa9_0/libsrc/devcfg_v3_7/src"

TRACE::2025-03-11.00:45:32::SCWMssOS::make -C ps7_cortexa9_0/libsrc/devcfg_v3_7/src -s include  "SHELL=CMD" "COMPILER=arm-none-eabi-gcc" "ASSEMBLER=arm-none-eabi-as"
TRACE::2025-03-11.00:45:32::SCWMssOS:: "ARCHIVER=arm-none-eabi-ar" "COMPILER_FLAGS=  -O2 -c" "EXTRA_COMPILER_FLAGS=-mcpu=cortex-a9 -mfpu=vfpv3 -mfloat-abi=hard -nost
TRACE::2025-03-11.00:45:32::SCWMssOS::artfiles -g -Wall -Wextra -fno-tree-loop-distribute-patterns"

TRACE::2025-03-11.00:45:32::SCWMssOS::"Running Make include in ps7_cortexa9_0/libsrc/dmaps_v2_8/src"

TRACE::2025-03-11.00:45:32::SCWMssOS::make -C ps7_cortexa9_0/libsrc/dmaps_v2_8/src -s include  "SHELL=CMD" "COMPILER=arm-none-eabi-gcc" "ASSEMBLER=arm-none-eabi-as" 
TRACE::2025-03-11.00:45:32::SCWMssOS::"ARCHIVER=arm-none-eabi-ar" "COMPILER_FLAGS=  -O2 -c" "EXTRA_COMPILER_FLAGS=-mcpu=cortex-a9 -mfpu=vfpv3 -mfloat-abi=hard -nosta
TRACE::2025-03-11.00:45:32::SCWMssOS::rtfiles -g -Wall -Wextra -fno-tree-loop-distribute-patterns"

TRACE::2025-03-11.00:45:32::SCWMssOS::"Running Make include in ps7_cortexa9_0/libsrc/gpiops_v3_11/src"

TRACE::2025-03-11.00:45:32::SCWMssOS::make -C ps7_cortexa9_0/libsrc/gpiops_v3_11/src -s include  "SHELL=CMD" "COMPILER=arm-none-eabi-gcc" "ASSEMBLER=arm-none-eabi-as
TRACE::2025-03-11.00:45:32::SCWMssOS::" "ARCHIVER=arm-none-eabi-ar" "COMPILER_FLAGS=  -O2 -c" "EXTRA_COMPILER_FLAGS=-mcpu=cortex-a9 -mfpu=vfpv3 -mfloat-abi=hard -nos
TRACE::2025-03-11.00:45:32::SCWMssOS::tartfiles -g -Wall -Wextra -fno-tree-loop-distribute-patterns"

TRACE::2025-03-11.00:45:32::SCWMssOS::"Running Make include in ps7_cortexa9_0/libsrc/scugic_v5_1/src"

TRACE::2025-03-11.00:45:32::SCWMssOS::make -C ps7_cortexa9_0/libsrc/scugic_v5_1/src -s include  "SHELL=CMD" "COMPILER=arm-none-eabi-gcc" "ASSEMBLER=arm-none-eabi-as"
TRACE::2025-03-11.00:45:32::SCWMssOS:: "ARCHIVER=arm-none-eabi-ar" "COMPILER_FLAGS=  -O2 -c" "EXTRA_COMPILER_FLAGS=-mcpu=cortex-a9 -mfpu=vfpv3 -mfloat-abi=hard -nost
TRACE::2025-03-11.00:45:32::SCWMssOS::artfiles -g -Wall -Wextra -fno-tree-loop-distribute-patterns"

TRACE::2025-03-11.00:45:32::SCWMssOS::"Running Make include in ps7_cortexa9_0/libsrc/scutimer_v2_4/src"

TRACE::2025-03-11.00:45:32::SCWMssOS::make -C ps7_cortexa9_0/libsrc/scutimer_v2_4/src -s include  "SHELL=CMD" "COMPILER=arm-none-eabi-gcc" "ASSEMBLER=arm-none-eabi-a
TRACE::2025-03-11.00:45:32::SCWMssOS::s" "ARCHIVER=arm-none-eabi-ar" "COMPILER_FLAGS=  -O2 -c" "EXTRA_COMPILER_FLAGS=-mcpu=cortex-a9 -mfpu=vfpv3 -mfloat-abi=hard -no
TRACE::2025-03-11.00:45:32::SCWMssOS::startfiles -g -Wall -Wextra -fno-tree-loop-distribute-patterns"

TRACE::2025-03-11.00:45:32::SCWMssOS::"Running Make include in ps7_cortexa9_0/libsrc/scuwdt_v2_4/src"

TRACE::2025-03-11.00:45:32::SCWMssOS::make -C ps7_cortexa9_0/libsrc/scuwdt_v2_4/src -s include  "SHELL=CMD" "COMPILER=arm-none-eabi-gcc" "ASSEMBLER=arm-none-eabi-as"
TRACE::2025-03-11.00:45:32::SCWMssOS:: "ARCHIVER=arm-none-eabi-ar" "COMPILER_FLAGS=  -O2 -c" "EXTRA_COMPILER_FLAGS=-mcpu=cortex-a9 -mfpu=vfpv3 -mfloat-abi=hard -nost
TRACE::2025-03-11.00:45:32::SCWMssOS::artfiles -g -Wall -Wextra -fno-tree-loop-distribute-patterns"

TRACE::2025-03-11.00:45:33::SCWMssOS::"Running Make include in ps7_cortexa9_0/libsrc/standalone_v8_1/src"

TRACE::2025-03-11.00:45:33::SCWMssOS::make -C ps7_cortexa9_0/libsrc/standalone_v8_1/src -s include  "SHELL=CMD" "COMPILER=arm-none-eabi-gcc" "ASSEMBLER=arm-none-eabi
TRACE::2025-03-11.00:45:33::SCWMssOS::-as" "ARCHIVER=arm-none-eabi-ar" "COMPILER_FLAGS=  -O2 -c" "EXTRA_COMPILER_FLAGS=-mcpu=cortex-a9 -mfpu=vfpv3 -mfloat-abi=hard -
TRACE::2025-03-11.00:45:33::SCWMssOS::nostartfiles -g -Wall -Wextra -fno-tree-loop-distribute-patterns"

TRACE::2025-03-11.00:45:33::SCWMssOS::"Running Make include in ps7_cortexa9_0/libsrc/uartps_v3_12/src"

TRACE::2025-03-11.00:45:33::SCWMssOS::make -C ps7_cortexa9_0/libsrc/uartps_v3_12/src -s include  "SHELL=CMD" "COMPILER=arm-none-eabi-gcc" "ASSEMBLER=arm-none-eabi-as
TRACE::2025-03-11.00:45:33::SCWMssOS::" "ARCHIVER=arm-none-eabi-ar" "COMPILER_FLAGS=  -O2 -c" "EXTRA_COMPILER_FLAGS=-mcpu=cortex-a9 -mfpu=vfpv3 -mfloat-abi=hard -nos
TRACE::2025-03-11.00:45:33::SCWMssOS::tartfiles -g -Wall -Wextra -fno-tree-loop-distribute-patterns"

TRACE::2025-03-11.00:45:33::SCWMssOS::"Running Make include in ps7_cortexa9_0/libsrc/xadcps_v2_6/src"

TRACE::2025-03-11.00:45:33::SCWMssOS::make -C ps7_cortexa9_0/libsrc/xadcps_v2_6/src -s include  "SHELL=CMD" "COMPILER=arm-none-eabi-gcc" "ASSEMBLER=arm-none-eabi-as"
TRACE::2025-03-11.00:45:33::SCWMssOS:: "ARCHIVER=arm-none-eabi-ar" "COMPILER_FLAGS=  -O2 -c" "EXTRA_COMPILER_FLAGS=-mcpu=cortex-a9 -mfpu=vfpv3 -mfloat-abi=hard -nost
TRACE::2025-03-11.00:45:33::SCWMssOS::artfiles -g -Wall -Wextra -fno-tree-loop-distribute-patterns"

TRACE::2025-03-11.00:45:33::SCWMssOS::"Running Make libs in ps7_cortexa9_0/libsrc/bram_v4_8/src"

TRACE::2025-03-11.00:45:33::SCWMssOS::make -C ps7_cortexa9_0/libsrc/bram_v4_8/src -s libs  "SHELL=CMD" "COMPILER=arm-none-eabi-gcc" "ASSEMBLER=arm-none-eabi-as" "ARC
TRACE::2025-03-11.00:45:33::SCWMssOS::HIVER=arm-none-eabi-ar" "COMPILER_FLAGS=  -O2 -c" "EXTRA_COMPILER_FLAGS=-mcpu=cortex-a9 -mfpu=vfpv3 -mfloat-abi=hard -nostartfi
TRACE::2025-03-11.00:45:33::SCWMssOS::les -g -Wall -Wextra -fno-tree-loop-distribute-patterns"

TRACE::2025-03-11.00:45:33::SCWMssOS::"Running Make libs in ps7_cortexa9_0/libsrc/coresightps_dcc_v1_8/src"

TRACE::2025-03-11.00:45:33::SCWMssOS::make -C ps7_cortexa9_0/libsrc/coresightps_dcc_v1_8/src -s libs  "SHELL=CMD" "COMPILER=arm-none-eabi-gcc" "ASSEMBLER=arm-none-ea
TRACE::2025-03-11.00:45:33::SCWMssOS::bi-as" "ARCHIVER=arm-none-eabi-ar" "COMPILER_FLAGS=  -O2 -c" "EXTRA_COMPILER_FLAGS=-mcpu=cortex-a9 -mfpu=vfpv3 -mfloat-abi=hard
TRACE::2025-03-11.00:45:33::SCWMssOS:: -nostartfiles -g -Wall -Wextra -fno-tree-loop-distribute-patterns"

TRACE::2025-03-11.00:45:33::SCWMssOS::"Running Make libs in ps7_cortexa9_0/libsrc/cpu_cortexa9_v2_11/src"

TRACE::2025-03-11.00:45:33::SCWMssOS::make -C ps7_cortexa9_0/libsrc/cpu_cortexa9_v2_11/src -s libs  "SHELL=CMD" "COMPILER=arm-none-eabi-gcc" "ASSEMBLER=arm-none-eabi
TRACE::2025-03-11.00:45:33::SCWMssOS::-as" "ARCHIVER=arm-none-eabi-ar" "COMPILER_FLAGS=  -O2 -c" "EXTRA_COMPILER_FLAGS=-mcpu=cortex-a9 -mfpu=vfpv3 -mfloat-abi=hard -
TRACE::2025-03-11.00:45:33::SCWMssOS::nostartfiles -g -Wall -Wextra -fno-tree-loop-distribute-patterns"

TRACE::2025-03-11.00:45:33::SCWMssOS::"Running Make libs in ps7_cortexa9_0/libsrc/ddrps_v1_2/src"

TRACE::2025-03-11.00:45:33::SCWMssOS::make -C ps7_cortexa9_0/libsrc/ddrps_v1_2/src -s libs  "SHELL=CMD" "COMPILER=arm-none-eabi-gcc" "ASSEMBLER=arm-none-eabi-as" "AR
TRACE::2025-03-11.00:45:33::SCWMssOS::CHIVER=arm-none-eabi-ar" "COMPILER_FLAGS=  -O2 -c" "EXTRA_COMPILER_FLAGS=-mcpu=cortex-a9 -mfpu=vfpv3 -mfloat-abi=hard -nostartf
TRACE::2025-03-11.00:45:33::SCWMssOS::iles -g -Wall -Wextra -fno-tree-loop-distribute-patterns"

TRACE::2025-03-11.00:45:33::SCWMssOS::"Running Make libs in ps7_cortexa9_0/libsrc/devcfg_v3_7/src"

TRACE::2025-03-11.00:45:33::SCWMssOS::make -C ps7_cortexa9_0/libsrc/devcfg_v3_7/src -s libs  "SHELL=CMD" "COMPILER=arm-none-eabi-gcc" "ASSEMBLER=arm-none-eabi-as" "A
TRACE::2025-03-11.00:45:33::SCWMssOS::RCHIVER=arm-none-eabi-ar" "COMPILER_FLAGS=  -O2 -c" "EXTRA_COMPILER_FLAGS=-mcpu=cortex-a9 -mfpu=vfpv3 -mfloat-abi=hard -nostart
TRACE::2025-03-11.00:45:33::SCWMssOS::files -g -Wall -Wextra -fno-tree-loop-distribute-patterns"

TRACE::2025-03-11.00:45:33::SCWMssOS::"Running Make libs in ps7_cortexa9_0/libsrc/dmaps_v2_8/src"

TRACE::2025-03-11.00:45:33::SCWMssOS::make -C ps7_cortexa9_0/libsrc/dmaps_v2_8/src -s libs  "SHELL=CMD" "COMPILER=arm-none-eabi-gcc" "ASSEMBLER=arm-none-eabi-as" "AR
TRACE::2025-03-11.00:45:33::SCWMssOS::CHIVER=arm-none-eabi-ar" "COMPILER_FLAGS=  -O2 -c" "EXTRA_COMPILER_FLAGS=-mcpu=cortex-a9 -mfpu=vfpv3 -mfloat-abi=hard -nostartf
TRACE::2025-03-11.00:45:33::SCWMssOS::iles -g -Wall -Wextra -fno-tree-loop-distribute-patterns"

TRACE::2025-03-11.00:45:33::SCWMssOS::"Running Make libs in ps7_cortexa9_0/libsrc/gpiops_v3_11/src"

TRACE::2025-03-11.00:45:33::SCWMssOS::make -C ps7_cortexa9_0/libsrc/gpiops_v3_11/src -s libs  "SHELL=CMD" "COMPILER=arm-none-eabi-gcc" "ASSEMBLER=arm-none-eabi-as" "
TRACE::2025-03-11.00:45:33::SCWMssOS::ARCHIVER=arm-none-eabi-ar" "COMPILER_FLAGS=  -O2 -c" "EXTRA_COMPILER_FLAGS=-mcpu=cortex-a9 -mfpu=vfpv3 -mfloat-abi=hard -nostar
TRACE::2025-03-11.00:45:33::SCWMssOS::tfiles -g -Wall -Wextra -fno-tree-loop-distribute-patterns"

TRACE::2025-03-11.00:45:34::SCWMssOS::"Running Make libs in ps7_cortexa9_0/libsrc/scugic_v5_1/src"

TRACE::2025-03-11.00:45:34::SCWMssOS::make -C ps7_cortexa9_0/libsrc/scugic_v5_1/src -s libs  "SHELL=CMD" "COMPILER=arm-none-eabi-gcc" "ASSEMBLER=arm-none-eabi-as" "A
TRACE::2025-03-11.00:45:34::SCWMssOS::RCHIVER=arm-none-eabi-ar" "COMPILER_FLAGS=  -O2 -c" "EXTRA_COMPILER_FLAGS=-mcpu=cortex-a9 -mfpu=vfpv3 -mfloat-abi=hard -nostart
TRACE::2025-03-11.00:45:34::SCWMssOS::files -g -Wall -Wextra -fno-tree-loop-distribute-patterns"

TRACE::2025-03-11.00:45:34::SCWMssOS::"Running Make libs in ps7_cortexa9_0/libsrc/scutimer_v2_4/src"

TRACE::2025-03-11.00:45:34::SCWMssOS::make -C ps7_cortexa9_0/libsrc/scutimer_v2_4/src -s libs  "SHELL=CMD" "COMPILER=arm-none-eabi-gcc" "ASSEMBLER=arm-none-eabi-as" 
TRACE::2025-03-11.00:45:34::SCWMssOS::"ARCHIVER=arm-none-eabi-ar" "COMPILER_FLAGS=  -O2 -c" "EXTRA_COMPILER_FLAGS=-mcpu=cortex-a9 -mfpu=vfpv3 -mfloat-abi=hard -nosta
TRACE::2025-03-11.00:45:34::SCWMssOS::rtfiles -g -Wall -Wextra -fno-tree-loop-distribute-patterns"

TRACE::2025-03-11.00:45:34::SCWMssOS::"Running Make libs in ps7_cortexa9_0/libsrc/scuwdt_v2_4/src"

TRACE::2025-03-11.00:45:34::SCWMssOS::make -C ps7_cortexa9_0/libsrc/scuwdt_v2_4/src -s libs  "SHELL=CMD" "COMPILER=arm-none-eabi-gcc" "ASSEMBLER=arm-none-eabi-as" "A
TRACE::2025-03-11.00:45:34::SCWMssOS::RCHIVER=arm-none-eabi-ar" "COMPILER_FLAGS=  -O2 -c" "EXTRA_COMPILER_FLAGS=-mcpu=cortex-a9 -mfpu=vfpv3 -mfloat-abi=hard -nostart
TRACE::2025-03-11.00:45:34::SCWMssOS::files -g -Wall -Wextra -fno-tree-loop-distribute-patterns"

TRACE::2025-03-11.00:45:34::SCWMssOS::"Running Make libs in ps7_cortexa9_0/libsrc/standalone_v8_1/src"

TRACE::2025-03-11.00:45:34::SCWMssOS::make -C ps7_cortexa9_0/libsrc/standalone_v8_1/src -s libs  "SHELL=CMD" "COMPILER=arm-none-eabi-gcc" "ASSEMBLER=arm-none-eabi-as
TRACE::2025-03-11.00:45:34::SCWMssOS::" "ARCHIVER=arm-none-eabi-ar" "COMPILER_FLAGS=  -O2 -c" "EXTRA_COMPILER_FLAGS=-mcpu=cortex-a9 -mfpu=vfpv3 -mfloat-abi=hard -nos
TRACE::2025-03-11.00:45:34::SCWMssOS::tartfiles -g -Wall -Wextra -fno-tree-loop-distribute-patterns"

TRACE::2025-03-11.00:45:34::SCWMssOS::"Running Make libs in ps7_cortexa9_0/libsrc/uartps_v3_12/src"

TRACE::2025-03-11.00:45:34::SCWMssOS::make -C ps7_cortexa9_0/libsrc/uartps_v3_12/src -s libs  "SHELL=CMD" "COMPILER=arm-none-eabi-gcc" "ASSEMBLER=arm-none-eabi-as" "
TRACE::2025-03-11.00:45:34::SCWMssOS::ARCHIVER=arm-none-eabi-ar" "COMPILER_FLAGS=  -O2 -c" "EXTRA_COMPILER_FLAGS=-mcpu=cortex-a9 -mfpu=vfpv3 -mfloat-abi=hard -nostar
TRACE::2025-03-11.00:45:34::SCWMssOS::tfiles -g -Wall -Wextra -fno-tree-loop-distribute-patterns"

TRACE::2025-03-11.00:45:35::SCWMssOS::"Running Make libs in ps7_cortexa9_0/libsrc/xadcps_v2_6/src"

TRACE::2025-03-11.00:45:35::SCWMssOS::make -C ps7_cortexa9_0/libsrc/xadcps_v2_6/src -s libs  "SHELL=CMD" "COMPILER=arm-none-eabi-gcc" "ASSEMBLER=arm-none-eabi-as" "A
TRACE::2025-03-11.00:45:35::SCWMssOS::RCHIVER=arm-none-eabi-ar" "COMPILER_FLAGS=  -O2 -c" "EXTRA_COMPILER_FLAGS=-mcpu=cortex-a9 -mfpu=vfpv3 -mfloat-abi=hard -nostart
TRACE::2025-03-11.00:45:35::SCWMssOS::files -g -Wall -Wextra -fno-tree-loop-distribute-patterns"

TRACE::2025-03-11.00:45:37::SCWMssOS::'Finished building libraries parallelly.'

TRACE::2025-03-11.00:45:37::SCWMssOS::make --no-print-directory archive

TRACE::2025-03-11.00:45:37::SCWMssOS::arm-none-eabi-ar -r  ps7_cortexa9_0/lib/libxil.a ps7_cortexa9_0/lib/_exit.o ps7_cortexa9_0/lib/_open.o ps7_cortexa9_0/lib/_sbrk
TRACE::2025-03-11.00:45:37::SCWMssOS::.o ps7_cortexa9_0/lib/abort.o ps7_cortexa9_0/lib/asm_vectors.o ps7_cortexa9_0/lib/boot.o ps7_cortexa9_0/lib/close.o ps7_cortexa
TRACE::2025-03-11.00:45:37::SCWMssOS::9_0/lib/cpputest_time.o ps7_cortexa9_0/lib/cpu_init.o ps7_cortexa9_0/lib/errno.o ps7_cortexa9_0/lib/fcntl.o ps7_cortexa9_0/lib/
TRACE::2025-03-11.00:45:37::SCWMssOS::fstat.o ps7_cortexa9_0/lib/getentropy.o ps7_cortexa9_0/lib/getpid.o ps7_cortexa9_0/lib/inbyte.o ps7_cortexa9_0/lib/isatty.o ps7
TRACE::2025-03-11.00:45:37::SCWMssOS::_cortexa9_0/lib/kill.o ps7_cortexa9_0/lib/lseek.o ps7_cortexa9_0/lib/open.o ps7_cortexa9_0/lib/outbyte.o ps7_cortexa9_0/lib/pri
TRACE::2025-03-11.00:45:37::SCWMssOS::nt.o ps7_cortexa9_0/lib/putnum.o ps7_cortexa9_0/lib/read.o ps7_cortexa9_0/lib/sbrk.o ps7_cortexa9_0/lib/sleep.o ps7_cortexa9_0/
TRACE::2025-03-11.00:45:37::SCWMssOS::lib/time.o ps7_cortexa9_0/lib/translation_table.o ps7_cortexa9_0/lib/unlink.o ps7_cortexa9_0/lib/usleep.o ps7_cortexa9_0/lib/ve
TRACE::2025-03-11.00:45:37::SCWMssOS::ctors.o ps7_cortexa9_0/lib/write.o ps7_cortexa9_0/lib/xadcps.o ps7_cortexa9_0/lib/xadcps_g.o ps7_cortexa9_0/lib/xadcps_intr.o p
TRACE::2025-03-11.00:45:37::SCWMssOS::s7_cortexa9_0/lib/xadcps_selftest.o ps7_cortexa9_0/lib/xadcps_sinit.o ps7_cortexa9_0/lib/xbram.o ps7_cortexa9_0/lib/xbram_g.o p
TRACE::2025-03-11.00:45:37::SCWMssOS::s7_cortexa9_0/lib/xbram_intr.o ps7_cortexa9_0/lib/xbram_selftest.o ps7_cortexa9_0/lib/xbram_sinit.o ps7_cortexa9_0/lib/xcoresig
TRACE::2025-03-11.00:45:37::SCWMssOS::htpsdcc.o ps7_cortexa9_0/lib/xdevcfg.o ps7_cortexa9_0/lib/xdevcfg_g.o ps7_cortexa9_0/lib/xdevcfg_hw.o ps7_cortexa9_0/lib/xdevcf
TRACE::2025-03-11.00:45:37::SCWMssOS::g_intr.o ps7_cortexa9_0/lib/xdevcfg_selftest.o ps7_cortexa9_0/lib/xdevcfg_sinit.o ps7_cortexa9_0/lib/xdmaps.o ps7_cortexa9_0/li
TRACE::2025-03-11.00:45:37::SCWMssOS::b/xdmaps_g.o ps7_cortexa9_0/lib/xdmaps_hw.o ps7_cortexa9_0/lib/xdmaps_selftest.o ps7_cortexa9_0/lib/xdmaps_sinit.o ps7_cortexa9
TRACE::2025-03-11.00:45:37::SCWMssOS::_0/lib/xgpiops.o ps7_cortexa9_0/lib/xgpiops_g.o ps7_cortexa9_0/lib/xgpiops_hw.o ps7_cortexa9_0/lib/xgpiops_intr.o ps7_cortexa9_
TRACE::2025-03-11.00:45:37::SCWMssOS::0/lib/xgpiops_selftest.o ps7_cortexa9_0/lib/xgpiops_sinit.o ps7_cortexa9_0/lib/xil-crt0.o ps7_cortexa9_0/lib/xil_assert.o ps7_c
TRACE::2025-03-11.00:45:37::SCWMssOS::ortexa9_0/lib/xil_cache.o ps7_cortexa9_0/lib/xil_clocking.o ps7_cortexa9_0/lib/xil_exception.o ps7_cortexa9_0/lib/xil_mem.o ps7
TRACE::2025-03-11.00:45:37::SCWMssOS::_cortexa9_0/lib/xil_misc_psreset_api.o ps7_cortexa9_0/lib/xil_mmu.o ps7_cortexa9_0/lib/xil_printf.o ps7_cortexa9_0/lib/xil_slee
TRACE::2025-03-11.00:45:37::SCWMssOS::pcommon.o ps7_cortexa9_0/lib/xil_sleeptimer.o ps7_cortexa9_0/lib/xil_spinlock.o ps7_cortexa9_0/lib/xil_testcache.o ps7_cortexa9
TRACE::2025-03-11.00:45:37::SCWMssOS::_0/lib/xil_testio.o ps7_cortexa9_0/lib/xil_testmem.o ps7_cortexa9_0/lib/xil_util.o ps7_cortexa9_0/lib/xinterrupt_wrap.o ps7_cor
TRACE::2025-03-11.00:45:37::SCWMssOS::texa9_0/lib/xl2cc_counter.o ps7_cortexa9_0/lib/xplatform_info.o ps7_cortexa9_0/lib/xpm_counter.o ps7_cortexa9_0/lib/xscugic.o p
TRACE::2025-03-11.00:45:37::SCWMssOS::s7_cortexa9_0/lib/xscugic_g.o ps7_cortexa9_0/lib/xscugic_hw.o ps7_cortexa9_0/lib/xscugic_intr.o ps7_cortexa9_0/lib/xscugic_self
TRACE::2025-03-11.00:45:37::SCWMssOS::test.o ps7_cortexa9_0/lib/xscugic_sinit.o ps7_cortexa9_0/lib/xscutimer.o ps7_cortexa9_0/lib/xscutimer_g.o ps7_cortexa9_0/lib/xs
TRACE::2025-03-11.00:45:37::SCWMssOS::cutimer_selftest.o ps7_cortexa9_0/lib/xscutimer_sinit.o ps7_cortexa9_0/lib/xscuwdt.o ps7_cortexa9_0/lib/xscuwdt_g.o ps7_cortexa
TRACE::2025-03-11.00:45:37::SCWMssOS::9_0/lib/xscuwdt_selftest.o ps7_cortexa9_0/lib/xscuwdt_sinit.o ps7_cortexa9_0/lib/xtime_l.o ps7_cortexa9_0/lib/xuartps.o ps7_cor
TRACE::2025-03-11.00:45:37::SCWMssOS::texa9_0/lib/xuartps_g.o ps7_cortexa9_0/lib/xuartps_hw.o ps7_cortexa9_0/lib/xuartps_intr.o ps7_cortexa9_0/lib/xuartps_options.o 
TRACE::2025-03-11.00:45:37::SCWMssOS::ps7_cortexa9_0/lib/xuartps_selftest.o ps7_cortexa9_0/lib/xuartps_sinit.o

TRACE::2025-03-11.00:45:37::SCWMssOS::'Finished building libraries'

TRACE::2025-03-11.00:45:37::SCWMssOS::Copying to export directory.
TRACE::2025-03-11.00:45:37::SCWMssOS:: Checking if to create the Supporting Applications
TRACE::2025-03-11.00:45:37::SCWMssOS:: No Linux domain exists, trying to generate FSBL 
LOG::2025-03-11.00:45:37::SCWSystem::Completed Processing the domain standalone_ps7_cortexa9_0
LOG::2025-03-11.00:45:37::SCWSystem::Completed Processing the sysconfig design_1_wrapper
LOG::2025-03-11.00:45:37::SCWPlatform::Completed generating the artifacts for system configuration design_1_wrapper
TRACE::2025-03-11.00:45:37::SCWPlatform::Started preparing the platform 
TRACE::2025-03-11.00:45:37::SCWSystem::Writing the bif file for system config design_1_wrapper
TRACE::2025-03-11.00:45:37::SCWSystem::dir created 
TRACE::2025-03-11.00:45:37::SCWSystem::Writing the bif 
TRACE::2025-03-11.00:45:37::SCWPlatform::Started writing the spfm file 
TRACE::2025-03-11.00:45:37::SCWPlatform::Started writing the xpfm file 
TRACE::2025-03-11.00:45:37::SCWPlatform::Completed generating the platform
TRACE::2025-03-11.00:45:37::SCWMssOS::Saving the mss changes C:/Users/junoh/vivado23/DSD25_Termprj/00_RTL_Skeleton/workspace/design_1_wrapper/zynq_fsbl/zynq_fsbl_bsp/system.mss
TRACE::2025-03-11.00:45:37::SCWMssOS::Found a swdesign opened with the mssfile.
TRACE::2025-03-11.00:45:37::SCWMssOS::Completed writemss as part of save.
TRACE::2025-03-11.00:45:37::SCWMssOS::Commit changes completed.
TRACE::2025-03-11.00:45:37::SCWMssOS::Saving the mss changes C:/Users/junoh/vivado23/DSD25_Termprj/00_RTL_Skeleton/workspace/design_1_wrapper/ps7_cortexa9_0/standalone_ps7_cortexa9_0/bsp/system.mss
TRACE::2025-03-11.00:45:37::SCWMssOS::Found a swdesign opened with the mssfile.
TRACE::2025-03-11.00:45:37::SCWMssOS::Completed writemss as part of save.
TRACE::2025-03-11.00:45:37::SCWMssOS::Commit changes completed.
TRACE::2025-03-11.00:45:37::SCWPlatform::Trying to open the hw design at C:/Users/junoh/vivado23/DSD25_Termprj/00_RTL_Skeleton/workspace/design_1_wrapper/hw/design_1_wrapper.xsa
TRACE::2025-03-11.00:45:37::SCWPlatform::DSA given C:/Users/junoh/vivado23/DSD25_Termprj/00_RTL_Skeleton/workspace/design_1_wrapper/hw/design_1_wrapper.xsa
TRACE::2025-03-11.00:45:37::SCWPlatform::DSA absoulate path C:/Users/junoh/vivado23/DSD25_Termprj/00_RTL_Skeleton/workspace/design_1_wrapper/hw/design_1_wrapper.xsa
TRACE::2025-03-11.00:45:37::SCWPlatform::DSA directory C:/Users/junoh/vivado23/DSD25_Termprj/00_RTL_Skeleton/workspace/design_1_wrapper/hw
TRACE::2025-03-11.00:45:37::SCWPlatform:: Platform Path C:/Users/junoh/vivado23/DSD25_Termprj/00_RTL_Skeleton/workspace/design_1_wrapper/hw/design_1_wrapper.xsa
TRACE::2025-03-11.00:45:37::SCWPlatform:: Unique name xilinx:zybo-z7-20::0.0
TRACE::2025-03-11.00:45:37::SCWPlatform::Trying to set the existing hwdb with name design_1_wrapper_0
TRACE::2025-03-11.00:45:37::SCWPlatform::Opened existing hwdb design_1_wrapper_0
TRACE::2025-03-11.00:45:37::SCWPlatform::Found the Hw Db part of the input DSA
TRACE::2025-03-11.00:45:37::SCWMssOS::Checking the sw design at  C:/Users/junoh/vivado23/DSD25_Termprj/00_RTL_Skeleton/workspace/design_1_wrapper/zynq_fsbl/zynq_fsbl_bsp/system.mss
TRACE::2025-03-11.00:45:37::SCWMssOS::DEBUG:  swdes dump  C:/Users/junoh/vivado23/DSD25_Termprj/00_RTL_Skeleton/workspace/design_1_wrapper/ps7_cortexa9_0/standalone_ps7_cortexa9_0/bsp/system.mss|system_0||
C:/Users/junoh/vivado23/DSD25_Termprj/00_RTL_Skeleton/workspace/design_1_wrapper/zynq_fsbl/zynq_fsbl_bsp/system.mss|system||

TRACE::2025-03-11.00:45:37::SCWMssOS::Sw design exists and opened at  C:/Users/junoh/vivado23/DSD25_Termprj/00_RTL_Skeleton/workspace/design_1_wrapper/zynq_fsbl/zynq_fsbl_bsp/system.mss
TRACE::2025-03-11.00:45:37::SCWPlatform::Trying to open the hw design at C:/Users/junoh/vivado23/DSD25_Termprj/00_RTL_Skeleton/workspace/design_1_wrapper/hw/design_1_wrapper.xsa
TRACE::2025-03-11.00:45:37::SCWPlatform::DSA given C:/Users/junoh/vivado23/DSD25_Termprj/00_RTL_Skeleton/workspace/design_1_wrapper/hw/design_1_wrapper.xsa
TRACE::2025-03-11.00:45:37::SCWPlatform::DSA absoulate path C:/Users/junoh/vivado23/DSD25_Termprj/00_RTL_Skeleton/workspace/design_1_wrapper/hw/design_1_wrapper.xsa
TRACE::2025-03-11.00:45:37::SCWPlatform::DSA directory C:/Users/junoh/vivado23/DSD25_Termprj/00_RTL_Skeleton/workspace/design_1_wrapper/hw
TRACE::2025-03-11.00:45:37::SCWPlatform:: Platform Path C:/Users/junoh/vivado23/DSD25_Termprj/00_RTL_Skeleton/workspace/design_1_wrapper/hw/design_1_wrapper.xsa
TRACE::2025-03-11.00:45:37::SCWPlatform:: Unique name xilinx:zybo-z7-20::0.0
TRACE::2025-03-11.00:45:37::SCWPlatform::Trying to set the existing hwdb with name design_1_wrapper_0
TRACE::2025-03-11.00:45:37::SCWPlatform::Opened existing hwdb design_1_wrapper_0
TRACE::2025-03-11.00:45:37::SCWPlatform::Found the Hw Db part of the input DSA
TRACE::2025-03-11.00:45:37::SCWMssOS::Checking the sw design at  C:/Users/junoh/vivado23/DSD25_Termprj/00_RTL_Skeleton/workspace/design_1_wrapper/zynq_fsbl/zynq_fsbl_bsp/system.mss
TRACE::2025-03-11.00:45:37::SCWMssOS::DEBUG:  swdes dump  C:/Users/junoh/vivado23/DSD25_Termprj/00_RTL_Skeleton/workspace/design_1_wrapper/ps7_cortexa9_0/standalone_ps7_cortexa9_0/bsp/system.mss|system_0||
C:/Users/junoh/vivado23/DSD25_Termprj/00_RTL_Skeleton/workspace/design_1_wrapper/zynq_fsbl/zynq_fsbl_bsp/system.mss|system||

TRACE::2025-03-11.00:45:37::SCWMssOS::Sw design exists and opened at  C:/Users/junoh/vivado23/DSD25_Termprj/00_RTL_Skeleton/workspace/design_1_wrapper/zynq_fsbl/zynq_fsbl_bsp/system.mss
TRACE::2025-03-11.00:45:37::SCWPlatform::Trying to open the hw design at C:/Users/junoh/vivado23/DSD25_Termprj/00_RTL_Skeleton/workspace/design_1_wrapper/hw/design_1_wrapper.xsa
TRACE::2025-03-11.00:45:37::SCWPlatform::DSA given C:/Users/junoh/vivado23/DSD25_Termprj/00_RTL_Skeleton/workspace/design_1_wrapper/hw/design_1_wrapper.xsa
TRACE::2025-03-11.00:45:37::SCWPlatform::DSA absoulate path C:/Users/junoh/vivado23/DSD25_Termprj/00_RTL_Skeleton/workspace/design_1_wrapper/hw/design_1_wrapper.xsa
TRACE::2025-03-11.00:45:37::SCWPlatform::DSA directory C:/Users/junoh/vivado23/DSD25_Termprj/00_RTL_Skeleton/workspace/design_1_wrapper/hw
TRACE::2025-03-11.00:45:37::SCWPlatform:: Platform Path C:/Users/junoh/vivado23/DSD25_Termprj/00_RTL_Skeleton/workspace/design_1_wrapper/hw/design_1_wrapper.xsa
TRACE::2025-03-11.00:45:37::SCWPlatform:: Unique name xilinx:zybo-z7-20::0.0
TRACE::2025-03-11.00:45:37::SCWPlatform::Trying to set the existing hwdb with name design_1_wrapper_0
TRACE::2025-03-11.00:45:37::SCWPlatform::Opened existing hwdb design_1_wrapper_0
TRACE::2025-03-11.00:45:37::SCWPlatform::Found the Hw Db part of the input DSA
TRACE::2025-03-11.00:45:37::SCWMssOS::Checking the sw design at  C:/Users/junoh/vivado23/DSD25_Termprj/00_RTL_Skeleton/workspace/design_1_wrapper/zynq_fsbl/zynq_fsbl_bsp/system.mss
TRACE::2025-03-11.00:45:37::SCWMssOS::DEBUG:  swdes dump  C:/Users/junoh/vivado23/DSD25_Termprj/00_RTL_Skeleton/workspace/design_1_wrapper/ps7_cortexa9_0/standalone_ps7_cortexa9_0/bsp/system.mss|system_0||
C:/Users/junoh/vivado23/DSD25_Termprj/00_RTL_Skeleton/workspace/design_1_wrapper/zynq_fsbl/zynq_fsbl_bsp/system.mss|system||

TRACE::2025-03-11.00:45:37::SCWMssOS::Sw design exists and opened at  C:/Users/junoh/vivado23/DSD25_Termprj/00_RTL_Skeleton/workspace/design_1_wrapper/zynq_fsbl/zynq_fsbl_bsp/system.mss
TRACE::2025-03-11.00:45:37::SCWPlatform::Trying to open the hw design at C:/Users/junoh/vivado23/DSD25_Termprj/00_RTL_Skeleton/workspace/design_1_wrapper/hw/design_1_wrapper.xsa
TRACE::2025-03-11.00:45:37::SCWPlatform::DSA given C:/Users/junoh/vivado23/DSD25_Termprj/00_RTL_Skeleton/workspace/design_1_wrapper/hw/design_1_wrapper.xsa
TRACE::2025-03-11.00:45:37::SCWPlatform::DSA absoulate path C:/Users/junoh/vivado23/DSD25_Termprj/00_RTL_Skeleton/workspace/design_1_wrapper/hw/design_1_wrapper.xsa
TRACE::2025-03-11.00:45:37::SCWPlatform::DSA directory C:/Users/junoh/vivado23/DSD25_Termprj/00_RTL_Skeleton/workspace/design_1_wrapper/hw
TRACE::2025-03-11.00:45:37::SCWPlatform:: Platform Path C:/Users/junoh/vivado23/DSD25_Termprj/00_RTL_Skeleton/workspace/design_1_wrapper/hw/design_1_wrapper.xsa
TRACE::2025-03-11.00:45:37::SCWPlatform:: Unique name xilinx:zybo-z7-20::0.0
TRACE::2025-03-11.00:45:37::SCWPlatform::Trying to set the existing hwdb with name design_1_wrapper_0
TRACE::2025-03-11.00:45:37::SCWPlatform::Opened existing hwdb design_1_wrapper_0
TRACE::2025-03-11.00:45:37::SCWPlatform::Found the Hw Db part of the input DSA
TRACE::2025-03-11.00:45:37::SCWMssOS::Checking the sw design at  C:/Users/junoh/vivado23/DSD25_Termprj/00_RTL_Skeleton/workspace/design_1_wrapper/ps7_cortexa9_0/standalone_ps7_cortexa9_0/bsp/system.mss
TRACE::2025-03-11.00:45:37::SCWMssOS::DEBUG:  swdes dump  C:/Users/junoh/vivado23/DSD25_Termprj/00_RTL_Skeleton/workspace/design_1_wrapper/ps7_cortexa9_0/standalone_ps7_cortexa9_0/bsp/system.mss|system_0||
C:/Users/junoh/vivado23/DSD25_Termprj/00_RTL_Skeleton/workspace/design_1_wrapper/zynq_fsbl/zynq_fsbl_bsp/system.mss|system||

TRACE::2025-03-11.00:45:37::SCWMssOS::Sw design exists and opened at  C:/Users/junoh/vivado23/DSD25_Termprj/00_RTL_Skeleton/workspace/design_1_wrapper/ps7_cortexa9_0/standalone_ps7_cortexa9_0/bsp/system.mss
TRACE::2025-03-11.00:45:37::SCWPlatform::Trying to open the hw design at C:/Users/junoh/vivado23/DSD25_Termprj/00_RTL_Skeleton/workspace/design_1_wrapper/hw/design_1_wrapper.xsa
TRACE::2025-03-11.00:45:37::SCWPlatform::DSA given C:/Users/junoh/vivado23/DSD25_Termprj/00_RTL_Skeleton/workspace/design_1_wrapper/hw/design_1_wrapper.xsa
TRACE::2025-03-11.00:45:37::SCWPlatform::DSA absoulate path C:/Users/junoh/vivado23/DSD25_Termprj/00_RTL_Skeleton/workspace/design_1_wrapper/hw/design_1_wrapper.xsa
TRACE::2025-03-11.00:45:37::SCWPlatform::DSA directory C:/Users/junoh/vivado23/DSD25_Termprj/00_RTL_Skeleton/workspace/design_1_wrapper/hw
TRACE::2025-03-11.00:45:37::SCWPlatform:: Platform Path C:/Users/junoh/vivado23/DSD25_Termprj/00_RTL_Skeleton/workspace/design_1_wrapper/hw/design_1_wrapper.xsa
TRACE::2025-03-11.00:45:37::SCWPlatform:: Unique name xilinx:zybo-z7-20::0.0
TRACE::2025-03-11.00:45:37::SCWPlatform::Trying to set the existing hwdb with name design_1_wrapper_0
TRACE::2025-03-11.00:45:37::SCWPlatform::Opened existing hwdb design_1_wrapper_0
TRACE::2025-03-11.00:45:37::SCWPlatform::Found the Hw Db part of the input DSA
TRACE::2025-03-11.00:45:37::SCWMssOS::Checking the sw design at  C:/Users/junoh/vivado23/DSD25_Termprj/00_RTL_Skeleton/workspace/design_1_wrapper/ps7_cortexa9_0/standalone_ps7_cortexa9_0/bsp/system.mss
TRACE::2025-03-11.00:45:37::SCWMssOS::DEBUG:  swdes dump  C:/Users/junoh/vivado23/DSD25_Termprj/00_RTL_Skeleton/workspace/design_1_wrapper/ps7_cortexa9_0/standalone_ps7_cortexa9_0/bsp/system.mss|system_0||
C:/Users/junoh/vivado23/DSD25_Termprj/00_RTL_Skeleton/workspace/design_1_wrapper/zynq_fsbl/zynq_fsbl_bsp/system.mss|system||

TRACE::2025-03-11.00:45:37::SCWMssOS::Sw design exists and opened at  C:/Users/junoh/vivado23/DSD25_Termprj/00_RTL_Skeleton/workspace/design_1_wrapper/ps7_cortexa9_0/standalone_ps7_cortexa9_0/bsp/system.mss
TRACE::2025-03-11.00:45:37::SCWPlatform::Trying to open the hw design at C:/Users/junoh/vivado23/DSD25_Termprj/00_RTL_Skeleton/workspace/design_1_wrapper/hw/design_1_wrapper.xsa
TRACE::2025-03-11.00:45:37::SCWPlatform::DSA given C:/Users/junoh/vivado23/DSD25_Termprj/00_RTL_Skeleton/workspace/design_1_wrapper/hw/design_1_wrapper.xsa
TRACE::2025-03-11.00:45:37::SCWPlatform::DSA absoulate path C:/Users/junoh/vivado23/DSD25_Termprj/00_RTL_Skeleton/workspace/design_1_wrapper/hw/design_1_wrapper.xsa
TRACE::2025-03-11.00:45:37::SCWPlatform::DSA directory C:/Users/junoh/vivado23/DSD25_Termprj/00_RTL_Skeleton/workspace/design_1_wrapper/hw
TRACE::2025-03-11.00:45:37::SCWPlatform:: Platform Path C:/Users/junoh/vivado23/DSD25_Termprj/00_RTL_Skeleton/workspace/design_1_wrapper/hw/design_1_wrapper.xsa
TRACE::2025-03-11.00:45:37::SCWPlatform:: Unique name xilinx:zybo-z7-20::0.0
TRACE::2025-03-11.00:45:37::SCWPlatform::Trying to set the existing hwdb with name design_1_wrapper_0
TRACE::2025-03-11.00:45:37::SCWPlatform::Opened existing hwdb design_1_wrapper_0
TRACE::2025-03-11.00:45:37::SCWPlatform::Found the Hw Db part of the input DSA
TRACE::2025-03-11.00:45:37::SCWMssOS::Checking the sw design at  C:/Users/junoh/vivado23/DSD25_Termprj/00_RTL_Skeleton/workspace/design_1_wrapper/ps7_cortexa9_0/standalone_ps7_cortexa9_0/bsp/system.mss
TRACE::2025-03-11.00:45:37::SCWMssOS::DEBUG:  swdes dump  C:/Users/junoh/vivado23/DSD25_Termprj/00_RTL_Skeleton/workspace/design_1_wrapper/ps7_cortexa9_0/standalone_ps7_cortexa9_0/bsp/system.mss|system_0||
C:/Users/junoh/vivado23/DSD25_Termprj/00_RTL_Skeleton/workspace/design_1_wrapper/zynq_fsbl/zynq_fsbl_bsp/system.mss|system||

TRACE::2025-03-11.00:45:37::SCWMssOS::Sw design exists and opened at  C:/Users/junoh/vivado23/DSD25_Termprj/00_RTL_Skeleton/workspace/design_1_wrapper/ps7_cortexa9_0/standalone_ps7_cortexa9_0/bsp/system.mss
TRACE::2025-03-11.00:45:37::SCWWriter::formatted JSON is {
	"platformName":	"design_1_wrapper",
	"sprVersion":	"2.0",
	"mode":	"gui",
	"dsaType":	"Fixed",
	"platformDesc":	"design_1_wrapper",
	"platHandOff":	"C:/Users/junoh/vivado23/DSD25_Termprj/00_RTL_Skeleton/design_1_wrapper.xsa",
	"platIntHandOff":	"<platformDir>/hw/design_1_wrapper.xsa",
	"deviceType":	"zynq",
	"platIsPrebuiltAutogen":	"false",
	"platIsNoBootBsp":	"false",
	"platFsblTarget":	"ps7_cortexa9_0",
	"hasFsblMakeHasChanges":	"false",
	"hasPmufwMakeHasChanges":	"false",
	"fsblExtraCompilerFlags":	"-MMD -MP       -mcpu=cortex-a9 -mfpu=vfpv3 -mfloat-abi=hard ",
	"platPreBuiltFlag":	false,
	"platformSamplesDir":	"",
	"platActiveSys":	"design_1_wrapper",
	"systems":	[{
			"systemName":	"design_1_wrapper",
			"systemDesc":	"design_1_wrapper",
			"sysIsBootAutoGen":	"true",
			"systemDispName":	"design_1_wrapper",
			"sysActiveDom":	"standalone_ps7_cortexa9_0",
			"sysDefaultDom":	"standalone_ps7_cortexa9_0",
			"domains":	[{
					"domainName":	"zynq_fsbl",
					"domainDispName":	"zynq_fsbl",
					"domainDesc":	"FSBL Application BSP - Auto Generated.",
					"processors":	"ps7_cortexa9_0",
					"os":	"standalone",
					"sdxOs":	"standalone",
					"debugEnable":	"",
					"domRuntimes":	["cpp"],
					"swRepo":	"",
					"mssOsVer":	"8.1",
					"mssFile":	"",
					"md5Digest":	"18db037d21630273c43c35eef454af04",
					"compatibleApp":	"zynq_fsbl",
					"domType":	"bootDomain",
					"arch":	"32-bit",
					"appSettings":	{
						"appCompilerFlags":	"",
						"appLinkerFlags":	""
					},
					"addedLibs":	["xilffs:5.0", "xilrsa:1.6"],
					"libOptions":	{
						"libsContainingOptions":	[]
					},
					"prebuiltLibs":	{
						"prebuiltIncPath":	[],
						"prebuiltLibPath":	[]
					},
					"isolation":	{
					}
				}, {
					"domainName":	"standalone_ps7_cortexa9_0",
					"domainDispName":	"standalone_ps7_cortexa9_0",
					"domainDesc":	"standalone_ps7_cortexa9_0",
					"processors":	"ps7_cortexa9_0",
					"os":	"standalone",
					"sdxOs":	"standalone",
					"qemuArgs":	"<platformDir>/resources/design_1_wrapper/standalone_ps7_cortexa9_0/qemu_args.txt",
					"qemuData":	"<platformDir>/resources/design_1_wrapper/standalone_ps7_cortexa9_0/qemu",
					"debugEnable":	"False",
					"domRuntimes":	["cpp"],
					"swRepo":	"",
					"mssOsVer":	"8.1",
					"mssFile":	"",
					"md5Digest":	"f90644cd625b505de1ada2b5ad5e2e1f",
					"compatibleApp":	"hello_world",
					"domType":	"mssDomain",
					"arch":	"32-bit",
					"appSettings":	{
						"appCompilerFlags":	"",
						"appLinkerFlags":	""
					},
					"addedLibs":	[],
					"libOptions":	{
						"libsContainingOptions":	[]
					},
					"prebuiltLibs":	{
						"prebuiltIncPath":	[],
						"prebuiltLibPath":	[]
					},
					"isolation":	{
					}
				}]
		}]
}
KEYINFO::2025-03-11.00:45:37::SCWPlatform::updated the xpfm file.
TRACE::2025-03-11.00:45:38::SCWPlatform::Trying to open the hw design at C:/Users/junoh/vivado23/DSD25_Termprj/00_RTL_Skeleton/workspace/design_1_wrapper/hw/design_1_wrapper.xsa
TRACE::2025-03-11.00:45:38::SCWPlatform::DSA given C:/Users/junoh/vivado23/DSD25_Termprj/00_RTL_Skeleton/workspace/design_1_wrapper/hw/design_1_wrapper.xsa
TRACE::2025-03-11.00:45:38::SCWPlatform::DSA absoulate path C:/Users/junoh/vivado23/DSD25_Termprj/00_RTL_Skeleton/workspace/design_1_wrapper/hw/design_1_wrapper.xsa
TRACE::2025-03-11.00:45:38::SCWPlatform::DSA directory C:/Users/junoh/vivado23/DSD25_Termprj/00_RTL_Skeleton/workspace/design_1_wrapper/hw
TRACE::2025-03-11.00:45:38::SCWPlatform:: Platform Path C:/Users/junoh/vivado23/DSD25_Termprj/00_RTL_Skeleton/workspace/design_1_wrapper/hw/design_1_wrapper.xsa
TRACE::2025-03-11.00:45:38::SCWPlatform:: Unique name xilinx:zybo-z7-20::0.0
TRACE::2025-03-11.00:45:38::SCWPlatform::Trying to set the existing hwdb with name design_1_wrapper_0
TRACE::2025-03-11.00:45:38::SCWPlatform::Opened existing hwdb design_1_wrapper_0
TRACE::2025-03-11.00:45:38::SCWPlatform::Found the Hw Db part of the input DSA
TRACE::2025-03-11.00:45:38::SCWMssOS::Checking the sw design at  C:/Users/junoh/vivado23/DSD25_Termprj/00_RTL_Skeleton/workspace/design_1_wrapper/ps7_cortexa9_0/standalone_ps7_cortexa9_0/bsp/system.mss
TRACE::2025-03-11.00:45:38::SCWMssOS::DEBUG:  swdes dump  C:/Users/junoh/vivado23/DSD25_Termprj/00_RTL_Skeleton/workspace/design_1_wrapper/ps7_cortexa9_0/standalone_ps7_cortexa9_0/bsp/system.mss|system_0||
C:/Users/junoh/vivado23/DSD25_Termprj/00_RTL_Skeleton/workspace/design_1_wrapper/zynq_fsbl/zynq_fsbl_bsp/system.mss|system||

TRACE::2025-03-11.00:45:38::SCWMssOS::Sw design exists and opened at  C:/Users/junoh/vivado23/DSD25_Termprj/00_RTL_Skeleton/workspace/design_1_wrapper/ps7_cortexa9_0/standalone_ps7_cortexa9_0/bsp/system.mss
TRACE::2025-03-11.13:42:55::SCWPlatform::Trying to open the hw design at C:/Users/junoh/vivado23/DSD25_Termprj/00_RTL_Skeleton/workspace/design_1_wrapper/hw/design_1_wrapper.xsa
TRACE::2025-03-11.13:42:55::SCWPlatform::DSA given C:/Users/junoh/vivado23/DSD25_Termprj/00_RTL_Skeleton/workspace/design_1_wrapper/hw/design_1_wrapper.xsa
TRACE::2025-03-11.13:42:55::SCWPlatform::DSA absoulate path C:/Users/junoh/vivado23/DSD25_Termprj/00_RTL_Skeleton/workspace/design_1_wrapper/hw/design_1_wrapper.xsa
TRACE::2025-03-11.13:42:55::SCWPlatform::DSA directory C:/Users/junoh/vivado23/DSD25_Termprj/00_RTL_Skeleton/workspace/design_1_wrapper/hw
TRACE::2025-03-11.13:42:55::SCWPlatform:: Platform Path C:/Users/junoh/vivado23/DSD25_Termprj/00_RTL_Skeleton/workspace/design_1_wrapper/hw/design_1_wrapper.xsa
TRACE::2025-03-11.13:42:55::SCWPlatform:: Unique name xilinx:zybo-z7-20::0.0
TRACE::2025-03-11.13:42:55::SCWPlatform::Do not have an existing db opened. 
TRACE::2025-03-11.13:42:57::SCWPlatform::Opened new HwDB with name design_1_wrapper
TRACE::2025-03-11.13:42:57::SCWReader::Active system found as  design_1_wrapper
TRACE::2025-03-11.13:42:57::SCWReader::Handling sysconfig design_1_wrapper
TRACE::2025-03-11.13:42:57::SCWDomain::checking for install qemu data   : 
TRACE::2025-03-11.13:42:57::SCWDomain:: Using the QEMU Data from install at  : C:/Xilinx/Vitis/2023.1/data/emulation/platforms/zynq/sw/a9_standalone/qemu/
TRACE::2025-03-11.13:42:57::SCWDomain:: Using the QEMU args  from install at  : C:/Xilinx/Vitis/2023.1/data/emulation/platforms/zynq/sw/a9_standalone/qemu/qemu_args.txt
TRACE::2025-03-11.13:42:57::SCWPlatform::Trying to open the hw design at C:/Users/junoh/vivado23/DSD25_Termprj/00_RTL_Skeleton/workspace/design_1_wrapper/hw/design_1_wrapper.xsa
TRACE::2025-03-11.13:42:57::SCWPlatform::DSA given C:/Users/junoh/vivado23/DSD25_Termprj/00_RTL_Skeleton/workspace/design_1_wrapper/hw/design_1_wrapper.xsa
TRACE::2025-03-11.13:42:57::SCWPlatform::DSA absoulate path C:/Users/junoh/vivado23/DSD25_Termprj/00_RTL_Skeleton/workspace/design_1_wrapper/hw/design_1_wrapper.xsa
TRACE::2025-03-11.13:42:57::SCWPlatform::DSA directory C:/Users/junoh/vivado23/DSD25_Termprj/00_RTL_Skeleton/workspace/design_1_wrapper/hw
TRACE::2025-03-11.13:42:57::SCWPlatform:: Platform Path C:/Users/junoh/vivado23/DSD25_Termprj/00_RTL_Skeleton/workspace/design_1_wrapper/hw/design_1_wrapper.xsa
TRACE::2025-03-11.13:42:57::SCWPlatform:: Unique name xilinx:zybo-z7-20::0.0
TRACE::2025-03-11.13:42:57::SCWPlatform::Trying to set the existing hwdb with name design_1_wrapper
TRACE::2025-03-11.13:42:57::SCWPlatform::Opened existing hwdb design_1_wrapper
TRACE::2025-03-11.13:42:57::SCWPlatform::Found the Hw Db part of the input DSA
TRACE::2025-03-11.13:42:57::SCWPlatform::Trying to open the hw design at C:/Users/junoh/vivado23/DSD25_Termprj/00_RTL_Skeleton/workspace/design_1_wrapper/hw/design_1_wrapper.xsa
TRACE::2025-03-11.13:42:57::SCWPlatform::DSA given C:/Users/junoh/vivado23/DSD25_Termprj/00_RTL_Skeleton/workspace/design_1_wrapper/hw/design_1_wrapper.xsa
TRACE::2025-03-11.13:42:57::SCWPlatform::DSA absoulate path C:/Users/junoh/vivado23/DSD25_Termprj/00_RTL_Skeleton/workspace/design_1_wrapper/hw/design_1_wrapper.xsa
TRACE::2025-03-11.13:42:57::SCWPlatform::DSA directory C:/Users/junoh/vivado23/DSD25_Termprj/00_RTL_Skeleton/workspace/design_1_wrapper/hw
TRACE::2025-03-11.13:42:57::SCWPlatform:: Platform Path C:/Users/junoh/vivado23/DSD25_Termprj/00_RTL_Skeleton/workspace/design_1_wrapper/hw/design_1_wrapper.xsa
TRACE::2025-03-11.13:42:57::SCWPlatform:: Unique name xilinx:zybo-z7-20::0.0
TRACE::2025-03-11.13:42:57::SCWPlatform::Trying to set the existing hwdb with name design_1_wrapper
TRACE::2025-03-11.13:42:57::SCWPlatform::Opened existing hwdb design_1_wrapper
TRACE::2025-03-11.13:42:57::SCWPlatform::Found the Hw Db part of the input DSA
TRACE::2025-03-11.13:42:57::SCWPlatform::Trying to open the hw design at C:/Users/junoh/vivado23/DSD25_Termprj/00_RTL_Skeleton/workspace/design_1_wrapper/hw/design_1_wrapper.xsa
TRACE::2025-03-11.13:42:57::SCWPlatform::DSA given C:/Users/junoh/vivado23/DSD25_Termprj/00_RTL_Skeleton/workspace/design_1_wrapper/hw/design_1_wrapper.xsa
TRACE::2025-03-11.13:42:57::SCWPlatform::DSA absoulate path C:/Users/junoh/vivado23/DSD25_Termprj/00_RTL_Skeleton/workspace/design_1_wrapper/hw/design_1_wrapper.xsa
TRACE::2025-03-11.13:42:57::SCWPlatform::DSA directory C:/Users/junoh/vivado23/DSD25_Termprj/00_RTL_Skeleton/workspace/design_1_wrapper/hw
TRACE::2025-03-11.13:42:57::SCWPlatform:: Platform Path C:/Users/junoh/vivado23/DSD25_Termprj/00_RTL_Skeleton/workspace/design_1_wrapper/hw/design_1_wrapper.xsa
TRACE::2025-03-11.13:42:57::SCWPlatform:: Unique name xilinx:zybo-z7-20::0.0
TRACE::2025-03-11.13:42:57::SCWPlatform::Trying to set the existing hwdb with name design_1_wrapper
TRACE::2025-03-11.13:42:57::SCWPlatform::Opened existing hwdb design_1_wrapper
TRACE::2025-03-11.13:42:57::SCWPlatform::Found the Hw Db part of the input DSA
TRACE::2025-03-11.13:42:57::SCWReader::Boot application domain added for zynq_fsbl
TRACE::2025-03-11.13:42:57::SCWPlatform::Trying to open the hw design at C:/Users/junoh/vivado23/DSD25_Termprj/00_RTL_Skeleton/workspace/design_1_wrapper/hw/design_1_wrapper.xsa
TRACE::2025-03-11.13:42:57::SCWPlatform::DSA given C:/Users/junoh/vivado23/DSD25_Termprj/00_RTL_Skeleton/workspace/design_1_wrapper/hw/design_1_wrapper.xsa
TRACE::2025-03-11.13:42:57::SCWPlatform::DSA absoulate path C:/Users/junoh/vivado23/DSD25_Termprj/00_RTL_Skeleton/workspace/design_1_wrapper/hw/design_1_wrapper.xsa
TRACE::2025-03-11.13:42:57::SCWPlatform::DSA directory C:/Users/junoh/vivado23/DSD25_Termprj/00_RTL_Skeleton/workspace/design_1_wrapper/hw
TRACE::2025-03-11.13:42:57::SCWPlatform:: Platform Path C:/Users/junoh/vivado23/DSD25_Termprj/00_RTL_Skeleton/workspace/design_1_wrapper/hw/design_1_wrapper.xsa
TRACE::2025-03-11.13:42:57::SCWPlatform:: Unique name xilinx:zybo-z7-20::0.0
TRACE::2025-03-11.13:42:57::SCWPlatform::Trying to set the existing hwdb with name design_1_wrapper
TRACE::2025-03-11.13:42:57::SCWPlatform::Opened existing hwdb design_1_wrapper
TRACE::2025-03-11.13:42:57::SCWPlatform::Found the Hw Db part of the input DSA
TRACE::2025-03-11.13:42:57::SCWMssOS::Checking the sw design at  C:/Users/junoh/vivado23/DSD25_Termprj/00_RTL_Skeleton/workspace/design_1_wrapper/zynq_fsbl/zynq_fsbl_bsp/system.mss
TRACE::2025-03-11.13:42:57::SCWMssOS::DEBUG:  swdes dump  
TRACE::2025-03-11.13:42:57::SCWMssOS::No sw design opened at  C:/Users/junoh/vivado23/DSD25_Termprj/00_RTL_Skeleton/workspace/design_1_wrapper/zynq_fsbl/zynq_fsbl_bsp/system.mss
TRACE::2025-03-11.13:42:57::SCWMssOS::mss exists loading the mss file  C:/Users/junoh/vivado23/DSD25_Termprj/00_RTL_Skeleton/workspace/design_1_wrapper/zynq_fsbl/zynq_fsbl_bsp/system.mss
TRACE::2025-03-11.13:42:57::SCWMssOS::Opened the sw design from mss  C:/Users/junoh/vivado23/DSD25_Termprj/00_RTL_Skeleton/workspace/design_1_wrapper/zynq_fsbl/zynq_fsbl_bsp/system.mss
TRACE::2025-03-11.13:42:57::SCWMssOS::Adding the swdes entry C:/Users/junoh/vivado23/DSD25_Termprj/00_RTL_Skeleton/workspace/design_1_wrapper/zynq_fsbl/zynq_fsbl_bsp/system.mss with des name system
TRACE::2025-03-11.13:42:57::SCWMssOS::updating the scw layer about changes
TRACE::2025-03-11.13:42:57::SCWMssOS::Opened the sw design.  C:/Users/junoh/vivado23/DSD25_Termprj/00_RTL_Skeleton/workspace/design_1_wrapper/zynq_fsbl/zynq_fsbl_bsp/system.mss
TRACE::2025-03-11.13:42:57::SCWPlatform::Trying to open the hw design at C:/Users/junoh/vivado23/DSD25_Termprj/00_RTL_Skeleton/workspace/design_1_wrapper/hw/design_1_wrapper.xsa
TRACE::2025-03-11.13:42:57::SCWPlatform::DSA given C:/Users/junoh/vivado23/DSD25_Termprj/00_RTL_Skeleton/workspace/design_1_wrapper/hw/design_1_wrapper.xsa
TRACE::2025-03-11.13:42:57::SCWPlatform::DSA absoulate path C:/Users/junoh/vivado23/DSD25_Termprj/00_RTL_Skeleton/workspace/design_1_wrapper/hw/design_1_wrapper.xsa
TRACE::2025-03-11.13:42:57::SCWPlatform::DSA directory C:/Users/junoh/vivado23/DSD25_Termprj/00_RTL_Skeleton/workspace/design_1_wrapper/hw
TRACE::2025-03-11.13:42:57::SCWPlatform:: Platform Path C:/Users/junoh/vivado23/DSD25_Termprj/00_RTL_Skeleton/workspace/design_1_wrapper/hw/design_1_wrapper.xsa
TRACE::2025-03-11.13:42:57::SCWPlatform:: Unique name xilinx:zybo-z7-20::0.0
TRACE::2025-03-11.13:42:57::SCWPlatform::Trying to set the existing hwdb with name design_1_wrapper
TRACE::2025-03-11.13:42:57::SCWPlatform::Opened existing hwdb design_1_wrapper
TRACE::2025-03-11.13:42:57::SCWPlatform::Found the Hw Db part of the input DSA
TRACE::2025-03-11.13:42:57::SCWMssOS::Checking the sw design at  C:/Users/junoh/vivado23/DSD25_Termprj/00_RTL_Skeleton/workspace/design_1_wrapper/zynq_fsbl/zynq_fsbl_bsp/system.mss
TRACE::2025-03-11.13:42:57::SCWMssOS::DEBUG:  swdes dump  C:/Users/junoh/vivado23/DSD25_Termprj/00_RTL_Skeleton/workspace/design_1_wrapper/zynq_fsbl/zynq_fsbl_bsp/system.mss|system||

TRACE::2025-03-11.13:42:57::SCWMssOS::Sw design exists and opened at  C:/Users/junoh/vivado23/DSD25_Termprj/00_RTL_Skeleton/workspace/design_1_wrapper/zynq_fsbl/zynq_fsbl_bsp/system.mss
TRACE::2025-03-11.13:42:57::SCWMssOS:: library already available in sw design:  xilffs:5.0
TRACE::2025-03-11.13:42:57::SCWPlatform::Trying to open the hw design at C:/Users/junoh/vivado23/DSD25_Termprj/00_RTL_Skeleton/workspace/design_1_wrapper/hw/design_1_wrapper.xsa
TRACE::2025-03-11.13:42:57::SCWPlatform::DSA given C:/Users/junoh/vivado23/DSD25_Termprj/00_RTL_Skeleton/workspace/design_1_wrapper/hw/design_1_wrapper.xsa
TRACE::2025-03-11.13:42:57::SCWPlatform::DSA absoulate path C:/Users/junoh/vivado23/DSD25_Termprj/00_RTL_Skeleton/workspace/design_1_wrapper/hw/design_1_wrapper.xsa
TRACE::2025-03-11.13:42:57::SCWPlatform::DSA directory C:/Users/junoh/vivado23/DSD25_Termprj/00_RTL_Skeleton/workspace/design_1_wrapper/hw
TRACE::2025-03-11.13:42:57::SCWPlatform:: Platform Path C:/Users/junoh/vivado23/DSD25_Termprj/00_RTL_Skeleton/workspace/design_1_wrapper/hw/design_1_wrapper.xsa
TRACE::2025-03-11.13:42:57::SCWPlatform:: Unique name xilinx:zybo-z7-20::0.0
TRACE::2025-03-11.13:42:57::SCWPlatform::Trying to set the existing hwdb with name design_1_wrapper
TRACE::2025-03-11.13:42:57::SCWPlatform::Opened existing hwdb design_1_wrapper
TRACE::2025-03-11.13:42:57::SCWPlatform::Found the Hw Db part of the input DSA
TRACE::2025-03-11.13:42:57::SCWMssOS::Checking the sw design at  C:/Users/junoh/vivado23/DSD25_Termprj/00_RTL_Skeleton/workspace/design_1_wrapper/zynq_fsbl/zynq_fsbl_bsp/system.mss
TRACE::2025-03-11.13:42:57::SCWMssOS::DEBUG:  swdes dump  C:/Users/junoh/vivado23/DSD25_Termprj/00_RTL_Skeleton/workspace/design_1_wrapper/zynq_fsbl/zynq_fsbl_bsp/system.mss|system||

TRACE::2025-03-11.13:42:57::SCWMssOS::Sw design exists and opened at  C:/Users/junoh/vivado23/DSD25_Termprj/00_RTL_Skeleton/workspace/design_1_wrapper/zynq_fsbl/zynq_fsbl_bsp/system.mss
TRACE::2025-03-11.13:42:57::SCWMssOS:: library already available in sw design:  xilrsa:1.6
TRACE::2025-03-11.13:42:57::SCWMssOS::Saving the mss changes C:/Users/junoh/vivado23/DSD25_Termprj/00_RTL_Skeleton/workspace/design_1_wrapper/zynq_fsbl/zynq_fsbl_bsp/system.mss
TRACE::2025-03-11.13:42:57::SCWMssOS::Found a swdesign opened with the mssfile.
TRACE::2025-03-11.13:42:57::SCWMssOS::Completed writemss as part of save.
TRACE::2025-03-11.13:42:57::SCWMssOS::Commit changes completed.
TRACE::2025-03-11.13:42:57::SCWReader::Adding prebuilt librarypaths as   
TRACE::2025-03-11.13:42:57::SCWReader::Adding prebuilt incpaths  as   
TRACE::2025-03-11.13:42:57::SCWPlatform::Trying to open the hw design at C:/Users/junoh/vivado23/DSD25_Termprj/00_RTL_Skeleton/workspace/design_1_wrapper/hw/design_1_wrapper.xsa
TRACE::2025-03-11.13:42:57::SCWPlatform::DSA given C:/Users/junoh/vivado23/DSD25_Termprj/00_RTL_Skeleton/workspace/design_1_wrapper/hw/design_1_wrapper.xsa
TRACE::2025-03-11.13:42:57::SCWPlatform::DSA absoulate path C:/Users/junoh/vivado23/DSD25_Termprj/00_RTL_Skeleton/workspace/design_1_wrapper/hw/design_1_wrapper.xsa
TRACE::2025-03-11.13:42:57::SCWPlatform::DSA directory C:/Users/junoh/vivado23/DSD25_Termprj/00_RTL_Skeleton/workspace/design_1_wrapper/hw
TRACE::2025-03-11.13:42:57::SCWPlatform:: Platform Path C:/Users/junoh/vivado23/DSD25_Termprj/00_RTL_Skeleton/workspace/design_1_wrapper/hw/design_1_wrapper.xsa
TRACE::2025-03-11.13:42:57::SCWPlatform:: Unique name xilinx:zybo-z7-20::0.0
TRACE::2025-03-11.13:42:57::SCWPlatform::Trying to set the existing hwdb with name design_1_wrapper
TRACE::2025-03-11.13:42:57::SCWPlatform::Opened existing hwdb design_1_wrapper
TRACE::2025-03-11.13:42:57::SCWPlatform::Found the Hw Db part of the input DSA
TRACE::2025-03-11.13:42:57::SCWMssOS::Checking the sw design at  C:/Users/junoh/vivado23/DSD25_Termprj/00_RTL_Skeleton/workspace/design_1_wrapper/zynq_fsbl/zynq_fsbl_bsp/system.mss
TRACE::2025-03-11.13:42:57::SCWMssOS::DEBUG:  swdes dump  C:/Users/junoh/vivado23/DSD25_Termprj/00_RTL_Skeleton/workspace/design_1_wrapper/zynq_fsbl/zynq_fsbl_bsp/system.mss|system||

TRACE::2025-03-11.13:42:57::SCWMssOS::Sw design exists and opened at  C:/Users/junoh/vivado23/DSD25_Termprj/00_RTL_Skeleton/workspace/design_1_wrapper/zynq_fsbl/zynq_fsbl_bsp/system.mss
TRACE::2025-03-11.13:42:57::SCWReader::No isolation master present  
TRACE::2025-03-11.13:42:57::SCWDomain::checking for install qemu data   : 
TRACE::2025-03-11.13:42:57::SCWDomain:: Using the QEMU Data from install at  : C:/Xilinx/Vitis/2023.1/data/emulation/platforms/zynq/sw/a9_standalone/qemu/
TRACE::2025-03-11.13:42:57::SCWDomain:: Using the QEMU args  from install at  : C:/Xilinx/Vitis/2023.1/data/emulation/platforms/zynq/sw/a9_standalone/qemu/qemu_args.txt
TRACE::2025-03-11.13:42:57::SCWPlatform::Trying to open the hw design at C:/Users/junoh/vivado23/DSD25_Termprj/00_RTL_Skeleton/workspace/design_1_wrapper/hw/design_1_wrapper.xsa
TRACE::2025-03-11.13:42:57::SCWPlatform::DSA given C:/Users/junoh/vivado23/DSD25_Termprj/00_RTL_Skeleton/workspace/design_1_wrapper/hw/design_1_wrapper.xsa
TRACE::2025-03-11.13:42:57::SCWPlatform::DSA absoulate path C:/Users/junoh/vivado23/DSD25_Termprj/00_RTL_Skeleton/workspace/design_1_wrapper/hw/design_1_wrapper.xsa
TRACE::2025-03-11.13:42:57::SCWPlatform::DSA directory C:/Users/junoh/vivado23/DSD25_Termprj/00_RTL_Skeleton/workspace/design_1_wrapper/hw
TRACE::2025-03-11.13:42:57::SCWPlatform:: Platform Path C:/Users/junoh/vivado23/DSD25_Termprj/00_RTL_Skeleton/workspace/design_1_wrapper/hw/design_1_wrapper.xsa
TRACE::2025-03-11.13:42:57::SCWPlatform:: Unique name xilinx:zybo-z7-20::0.0
TRACE::2025-03-11.13:42:57::SCWPlatform::Trying to set the existing hwdb with name design_1_wrapper
TRACE::2025-03-11.13:42:57::SCWPlatform::Opened existing hwdb design_1_wrapper
TRACE::2025-03-11.13:42:57::SCWPlatform::Found the Hw Db part of the input DSA
TRACE::2025-03-11.13:42:57::SCWPlatform::Trying to open the hw design at C:/Users/junoh/vivado23/DSD25_Termprj/00_RTL_Skeleton/workspace/design_1_wrapper/hw/design_1_wrapper.xsa
TRACE::2025-03-11.13:42:57::SCWPlatform::DSA given C:/Users/junoh/vivado23/DSD25_Termprj/00_RTL_Skeleton/workspace/design_1_wrapper/hw/design_1_wrapper.xsa
TRACE::2025-03-11.13:42:57::SCWPlatform::DSA absoulate path C:/Users/junoh/vivado23/DSD25_Termprj/00_RTL_Skeleton/workspace/design_1_wrapper/hw/design_1_wrapper.xsa
TRACE::2025-03-11.13:42:57::SCWPlatform::DSA directory C:/Users/junoh/vivado23/DSD25_Termprj/00_RTL_Skeleton/workspace/design_1_wrapper/hw
TRACE::2025-03-11.13:42:57::SCWPlatform:: Platform Path C:/Users/junoh/vivado23/DSD25_Termprj/00_RTL_Skeleton/workspace/design_1_wrapper/hw/design_1_wrapper.xsa
TRACE::2025-03-11.13:42:57::SCWPlatform:: Unique name xilinx:zybo-z7-20::0.0
TRACE::2025-03-11.13:42:57::SCWPlatform::Trying to set the existing hwdb with name design_1_wrapper
TRACE::2025-03-11.13:42:57::SCWPlatform::Opened existing hwdb design_1_wrapper
TRACE::2025-03-11.13:42:57::SCWPlatform::Found the Hw Db part of the input DSA
TRACE::2025-03-11.13:42:57::SCWPlatform::Trying to open the hw design at C:/Users/junoh/vivado23/DSD25_Termprj/00_RTL_Skeleton/workspace/design_1_wrapper/hw/design_1_wrapper.xsa
TRACE::2025-03-11.13:42:57::SCWPlatform::DSA given C:/Users/junoh/vivado23/DSD25_Termprj/00_RTL_Skeleton/workspace/design_1_wrapper/hw/design_1_wrapper.xsa
TRACE::2025-03-11.13:42:57::SCWPlatform::DSA absoulate path C:/Users/junoh/vivado23/DSD25_Termprj/00_RTL_Skeleton/workspace/design_1_wrapper/hw/design_1_wrapper.xsa
TRACE::2025-03-11.13:42:57::SCWPlatform::DSA directory C:/Users/junoh/vivado23/DSD25_Termprj/00_RTL_Skeleton/workspace/design_1_wrapper/hw
TRACE::2025-03-11.13:42:57::SCWPlatform:: Platform Path C:/Users/junoh/vivado23/DSD25_Termprj/00_RTL_Skeleton/workspace/design_1_wrapper/hw/design_1_wrapper.xsa
TRACE::2025-03-11.13:42:57::SCWPlatform:: Unique name xilinx:zybo-z7-20::0.0
TRACE::2025-03-11.13:42:57::SCWPlatform::Trying to set the existing hwdb with name design_1_wrapper
TRACE::2025-03-11.13:42:57::SCWPlatform::Opened existing hwdb design_1_wrapper
TRACE::2025-03-11.13:42:57::SCWPlatform::Found the Hw Db part of the input DSA
TRACE::2025-03-11.13:42:57::SCWMssOS::Checking the sw design at  C:/Users/junoh/vivado23/DSD25_Termprj/00_RTL_Skeleton/workspace/design_1_wrapper/ps7_cortexa9_0/standalone_ps7_cortexa9_0/bsp/system.mss
TRACE::2025-03-11.13:42:57::SCWMssOS::DEBUG:  swdes dump  C:/Users/junoh/vivado23/DSD25_Termprj/00_RTL_Skeleton/workspace/design_1_wrapper/zynq_fsbl/zynq_fsbl_bsp/system.mss|system||

TRACE::2025-03-11.13:42:57::SCWMssOS::No sw design opened at  C:/Users/junoh/vivado23/DSD25_Termprj/00_RTL_Skeleton/workspace/design_1_wrapper/ps7_cortexa9_0/standalone_ps7_cortexa9_0/bsp/system.mss
TRACE::2025-03-11.13:42:57::SCWMssOS::mss exists loading the mss file  C:/Users/junoh/vivado23/DSD25_Termprj/00_RTL_Skeleton/workspace/design_1_wrapper/ps7_cortexa9_0/standalone_ps7_cortexa9_0/bsp/system.mss
TRACE::2025-03-11.13:42:57::SCWMssOS::Opened the sw design from mss  C:/Users/junoh/vivado23/DSD25_Termprj/00_RTL_Skeleton/workspace/design_1_wrapper/ps7_cortexa9_0/standalone_ps7_cortexa9_0/bsp/system.mss
TRACE::2025-03-11.13:42:57::SCWMssOS::Adding the swdes entry C:/Users/junoh/vivado23/DSD25_Termprj/00_RTL_Skeleton/workspace/design_1_wrapper/ps7_cortexa9_0/standalone_ps7_cortexa9_0/bsp/system.mss with des name system_0
TRACE::2025-03-11.13:42:57::SCWMssOS::updating the scw layer about changes
TRACE::2025-03-11.13:42:57::SCWMssOS::Opened the sw design.  C:/Users/junoh/vivado23/DSD25_Termprj/00_RTL_Skeleton/workspace/design_1_wrapper/ps7_cortexa9_0/standalone_ps7_cortexa9_0/bsp/system.mss
TRACE::2025-03-11.13:42:57::SCWMssOS::Saving the mss changes C:/Users/junoh/vivado23/DSD25_Termprj/00_RTL_Skeleton/workspace/design_1_wrapper/ps7_cortexa9_0/standalone_ps7_cortexa9_0/bsp/system.mss
TRACE::2025-03-11.13:42:57::SCWMssOS::Found a swdesign opened with the mssfile.
TRACE::2025-03-11.13:42:57::SCWMssOS::Completed writemss as part of save.
TRACE::2025-03-11.13:42:57::SCWMssOS::Commit changes completed.
TRACE::2025-03-11.13:42:57::SCWReader::Adding prebuilt librarypaths as   
TRACE::2025-03-11.13:42:57::SCWReader::Adding prebuilt incpaths  as   
TRACE::2025-03-11.13:42:57::SCWPlatform::Trying to open the hw design at C:/Users/junoh/vivado23/DSD25_Termprj/00_RTL_Skeleton/workspace/design_1_wrapper/hw/design_1_wrapper.xsa
TRACE::2025-03-11.13:42:57::SCWPlatform::DSA given C:/Users/junoh/vivado23/DSD25_Termprj/00_RTL_Skeleton/workspace/design_1_wrapper/hw/design_1_wrapper.xsa
TRACE::2025-03-11.13:42:57::SCWPlatform::DSA absoulate path C:/Users/junoh/vivado23/DSD25_Termprj/00_RTL_Skeleton/workspace/design_1_wrapper/hw/design_1_wrapper.xsa
TRACE::2025-03-11.13:42:57::SCWPlatform::DSA directory C:/Users/junoh/vivado23/DSD25_Termprj/00_RTL_Skeleton/workspace/design_1_wrapper/hw
TRACE::2025-03-11.13:42:57::SCWPlatform:: Platform Path C:/Users/junoh/vivado23/DSD25_Termprj/00_RTL_Skeleton/workspace/design_1_wrapper/hw/design_1_wrapper.xsa
TRACE::2025-03-11.13:42:57::SCWPlatform:: Unique name xilinx:zybo-z7-20::0.0
TRACE::2025-03-11.13:42:57::SCWPlatform::Trying to set the existing hwdb with name design_1_wrapper
TRACE::2025-03-11.13:42:57::SCWPlatform::Opened existing hwdb design_1_wrapper
TRACE::2025-03-11.13:42:57::SCWPlatform::Found the Hw Db part of the input DSA
TRACE::2025-03-11.13:42:57::SCWMssOS::Checking the sw design at  C:/Users/junoh/vivado23/DSD25_Termprj/00_RTL_Skeleton/workspace/design_1_wrapper/ps7_cortexa9_0/standalone_ps7_cortexa9_0/bsp/system.mss
TRACE::2025-03-11.13:42:57::SCWMssOS::DEBUG:  swdes dump  C:/Users/junoh/vivado23/DSD25_Termprj/00_RTL_Skeleton/workspace/design_1_wrapper/ps7_cortexa9_0/standalone_ps7_cortexa9_0/bsp/system.mss|system_0||
C:/Users/junoh/vivado23/DSD25_Termprj/00_RTL_Skeleton/workspace/design_1_wrapper/zynq_fsbl/zynq_fsbl_bsp/system.mss|system||

TRACE::2025-03-11.13:42:57::SCWMssOS::Sw design exists and opened at  C:/Users/junoh/vivado23/DSD25_Termprj/00_RTL_Skeleton/workspace/design_1_wrapper/ps7_cortexa9_0/standalone_ps7_cortexa9_0/bsp/system.mss
TRACE::2025-03-11.13:42:57::SCWReader::No isolation master present  
TRACE::2025-03-11.13:42:58::SCWBDomain::System Command Ran  C:&  cd  C:/Users/junoh/vivado23/DSD25_Termprj/00_RTL_Skeleton/workspace/design_1_wrapper/zynq_fsbl & make clean
TRACE::2025-03-11.13:42:59::SCWBDomain::rm -rf  sd.o  nand.o  image_mover.o  md5.o  fsbl_hooks.o  main.o  nor.o  qspi.o  rsa.o  ps7_init.o  pcap.o  fsbl_handoff.o zynq
TRACE::2025-03-11.13:42:59::SCWBDomain::_fsbl_bsp/ps7_cortexa9_0/lib/libxil.a fsbl.elf *.o

TRACE::2025-03-11.13:42:59::SCWBDomain::System Command Ran  C:&  cd  C:/Users/junoh/vivado23/DSD25_Termprj/00_RTL_Skeleton/workspace/design_1_wrapper/zynq_fsbl/zynq_fsbl_bsp & make clean
TRACE::2025-03-11.13:42:59::SCWBDomain::make -C ps7_cortexa9_0/libsrc/bram_v4_8/src -s clean 

TRACE::2025-03-11.13:42:59::SCWBDomain::make -C ps7_cortexa9_0/libsrc/coresightps_dcc_v1_8/src -s clean 

TRACE::2025-03-11.13:42:59::SCWBDomain::make -C ps7_cortexa9_0/libsrc/cpu_cortexa9_v2_11/src -s clean 

TRACE::2025-03-11.13:42:59::SCWBDomain::make -C ps7_cortexa9_0/libsrc/ddrps_v1_2/src -s clean 

TRACE::2025-03-11.13:42:59::SCWBDomain::make -C ps7_cortexa9_0/libsrc/devcfg_v3_7/src -s clean 

TRACE::2025-03-11.13:42:59::SCWBDomain::make -C ps7_cortexa9_0/libsrc/dmaps_v2_8/src -s clean 

TRACE::2025-03-11.13:43:00::SCWBDomain::make -C ps7_cortexa9_0/libsrc/gpiops_v3_11/src -s clean 

TRACE::2025-03-11.13:43:00::SCWBDomain::make -C ps7_cortexa9_0/libsrc/scugic_v5_1/src -s clean 

TRACE::2025-03-11.13:43:00::SCWBDomain::make -C ps7_cortexa9_0/libsrc/scutimer_v2_4/src -s clean 

TRACE::2025-03-11.13:43:00::SCWBDomain::make -C ps7_cortexa9_0/libsrc/scuwdt_v2_4/src -s clean 

TRACE::2025-03-11.13:43:00::SCWBDomain::make -C ps7_cortexa9_0/libsrc/standalone_v8_1/src -s clean 

TRACE::2025-03-11.13:43:01::SCWBDomain::make -C ps7_cortexa9_0/libsrc/uartps_v3_12/src -s clean 

TRACE::2025-03-11.13:43:01::SCWBDomain::make -C ps7_cortexa9_0/libsrc/xadcps_v2_6/src -s clean 

TRACE::2025-03-11.13:43:01::SCWBDomain::make -C ps7_cortexa9_0/libsrc/xilffs_v5_0/src -s clean 

TRACE::2025-03-11.13:43:01::SCWBDomain::make -C ps7_cortexa9_0/libsrc/xilrsa_v1_6/src -s clean 

TRACE::2025-03-11.13:43:01::SCWBDomain::rm -f ps7_cortexa9_0/lib/libxil.a

TRACE::2025-03-11.13:43:02::SCWMssOS::cleaning the bsp 
TRACE::2025-03-11.13:43:02::SCWMssOS::System Command Ran  C: & cd  C:/Users/junoh/vivado23/DSD25_Termprj/00_RTL_Skeleton/workspace/design_1_wrapper/ps7_cortexa9_0/standalone_ps7_cortexa9_0/bsp & make clean 
TRACE::2025-03-11.13:43:02::SCWMssOS::make -C ps7_cortexa9_0/libsrc/bram_v4_8/src -s clean 

TRACE::2025-03-11.13:43:02::SCWMssOS::make -C ps7_cortexa9_0/libsrc/coresightps_dcc_v1_8/src -s clean 

TRACE::2025-03-11.13:43:02::SCWMssOS::make -C ps7_cortexa9_0/libsrc/cpu_cortexa9_v2_11/src -s clean 

TRACE::2025-03-11.13:43:02::SCWMssOS::make -C ps7_cortexa9_0/libsrc/ddrps_v1_2/src -s clean 

TRACE::2025-03-11.13:43:02::SCWMssOS::make -C ps7_cortexa9_0/libsrc/devcfg_v3_7/src -s clean 

TRACE::2025-03-11.13:43:02::SCWMssOS::make -C ps7_cortexa9_0/libsrc/dmaps_v2_8/src -s clean 

TRACE::2025-03-11.13:43:02::SCWMssOS::make -C ps7_cortexa9_0/libsrc/gpiops_v3_11/src -s clean 

TRACE::2025-03-11.13:43:02::SCWMssOS::make -C ps7_cortexa9_0/libsrc/scugic_v5_1/src -s clean 

TRACE::2025-03-11.13:43:02::SCWMssOS::make -C ps7_cortexa9_0/libsrc/scutimer_v2_4/src -s clean 

TRACE::2025-03-11.13:43:03::SCWMssOS::make -C ps7_cortexa9_0/libsrc/scuwdt_v2_4/src -s clean 

TRACE::2025-03-11.13:43:03::SCWMssOS::make -C ps7_cortexa9_0/libsrc/standalone_v8_1/src -s clean 

TRACE::2025-03-11.13:43:03::SCWMssOS::make -C ps7_cortexa9_0/libsrc/uartps_v3_12/src -s clean 

TRACE::2025-03-11.13:43:03::SCWMssOS::make -C ps7_cortexa9_0/libsrc/xadcps_v2_6/src -s clean 

TRACE::2025-03-11.13:43:04::SCWMssOS::rm -f ps7_cortexa9_0/lib/libxil.a

LOG::2025-03-11.13:43:07::SCWPlatform::Started generating the artifacts platform design_1_wrapper
TRACE::2025-03-11.13:43:07::SCWPlatform::Sanity checking of platform is completed
LOG::2025-03-11.13:43:07::SCWPlatform::Started generating the artifacts for system configuration design_1_wrapper
LOG::2025-03-11.13:43:07::SCWSystem::Checking the domain zynq_fsbl
LOG::2025-03-11.13:43:07::SCWSystem::Doing application build for :  zynq_fsbl
TRACE::2025-03-11.13:43:07::SCWBDomain::Not a forced makefile updation, No changes are present. 
TRACE::2025-03-11.13:43:07::SCWDomain::Building the domain as part of full build :  zynq_fsbl
TRACE::2025-03-11.13:43:07::SCWPlatform::Trying to open the hw design at C:/Users/junoh/vivado23/DSD25_Termprj/00_RTL_Skeleton/workspace/design_1_wrapper/hw/design_1_wrapper.xsa
TRACE::2025-03-11.13:43:07::SCWPlatform::DSA given C:/Users/junoh/vivado23/DSD25_Termprj/00_RTL_Skeleton/workspace/design_1_wrapper/hw/design_1_wrapper.xsa
TRACE::2025-03-11.13:43:07::SCWPlatform::DSA absoulate path C:/Users/junoh/vivado23/DSD25_Termprj/00_RTL_Skeleton/workspace/design_1_wrapper/hw/design_1_wrapper.xsa
TRACE::2025-03-11.13:43:07::SCWPlatform::DSA directory C:/Users/junoh/vivado23/DSD25_Termprj/00_RTL_Skeleton/workspace/design_1_wrapper/hw
TRACE::2025-03-11.13:43:07::SCWPlatform:: Platform Path C:/Users/junoh/vivado23/DSD25_Termprj/00_RTL_Skeleton/workspace/design_1_wrapper/hw/design_1_wrapper.xsa
TRACE::2025-03-11.13:43:07::SCWPlatform:: Unique name xilinx:zybo-z7-20::0.0
TRACE::2025-03-11.13:43:07::SCWPlatform::Trying to set the existing hwdb with name design_1_wrapper
TRACE::2025-03-11.13:43:07::SCWPlatform::Opened existing hwdb design_1_wrapper
TRACE::2025-03-11.13:43:07::SCWPlatform::Found the Hw Db part of the input DSA
TRACE::2025-03-11.13:43:07::SCWMssOS::Checking the sw design at  C:/Users/junoh/vivado23/DSD25_Termprj/00_RTL_Skeleton/workspace/design_1_wrapper/zynq_fsbl/zynq_fsbl_bsp/system.mss
TRACE::2025-03-11.13:43:07::SCWMssOS::DEBUG:  swdes dump  C:/Users/junoh/vivado23/DSD25_Termprj/00_RTL_Skeleton/workspace/design_1_wrapper/ps7_cortexa9_0/standalone_ps7_cortexa9_0/bsp/system.mss|system_0||
C:/Users/junoh/vivado23/DSD25_Termprj/00_RTL_Skeleton/workspace/design_1_wrapper/zynq_fsbl/zynq_fsbl_bsp/system.mss|system||

TRACE::2025-03-11.13:43:07::SCWMssOS::Sw design exists and opened at  C:/Users/junoh/vivado23/DSD25_Termprj/00_RTL_Skeleton/workspace/design_1_wrapper/zynq_fsbl/zynq_fsbl_bsp/system.mss
TRACE::2025-03-11.13:43:07::SCWBDomain::Completed writing the mss file at C:/Users/junoh/vivado23/DSD25_Termprj/00_RTL_Skeleton/workspace/design_1_wrapper/zynq_fsbl/zynq_fsbl_bsp
TRACE::2025-03-11.13:43:07::SCWBDomain::bsp generated is upto date with the mss file. Skipping bsp generation.
TRACE::2025-03-11.13:43:07::SCWBDomain::Not a forced makefile updation, No changes are present. 
TRACE::2025-03-11.13:43:07::SCWBDomain::System Command Ran  C:&  cd  C:/Users/junoh/vivado23/DSD25_Termprj/00_RTL_Skeleton/workspace/design_1_wrapper/zynq_fsbl& make -C  zynq_fsbl_bsp & make 
TRACE::2025-03-11.13:43:07::SCWBDomain::make: Entering directory 'C:/Users/junoh/vivado23/DSD25_Termprj/00_RTL_Skeleton/workspace/design_1_wrapper/zynq_fsbl/zynq_fsbl_
TRACE::2025-03-11.13:43:07::SCWBDomain::bsp'

TRACE::2025-03-11.13:43:07::SCWBDomain::make --no-print-directory seq_libs

TRACE::2025-03-11.13:43:07::SCWBDomain::"Running Make include in ps7_cortexa9_0/libsrc/bram_v4_8/src"

TRACE::2025-03-11.13:43:07::SCWBDomain::make -C ps7_cortexa9_0/libsrc/bram_v4_8/src -s include  "SHELL=CMD" "COMPILER=arm-none-eabi-gcc" "ASSEMBLER=arm-none-eabi-as" "
TRACE::2025-03-11.13:43:07::SCWBDomain::ARCHIVER=arm-none-eabi-ar" "COMPILER_FLAGS=  -O2 -c" "EXTRA_COMPILER_FLAGS=-mcpu=cortex-a9 -mfpu=vfpv3 -mfloat-abi=hard -nostar
TRACE::2025-03-11.13:43:07::SCWBDomain::tfiles -g -Wall -Wextra -fno-tree-loop-distribute-patterns"

TRACE::2025-03-11.13:43:07::SCWBDomain::"Running Make include in ps7_cortexa9_0/libsrc/coresightps_dcc_v1_8/src"

TRACE::2025-03-11.13:43:07::SCWBDomain::make -C ps7_cortexa9_0/libsrc/coresightps_dcc_v1_8/src -s include  "SHELL=CMD" "COMPILER=arm-none-eabi-gcc" "ASSEMBLER=arm-none
TRACE::2025-03-11.13:43:07::SCWBDomain::-eabi-as" "ARCHIVER=arm-none-eabi-ar" "COMPILER_FLAGS=  -O2 -c" "EXTRA_COMPILER_FLAGS=-mcpu=cortex-a9 -mfpu=vfpv3 -mfloat-abi=h
TRACE::2025-03-11.13:43:07::SCWBDomain::ard -nostartfiles -g -Wall -Wextra -fno-tree-loop-distribute-patterns"

TRACE::2025-03-11.13:43:07::SCWBDomain::"Running Make include in ps7_cortexa9_0/libsrc/cpu_cortexa9_v2_11/src"

TRACE::2025-03-11.13:43:07::SCWBDomain::make -C ps7_cortexa9_0/libsrc/cpu_cortexa9_v2_11/src -s include  "SHELL=CMD" "COMPILER=arm-none-eabi-gcc" "ASSEMBLER=arm-none-e
TRACE::2025-03-11.13:43:07::SCWBDomain::abi-as" "ARCHIVER=arm-none-eabi-ar" "COMPILER_FLAGS=  -O2 -c" "EXTRA_COMPILER_FLAGS=-mcpu=cortex-a9 -mfpu=vfpv3 -mfloat-abi=har
TRACE::2025-03-11.13:43:07::SCWBDomain::d -nostartfiles -g -Wall -Wextra -fno-tree-loop-distribute-patterns"

TRACE::2025-03-11.13:43:07::SCWBDomain::"Running Make include in ps7_cortexa9_0/libsrc/ddrps_v1_2/src"

TRACE::2025-03-11.13:43:07::SCWBDomain::make -C ps7_cortexa9_0/libsrc/ddrps_v1_2/src -s include  "SHELL=CMD" "COMPILER=arm-none-eabi-gcc" "ASSEMBLER=arm-none-eabi-as" 
TRACE::2025-03-11.13:43:07::SCWBDomain::"ARCHIVER=arm-none-eabi-ar" "COMPILER_FLAGS=  -O2 -c" "EXTRA_COMPILER_FLAGS=-mcpu=cortex-a9 -mfpu=vfpv3 -mfloat-abi=hard -nosta
TRACE::2025-03-11.13:43:07::SCWBDomain::rtfiles -g -Wall -Wextra -fno-tree-loop-distribute-patterns"

TRACE::2025-03-11.13:43:07::SCWBDomain::"Running Make include in ps7_cortexa9_0/libsrc/devcfg_v3_7/src"

TRACE::2025-03-11.13:43:07::SCWBDomain::make -C ps7_cortexa9_0/libsrc/devcfg_v3_7/src -s include  "SHELL=CMD" "COMPILER=arm-none-eabi-gcc" "ASSEMBLER=arm-none-eabi-as"
TRACE::2025-03-11.13:43:07::SCWBDomain:: "ARCHIVER=arm-none-eabi-ar" "COMPILER_FLAGS=  -O2 -c" "EXTRA_COMPILER_FLAGS=-mcpu=cortex-a9 -mfpu=vfpv3 -mfloat-abi=hard -nost
TRACE::2025-03-11.13:43:07::SCWBDomain::artfiles -g -Wall -Wextra -fno-tree-loop-distribute-patterns"

TRACE::2025-03-11.13:43:07::SCWBDomain::"Running Make include in ps7_cortexa9_0/libsrc/dmaps_v2_8/src"

TRACE::2025-03-11.13:43:07::SCWBDomain::make -C ps7_cortexa9_0/libsrc/dmaps_v2_8/src -s include  "SHELL=CMD" "COMPILER=arm-none-eabi-gcc" "ASSEMBLER=arm-none-eabi-as" 
TRACE::2025-03-11.13:43:07::SCWBDomain::"ARCHIVER=arm-none-eabi-ar" "COMPILER_FLAGS=  -O2 -c" "EXTRA_COMPILER_FLAGS=-mcpu=cortex-a9 -mfpu=vfpv3 -mfloat-abi=hard -nosta
TRACE::2025-03-11.13:43:07::SCWBDomain::rtfiles -g -Wall -Wextra -fno-tree-loop-distribute-patterns"

TRACE::2025-03-11.13:43:07::SCWBDomain::"Running Make include in ps7_cortexa9_0/libsrc/gpiops_v3_11/src"

TRACE::2025-03-11.13:43:07::SCWBDomain::make -C ps7_cortexa9_0/libsrc/gpiops_v3_11/src -s include  "SHELL=CMD" "COMPILER=arm-none-eabi-gcc" "ASSEMBLER=arm-none-eabi-as
TRACE::2025-03-11.13:43:07::SCWBDomain::" "ARCHIVER=arm-none-eabi-ar" "COMPILER_FLAGS=  -O2 -c" "EXTRA_COMPILER_FLAGS=-mcpu=cortex-a9 -mfpu=vfpv3 -mfloat-abi=hard -nos
TRACE::2025-03-11.13:43:07::SCWBDomain::tartfiles -g -Wall -Wextra -fno-tree-loop-distribute-patterns"

TRACE::2025-03-11.13:43:07::SCWBDomain::"Running Make include in ps7_cortexa9_0/libsrc/scugic_v5_1/src"

TRACE::2025-03-11.13:43:07::SCWBDomain::make -C ps7_cortexa9_0/libsrc/scugic_v5_1/src -s include  "SHELL=CMD" "COMPILER=arm-none-eabi-gcc" "ASSEMBLER=arm-none-eabi-as"
TRACE::2025-03-11.13:43:07::SCWBDomain:: "ARCHIVER=arm-none-eabi-ar" "COMPILER_FLAGS=  -O2 -c" "EXTRA_COMPILER_FLAGS=-mcpu=cortex-a9 -mfpu=vfpv3 -mfloat-abi=hard -nost
TRACE::2025-03-11.13:43:07::SCWBDomain::artfiles -g -Wall -Wextra -fno-tree-loop-distribute-patterns"

TRACE::2025-03-11.13:43:07::SCWBDomain::"Running Make include in ps7_cortexa9_0/libsrc/scutimer_v2_4/src"

TRACE::2025-03-11.13:43:07::SCWBDomain::make -C ps7_cortexa9_0/libsrc/scutimer_v2_4/src -s include  "SHELL=CMD" "COMPILER=arm-none-eabi-gcc" "ASSEMBLER=arm-none-eabi-a
TRACE::2025-03-11.13:43:07::SCWBDomain::s" "ARCHIVER=arm-none-eabi-ar" "COMPILER_FLAGS=  -O2 -c" "EXTRA_COMPILER_FLAGS=-mcpu=cortex-a9 -mfpu=vfpv3 -mfloat-abi=hard -no
TRACE::2025-03-11.13:43:07::SCWBDomain::startfiles -g -Wall -Wextra -fno-tree-loop-distribute-patterns"

TRACE::2025-03-11.13:43:07::SCWBDomain::"Running Make include in ps7_cortexa9_0/libsrc/scuwdt_v2_4/src"

TRACE::2025-03-11.13:43:07::SCWBDomain::make -C ps7_cortexa9_0/libsrc/scuwdt_v2_4/src -s include  "SHELL=CMD" "COMPILER=arm-none-eabi-gcc" "ASSEMBLER=arm-none-eabi-as"
TRACE::2025-03-11.13:43:07::SCWBDomain:: "ARCHIVER=arm-none-eabi-ar" "COMPILER_FLAGS=  -O2 -c" "EXTRA_COMPILER_FLAGS=-mcpu=cortex-a9 -mfpu=vfpv3 -mfloat-abi=hard -nost
TRACE::2025-03-11.13:43:07::SCWBDomain::artfiles -g -Wall -Wextra -fno-tree-loop-distribute-patterns"

TRACE::2025-03-11.13:43:07::SCWBDomain::"Running Make include in ps7_cortexa9_0/libsrc/standalone_v8_1/src"

TRACE::2025-03-11.13:43:07::SCWBDomain::make -C ps7_cortexa9_0/libsrc/standalone_v8_1/src -s include  "SHELL=CMD" "COMPILER=arm-none-eabi-gcc" "ASSEMBLER=arm-none-eabi
TRACE::2025-03-11.13:43:07::SCWBDomain::-as" "ARCHIVER=arm-none-eabi-ar" "COMPILER_FLAGS=  -O2 -c" "EXTRA_COMPILER_FLAGS=-mcpu=cortex-a9 -mfpu=vfpv3 -mfloat-abi=hard -
TRACE::2025-03-11.13:43:07::SCWBDomain::nostartfiles -g -Wall -Wextra -fno-tree-loop-distribute-patterns"

TRACE::2025-03-11.13:43:08::SCWBDomain::"Running Make include in ps7_cortexa9_0/libsrc/uartps_v3_12/src"

TRACE::2025-03-11.13:43:08::SCWBDomain::make -C ps7_cortexa9_0/libsrc/uartps_v3_12/src -s include  "SHELL=CMD" "COMPILER=arm-none-eabi-gcc" "ASSEMBLER=arm-none-eabi-as
TRACE::2025-03-11.13:43:08::SCWBDomain::" "ARCHIVER=arm-none-eabi-ar" "COMPILER_FLAGS=  -O2 -c" "EXTRA_COMPILER_FLAGS=-mcpu=cortex-a9 -mfpu=vfpv3 -mfloat-abi=hard -nos
TRACE::2025-03-11.13:43:08::SCWBDomain::tartfiles -g -Wall -Wextra -fno-tree-loop-distribute-patterns"

TRACE::2025-03-11.13:43:08::SCWBDomain::"Running Make include in ps7_cortexa9_0/libsrc/xadcps_v2_6/src"

TRACE::2025-03-11.13:43:08::SCWBDomain::make -C ps7_cortexa9_0/libsrc/xadcps_v2_6/src -s include  "SHELL=CMD" "COMPILER=arm-none-eabi-gcc" "ASSEMBLER=arm-none-eabi-as"
TRACE::2025-03-11.13:43:08::SCWBDomain:: "ARCHIVER=arm-none-eabi-ar" "COMPILER_FLAGS=  -O2 -c" "EXTRA_COMPILER_FLAGS=-mcpu=cortex-a9 -mfpu=vfpv3 -mfloat-abi=hard -nost
TRACE::2025-03-11.13:43:08::SCWBDomain::artfiles -g -Wall -Wextra -fno-tree-loop-distribute-patterns"

TRACE::2025-03-11.13:43:08::SCWBDomain::"Running Make include in ps7_cortexa9_0/libsrc/xilffs_v5_0/src"

TRACE::2025-03-11.13:43:08::SCWBDomain::make -C ps7_cortexa9_0/libsrc/xilffs_v5_0/src -s include  "SHELL=CMD" "COMPILER=arm-none-eabi-gcc" "ASSEMBLER=arm-none-eabi-as"
TRACE::2025-03-11.13:43:08::SCWBDomain:: "ARCHIVER=arm-none-eabi-ar" "COMPILER_FLAGS=  -O2 -c" "EXTRA_COMPILER_FLAGS=-mcpu=cortex-a9 -mfpu=vfpv3 -mfloat-abi=hard -nost
TRACE::2025-03-11.13:43:08::SCWBDomain::artfiles -g -Wall -Wextra -fno-tree-loop-distribute-patterns"

TRACE::2025-03-11.13:43:08::SCWBDomain::"Running Make include in ps7_cortexa9_0/libsrc/xilrsa_v1_6/src"

TRACE::2025-03-11.13:43:08::SCWBDomain::make -C ps7_cortexa9_0/libsrc/xilrsa_v1_6/src -s include  "SHELL=CMD" "COMPILER=arm-none-eabi-gcc" "ASSEMBLER=arm-none-eabi-as"
TRACE::2025-03-11.13:43:08::SCWBDomain:: "ARCHIVER=arm-none-eabi-ar" "COMPILER_FLAGS=  -O2 -c" "EXTRA_COMPILER_FLAGS=-mcpu=cortex-a9 -mfpu=vfpv3 -mfloat-abi=hard -nost
TRACE::2025-03-11.13:43:08::SCWBDomain::artfiles -g -Wall -Wextra -fno-tree-loop-distribute-patterns"

TRACE::2025-03-11.13:43:08::SCWBDomain::"Running Make libs in ps7_cortexa9_0/libsrc/xilrsa_v1_6/src"

TRACE::2025-03-11.13:43:08::SCWBDomain::make -C ps7_cortexa9_0/libsrc/xilrsa_v1_6/src -s libs  "SHELL=CMD" "COMPILER=arm-none-eabi-gcc" "ASSEMBLER=arm-none-eabi-as" "A
TRACE::2025-03-11.13:43:08::SCWBDomain::RCHIVER=arm-none-eabi-ar" "COMPILER_FLAGS=  -O2 -c" "EXTRA_COMPILER_FLAGS=-mcpu=cortex-a9 -mfpu=vfpv3 -mfloat-abi=hard -nostart
TRACE::2025-03-11.13:43:08::SCWBDomain::files -g -Wall -Wextra -fno-tree-loop-distribute-patterns"

TRACE::2025-03-11.13:43:08::SCWBDomain::'Finished building libraries sequentially.'

TRACE::2025-03-11.13:43:08::SCWBDomain::make -j 10 --no-print-directory par_libs

TRACE::2025-03-11.13:43:08::SCWBDomain::"Running Make include in ps7_cortexa9_0/libsrc/bram_v4_8/src"

TRACE::2025-03-11.13:43:08::SCWBDomain::make -C ps7_cortexa9_0/libsrc/bram_v4_8/src -s include  "SHELL=CMD" "COMPILER=arm-none-eabi-gcc" "ASSEMBLER=arm-none-eabi-as" "
TRACE::2025-03-11.13:43:08::SCWBDomain::ARCHIVER=arm-none-eabi-ar" "COMPILER_FLAGS=  -O2 -c" "EXTRA_COMPILER_FLAGS=-mcpu=cortex-a9 -mfpu=vfpv3 -mfloat-abi=hard -nostar
TRACE::2025-03-11.13:43:08::SCWBDomain::tfiles -g -Wall -Wextra -fno-tree-loop-distribute-patterns"

TRACE::2025-03-11.13:43:08::SCWBDomain::"Running Make include in ps7_cortexa9_0/libsrc/coresightps_dcc_v1_8/src"

TRACE::2025-03-11.13:43:08::SCWBDomain::make -C ps7_cortexa9_0/libsrc/coresightps_dcc_v1_8/src -s include  "SHELL=CMD" "COMPILER=arm-none-eabi-gcc" "ASSEMBLER=arm-none
TRACE::2025-03-11.13:43:08::SCWBDomain::-eabi-as" "ARCHIVER=arm-none-eabi-ar" "COMPILER_FLAGS=  -O2 -c" "EXTRA_COMPILER_FLAGS=-mcpu=cortex-a9 -mfpu=vfpv3 -mfloat-abi=h
TRACE::2025-03-11.13:43:08::SCWBDomain::ard -nostartfiles -g -Wall -Wextra -fno-tree-loop-distribute-patterns"

TRACE::2025-03-11.13:43:08::SCWBDomain::"Running Make include in ps7_cortexa9_0/libsrc/cpu_cortexa9_v2_11/src"

TRACE::2025-03-11.13:43:08::SCWBDomain::make -C ps7_cortexa9_0/libsrc/cpu_cortexa9_v2_11/src -s include  "SHELL=CMD" "COMPILER=arm-none-eabi-gcc" "ASSEMBLER=arm-none-e
TRACE::2025-03-11.13:43:08::SCWBDomain::abi-as" "ARCHIVER=arm-none-eabi-ar" "COMPILER_FLAGS=  -O2 -c" "EXTRA_COMPILER_FLAGS=-mcpu=cortex-a9 -mfpu=vfpv3 -mfloat-abi=har
TRACE::2025-03-11.13:43:08::SCWBDomain::d -nostartfiles -g -Wall -Wextra -fno-tree-loop-distribute-patterns"

TRACE::2025-03-11.13:43:08::SCWBDomain::"Running Make include in ps7_cortexa9_0/libsrc/ddrps_v1_2/src"

TRACE::2025-03-11.13:43:08::SCWBDomain::make -C ps7_cortexa9_0/libsrc/ddrps_v1_2/src -s include  "SHELL=CMD" "COMPILER=arm-none-eabi-gcc" "ASSEMBLER=arm-none-eabi-as" 
TRACE::2025-03-11.13:43:08::SCWBDomain::"ARCHIVER=arm-none-eabi-ar" "COMPILER_FLAGS=  -O2 -c" "EXTRA_COMPILER_FLAGS=-mcpu=cortex-a9 -mfpu=vfpv3 -mfloat-abi=hard -nosta
TRACE::2025-03-11.13:43:08::SCWBDomain::rtfiles -g -Wall -Wextra -fno-tree-loop-distribute-patterns"

TRACE::2025-03-11.13:43:08::SCWBDomain::"Running Make include in ps7_cortexa9_0/libsrc/devcfg_v3_7/src"

TRACE::2025-03-11.13:43:08::SCWBDomain::make -C ps7_cortexa9_0/libsrc/devcfg_v3_7/src -s include  "SHELL=CMD" "COMPILER=arm-none-eabi-gcc" "ASSEMBLER=arm-none-eabi-as"
TRACE::2025-03-11.13:43:08::SCWBDomain:: "ARCHIVER=arm-none-eabi-ar" "COMPILER_FLAGS=  -O2 -c" "EXTRA_COMPILER_FLAGS=-mcpu=cortex-a9 -mfpu=vfpv3 -mfloat-abi=hard -nost
TRACE::2025-03-11.13:43:08::SCWBDomain::artfiles -g -Wall -Wextra -fno-tree-loop-distribute-patterns"

TRACE::2025-03-11.13:43:08::SCWBDomain::"Running Make include in ps7_cortexa9_0/libsrc/dmaps_v2_8/src"

TRACE::2025-03-11.13:43:08::SCWBDomain::make -C ps7_cortexa9_0/libsrc/dmaps_v2_8/src -s include  "SHELL=CMD" "COMPILER=arm-none-eabi-gcc" "ASSEMBLER=arm-none-eabi-as" 
TRACE::2025-03-11.13:43:08::SCWBDomain::"ARCHIVER=arm-none-eabi-ar" "COMPILER_FLAGS=  -O2 -c" "EXTRA_COMPILER_FLAGS=-mcpu=cortex-a9 -mfpu=vfpv3 -mfloat-abi=hard -nosta
TRACE::2025-03-11.13:43:08::SCWBDomain::rtfiles -g -Wall -Wextra -fno-tree-loop-distribute-patterns"

TRACE::2025-03-11.13:43:08::SCWBDomain::"Running Make include in ps7_cortexa9_0/libsrc/gpiops_v3_11/src"

TRACE::2025-03-11.13:43:08::SCWBDomain::make -C ps7_cortexa9_0/libsrc/gpiops_v3_11/src -s include  "SHELL=CMD" "COMPILER=arm-none-eabi-gcc" "ASSEMBLER=arm-none-eabi-as
TRACE::2025-03-11.13:43:08::SCWBDomain::" "ARCHIVER=arm-none-eabi-ar" "COMPILER_FLAGS=  -O2 -c" "EXTRA_COMPILER_FLAGS=-mcpu=cortex-a9 -mfpu=vfpv3 -mfloat-abi=hard -nos
TRACE::2025-03-11.13:43:08::SCWBDomain::tartfiles -g -Wall -Wextra -fno-tree-loop-distribute-patterns"

TRACE::2025-03-11.13:43:08::SCWBDomain::"Running Make include in ps7_cortexa9_0/libsrc/scugic_v5_1/src"

TRACE::2025-03-11.13:43:08::SCWBDomain::make -C ps7_cortexa9_0/libsrc/scugic_v5_1/src -s include  "SHELL=CMD" "COMPILER=arm-none-eabi-gcc" "ASSEMBLER=arm-none-eabi-as"
TRACE::2025-03-11.13:43:08::SCWBDomain:: "ARCHIVER=arm-none-eabi-ar" "COMPILER_FLAGS=  -O2 -c" "EXTRA_COMPILER_FLAGS=-mcpu=cortex-a9 -mfpu=vfpv3 -mfloat-abi=hard -nost
TRACE::2025-03-11.13:43:08::SCWBDomain::artfiles -g -Wall -Wextra -fno-tree-loop-distribute-patterns"

TRACE::2025-03-11.13:43:08::SCWBDomain::"Running Make include in ps7_cortexa9_0/libsrc/scutimer_v2_4/src"

TRACE::2025-03-11.13:43:08::SCWBDomain::make -C ps7_cortexa9_0/libsrc/scutimer_v2_4/src -s include  "SHELL=CMD" "COMPILER=arm-none-eabi-gcc" "ASSEMBLER=arm-none-eabi-a
TRACE::2025-03-11.13:43:08::SCWBDomain::s" "ARCHIVER=arm-none-eabi-ar" "COMPILER_FLAGS=  -O2 -c" "EXTRA_COMPILER_FLAGS=-mcpu=cortex-a9 -mfpu=vfpv3 -mfloat-abi=hard -no
TRACE::2025-03-11.13:43:08::SCWBDomain::startfiles -g -Wall -Wextra -fno-tree-loop-distribute-patterns"

TRACE::2025-03-11.13:43:08::SCWBDomain::"Running Make include in ps7_cortexa9_0/libsrc/scuwdt_v2_4/src"

TRACE::2025-03-11.13:43:08::SCWBDomain::make -C ps7_cortexa9_0/libsrc/scuwdt_v2_4/src -s include  "SHELL=CMD" "COMPILER=arm-none-eabi-gcc" "ASSEMBLER=arm-none-eabi-as"
TRACE::2025-03-11.13:43:08::SCWBDomain:: "ARCHIVER=arm-none-eabi-ar" "COMPILER_FLAGS=  -O2 -c" "EXTRA_COMPILER_FLAGS=-mcpu=cortex-a9 -mfpu=vfpv3 -mfloat-abi=hard -nost
TRACE::2025-03-11.13:43:08::SCWBDomain::artfiles -g -Wall -Wextra -fno-tree-loop-distribute-patterns"

TRACE::2025-03-11.13:43:08::SCWBDomain::"Running Make include in ps7_cortexa9_0/libsrc/standalone_v8_1/src"

TRACE::2025-03-11.13:43:09::SCWBDomain::make -C ps7_cortexa9_0/libsrc/standalone_v8_1/src -s include  "SHELL=CMD" "COMPILER=arm-none-eabi-gcc" "ASSEMBLER=arm-none-eabi
TRACE::2025-03-11.13:43:09::SCWBDomain::-as" "ARCHIVER=arm-none-eabi-ar" "COMPILER_FLAGS=  -O2 -c" "EXTRA_COMPILER_FLAGS=-mcpu=cortex-a9 -mfpu=vfpv3 -mfloat-abi=hard -
TRACE::2025-03-11.13:43:09::SCWBDomain::nostartfiles -g -Wall -Wextra -fno-tree-loop-distribute-patterns"

TRACE::2025-03-11.13:43:09::SCWBDomain::"Running Make include in ps7_cortexa9_0/libsrc/uartps_v3_12/src"

TRACE::2025-03-11.13:43:09::SCWBDomain::make -C ps7_cortexa9_0/libsrc/uartps_v3_12/src -s include  "SHELL=CMD" "COMPILER=arm-none-eabi-gcc" "ASSEMBLER=arm-none-eabi-as
TRACE::2025-03-11.13:43:09::SCWBDomain::" "ARCHIVER=arm-none-eabi-ar" "COMPILER_FLAGS=  -O2 -c" "EXTRA_COMPILER_FLAGS=-mcpu=cortex-a9 -mfpu=vfpv3 -mfloat-abi=hard -nos
TRACE::2025-03-11.13:43:09::SCWBDomain::tartfiles -g -Wall -Wextra -fno-tree-loop-distribute-patterns"

TRACE::2025-03-11.13:43:09::SCWBDomain::"Running Make include in ps7_cortexa9_0/libsrc/xadcps_v2_6/src"

TRACE::2025-03-11.13:43:09::SCWBDomain::make -C ps7_cortexa9_0/libsrc/xadcps_v2_6/src -s include  "SHELL=CMD" "COMPILER=arm-none-eabi-gcc" "ASSEMBLER=arm-none-eabi-as"
TRACE::2025-03-11.13:43:09::SCWBDomain:: "ARCHIVER=arm-none-eabi-ar" "COMPILER_FLAGS=  -O2 -c" "EXTRA_COMPILER_FLAGS=-mcpu=cortex-a9 -mfpu=vfpv3 -mfloat-abi=hard -nost
TRACE::2025-03-11.13:43:09::SCWBDomain::artfiles -g -Wall -Wextra -fno-tree-loop-distribute-patterns"

TRACE::2025-03-11.13:43:09::SCWBDomain::"Running Make include in ps7_cortexa9_0/libsrc/xilffs_v5_0/src"

TRACE::2025-03-11.13:43:09::SCWBDomain::make -C ps7_cortexa9_0/libsrc/xilffs_v5_0/src -s include  "SHELL=CMD" "COMPILER=arm-none-eabi-gcc" "ASSEMBLER=arm-none-eabi-as"
TRACE::2025-03-11.13:43:09::SCWBDomain:: "ARCHIVER=arm-none-eabi-ar" "COMPILER_FLAGS=  -O2 -c" "EXTRA_COMPILER_FLAGS=-mcpu=cortex-a9 -mfpu=vfpv3 -mfloat-abi=hard -nost
TRACE::2025-03-11.13:43:09::SCWBDomain::artfiles -g -Wall -Wextra -fno-tree-loop-distribute-patterns"

TRACE::2025-03-11.13:43:09::SCWBDomain::"Running Make include in ps7_cortexa9_0/libsrc/xilrsa_v1_6/src"

TRACE::2025-03-11.13:43:09::SCWBDomain::make -C ps7_cortexa9_0/libsrc/xilrsa_v1_6/src -s include  "SHELL=CMD" "COMPILER=arm-none-eabi-gcc" "ASSEMBLER=arm-none-eabi-as"
TRACE::2025-03-11.13:43:09::SCWBDomain:: "ARCHIVER=arm-none-eabi-ar" "COMPILER_FLAGS=  -O2 -c" "EXTRA_COMPILER_FLAGS=-mcpu=cortex-a9 -mfpu=vfpv3 -mfloat-abi=hard -nost
TRACE::2025-03-11.13:43:09::SCWBDomain::artfiles -g -Wall -Wextra -fno-tree-loop-distribute-patterns"

TRACE::2025-03-11.13:43:09::SCWBDomain::"Running Make libs in ps7_cortexa9_0/libsrc/bram_v4_8/src"

TRACE::2025-03-11.13:43:09::SCWBDomain::make -C ps7_cortexa9_0/libsrc/bram_v4_8/src -s libs  "SHELL=CMD" "COMPILER=arm-none-eabi-gcc" "ASSEMBLER=arm-none-eabi-as" "ARC
TRACE::2025-03-11.13:43:09::SCWBDomain::HIVER=arm-none-eabi-ar" "COMPILER_FLAGS=  -O2 -c" "EXTRA_COMPILER_FLAGS=-mcpu=cortex-a9 -mfpu=vfpv3 -mfloat-abi=hard -nostartfi
TRACE::2025-03-11.13:43:09::SCWBDomain::les -g -Wall -Wextra -fno-tree-loop-distribute-patterns"

TRACE::2025-03-11.13:43:09::SCWBDomain::"Running Make libs in ps7_cortexa9_0/libsrc/coresightps_dcc_v1_8/src"

TRACE::2025-03-11.13:43:09::SCWBDomain::make -C ps7_cortexa9_0/libsrc/coresightps_dcc_v1_8/src -s libs  "SHELL=CMD" "COMPILER=arm-none-eabi-gcc" "ASSEMBLER=arm-none-ea
TRACE::2025-03-11.13:43:09::SCWBDomain::bi-as" "ARCHIVER=arm-none-eabi-ar" "COMPILER_FLAGS=  -O2 -c" "EXTRA_COMPILER_FLAGS=-mcpu=cortex-a9 -mfpu=vfpv3 -mfloat-abi=hard
TRACE::2025-03-11.13:43:09::SCWBDomain:: -nostartfiles -g -Wall -Wextra -fno-tree-loop-distribute-patterns"

TRACE::2025-03-11.13:43:09::SCWBDomain::"Running Make libs in ps7_cortexa9_0/libsrc/cpu_cortexa9_v2_11/src"

TRACE::2025-03-11.13:43:09::SCWBDomain::make -C ps7_cortexa9_0/libsrc/cpu_cortexa9_v2_11/src -s libs  "SHELL=CMD" "COMPILER=arm-none-eabi-gcc" "ASSEMBLER=arm-none-eabi
TRACE::2025-03-11.13:43:09::SCWBDomain::-as" "ARCHIVER=arm-none-eabi-ar" "COMPILER_FLAGS=  -O2 -c" "EXTRA_COMPILER_FLAGS=-mcpu=cortex-a9 -mfpu=vfpv3 -mfloat-abi=hard -
TRACE::2025-03-11.13:43:09::SCWBDomain::nostartfiles -g -Wall -Wextra -fno-tree-loop-distribute-patterns"

TRACE::2025-03-11.13:43:09::SCWBDomain::"Running Make libs in ps7_cortexa9_0/libsrc/ddrps_v1_2/src"

TRACE::2025-03-11.13:43:09::SCWBDomain::make -C ps7_cortexa9_0/libsrc/ddrps_v1_2/src -s libs  "SHELL=CMD" "COMPILER=arm-none-eabi-gcc" "ASSEMBLER=arm-none-eabi-as" "AR
TRACE::2025-03-11.13:43:09::SCWBDomain::CHIVER=arm-none-eabi-ar" "COMPILER_FLAGS=  -O2 -c" "EXTRA_COMPILER_FLAGS=-mcpu=cortex-a9 -mfpu=vfpv3 -mfloat-abi=hard -nostartf
TRACE::2025-03-11.13:43:09::SCWBDomain::iles -g -Wall -Wextra -fno-tree-loop-distribute-patterns"

TRACE::2025-03-11.13:43:09::SCWBDomain::"Running Make libs in ps7_cortexa9_0/libsrc/devcfg_v3_7/src"

TRACE::2025-03-11.13:43:09::SCWBDomain::make -C ps7_cortexa9_0/libsrc/devcfg_v3_7/src -s libs  "SHELL=CMD" "COMPILER=arm-none-eabi-gcc" "ASSEMBLER=arm-none-eabi-as" "A
TRACE::2025-03-11.13:43:09::SCWBDomain::RCHIVER=arm-none-eabi-ar" "COMPILER_FLAGS=  -O2 -c" "EXTRA_COMPILER_FLAGS=-mcpu=cortex-a9 -mfpu=vfpv3 -mfloat-abi=hard -nostart
TRACE::2025-03-11.13:43:09::SCWBDomain::files -g -Wall -Wextra -fno-tree-loop-distribute-patterns"

TRACE::2025-03-11.13:43:09::SCWBDomain::"Running Make libs in ps7_cortexa9_0/libsrc/dmaps_v2_8/src"

TRACE::2025-03-11.13:43:09::SCWBDomain::make -C ps7_cortexa9_0/libsrc/dmaps_v2_8/src -s libs  "SHELL=CMD" "COMPILER=arm-none-eabi-gcc" "ASSEMBLER=arm-none-eabi-as" "AR
TRACE::2025-03-11.13:43:09::SCWBDomain::CHIVER=arm-none-eabi-ar" "COMPILER_FLAGS=  -O2 -c" "EXTRA_COMPILER_FLAGS=-mcpu=cortex-a9 -mfpu=vfpv3 -mfloat-abi=hard -nostartf
TRACE::2025-03-11.13:43:09::SCWBDomain::iles -g -Wall -Wextra -fno-tree-loop-distribute-patterns"

TRACE::2025-03-11.13:43:09::SCWBDomain::"Running Make libs in ps7_cortexa9_0/libsrc/gpiops_v3_11/src"

TRACE::2025-03-11.13:43:09::SCWBDomain::make -C ps7_cortexa9_0/libsrc/gpiops_v3_11/src -s libs  "SHELL=CMD" "COMPILER=arm-none-eabi-gcc" "ASSEMBLER=arm-none-eabi-as" "
TRACE::2025-03-11.13:43:09::SCWBDomain::ARCHIVER=arm-none-eabi-ar" "COMPILER_FLAGS=  -O2 -c" "EXTRA_COMPILER_FLAGS=-mcpu=cortex-a9 -mfpu=vfpv3 -mfloat-abi=hard -nostar
TRACE::2025-03-11.13:43:09::SCWBDomain::tfiles -g -Wall -Wextra -fno-tree-loop-distribute-patterns"

TRACE::2025-03-11.13:43:10::SCWBDomain::"Running Make libs in ps7_cortexa9_0/libsrc/scugic_v5_1/src"

TRACE::2025-03-11.13:43:10::SCWBDomain::make -C ps7_cortexa9_0/libsrc/scugic_v5_1/src -s libs  "SHELL=CMD" "COMPILER=arm-none-eabi-gcc" "ASSEMBLER=arm-none-eabi-as" "A
TRACE::2025-03-11.13:43:10::SCWBDomain::RCHIVER=arm-none-eabi-ar" "COMPILER_FLAGS=  -O2 -c" "EXTRA_COMPILER_FLAGS=-mcpu=cortex-a9 -mfpu=vfpv3 -mfloat-abi=hard -nostart
TRACE::2025-03-11.13:43:10::SCWBDomain::files -g -Wall -Wextra -fno-tree-loop-distribute-patterns"

TRACE::2025-03-11.13:43:10::SCWBDomain::"Running Make libs in ps7_cortexa9_0/libsrc/scutimer_v2_4/src"

TRACE::2025-03-11.13:43:10::SCWBDomain::make -C ps7_cortexa9_0/libsrc/scutimer_v2_4/src -s libs  "SHELL=CMD" "COMPILER=arm-none-eabi-gcc" "ASSEMBLER=arm-none-eabi-as" 
TRACE::2025-03-11.13:43:10::SCWBDomain::"ARCHIVER=arm-none-eabi-ar" "COMPILER_FLAGS=  -O2 -c" "EXTRA_COMPILER_FLAGS=-mcpu=cortex-a9 -mfpu=vfpv3 -mfloat-abi=hard -nosta
TRACE::2025-03-11.13:43:10::SCWBDomain::rtfiles -g -Wall -Wextra -fno-tree-loop-distribute-patterns"

TRACE::2025-03-11.13:43:10::SCWBDomain::"Running Make libs in ps7_cortexa9_0/libsrc/scuwdt_v2_4/src"

TRACE::2025-03-11.13:43:10::SCWBDomain::make -C ps7_cortexa9_0/libsrc/scuwdt_v2_4/src -s libs  "SHELL=CMD" "COMPILER=arm-none-eabi-gcc" "ASSEMBLER=arm-none-eabi-as" "A
TRACE::2025-03-11.13:43:10::SCWBDomain::RCHIVER=arm-none-eabi-ar" "COMPILER_FLAGS=  -O2 -c" "EXTRA_COMPILER_FLAGS=-mcpu=cortex-a9 -mfpu=vfpv3 -mfloat-abi=hard -nostart
TRACE::2025-03-11.13:43:10::SCWBDomain::files -g -Wall -Wextra -fno-tree-loop-distribute-patterns"

TRACE::2025-03-11.13:43:10::SCWBDomain::"Running Make libs in ps7_cortexa9_0/libsrc/standalone_v8_1/src"

TRACE::2025-03-11.13:43:10::SCWBDomain::make -C ps7_cortexa9_0/libsrc/standalone_v8_1/src -s libs  "SHELL=CMD" "COMPILER=arm-none-eabi-gcc" "ASSEMBLER=arm-none-eabi-as
TRACE::2025-03-11.13:43:10::SCWBDomain::" "ARCHIVER=arm-none-eabi-ar" "COMPILER_FLAGS=  -O2 -c" "EXTRA_COMPILER_FLAGS=-mcpu=cortex-a9 -mfpu=vfpv3 -mfloat-abi=hard -nos
TRACE::2025-03-11.13:43:10::SCWBDomain::tartfiles -g -Wall -Wextra -fno-tree-loop-distribute-patterns"

TRACE::2025-03-11.13:43:10::SCWBDomain::"Running Make libs in ps7_cortexa9_0/libsrc/uartps_v3_12/src"

TRACE::2025-03-11.13:43:10::SCWBDomain::make -C ps7_cortexa9_0/libsrc/uartps_v3_12/src -s libs  "SHELL=CMD" "COMPILER=arm-none-eabi-gcc" "ASSEMBLER=arm-none-eabi-as" "
TRACE::2025-03-11.13:43:10::SCWBDomain::ARCHIVER=arm-none-eabi-ar" "COMPILER_FLAGS=  -O2 -c" "EXTRA_COMPILER_FLAGS=-mcpu=cortex-a9 -mfpu=vfpv3 -mfloat-abi=hard -nostar
TRACE::2025-03-11.13:43:10::SCWBDomain::tfiles -g -Wall -Wextra -fno-tree-loop-distribute-patterns"

TRACE::2025-03-11.13:43:11::SCWBDomain::"Running Make libs in ps7_cortexa9_0/libsrc/xadcps_v2_6/src"

TRACE::2025-03-11.13:43:11::SCWBDomain::make -C ps7_cortexa9_0/libsrc/xadcps_v2_6/src -s libs  "SHELL=CMD" "COMPILER=arm-none-eabi-gcc" "ASSEMBLER=arm-none-eabi-as" "A
TRACE::2025-03-11.13:43:11::SCWBDomain::RCHIVER=arm-none-eabi-ar" "COMPILER_FLAGS=  -O2 -c" "EXTRA_COMPILER_FLAGS=-mcpu=cortex-a9 -mfpu=vfpv3 -mfloat-abi=hard -nostart
TRACE::2025-03-11.13:43:11::SCWBDomain::files -g -Wall -Wextra -fno-tree-loop-distribute-patterns"

TRACE::2025-03-11.13:43:11::SCWBDomain::"Running Make libs in ps7_cortexa9_0/libsrc/xilffs_v5_0/src"

TRACE::2025-03-11.13:43:11::SCWBDomain::make -C ps7_cortexa9_0/libsrc/xilffs_v5_0/src -s libs  "SHELL=CMD" "COMPILER=arm-none-eabi-gcc" "ASSEMBLER=arm-none-eabi-as" "A
TRACE::2025-03-11.13:43:11::SCWBDomain::RCHIVER=arm-none-eabi-ar" "COMPILER_FLAGS=  -O2 -c" "EXTRA_COMPILER_FLAGS=-mcpu=cortex-a9 -mfpu=vfpv3 -mfloat-abi=hard -nostart
TRACE::2025-03-11.13:43:11::SCWBDomain::files -g -Wall -Wextra -fno-tree-loop-distribute-patterns"

TRACE::2025-03-11.13:43:13::SCWBDomain::'Finished building libraries parallelly.'

TRACE::2025-03-11.13:43:13::SCWBDomain::make --no-print-directory archive

TRACE::2025-03-11.13:43:13::SCWBDomain::arm-none-eabi-ar -r  ps7_cortexa9_0/lib/libxil.a ps7_cortexa9_0/lib/_exit.o ps7_cortexa9_0/lib/_open.o ps7_cortexa9_0/lib/_sbrk
TRACE::2025-03-11.13:43:13::SCWBDomain::.o ps7_cortexa9_0/lib/abort.o ps7_cortexa9_0/lib/asm_vectors.o ps7_cortexa9_0/lib/boot.o ps7_cortexa9_0/lib/close.o ps7_cortexa
TRACE::2025-03-11.13:43:13::SCWBDomain::9_0/lib/cpputest_time.o ps7_cortexa9_0/lib/cpu_init.o ps7_cortexa9_0/lib/errno.o ps7_cortexa9_0/lib/fcntl.o ps7_cortexa9_0/lib/
TRACE::2025-03-11.13:43:13::SCWBDomain::fstat.o ps7_cortexa9_0/lib/getentropy.o ps7_cortexa9_0/lib/getpid.o ps7_cortexa9_0/lib/inbyte.o ps7_cortexa9_0/lib/isatty.o ps7
TRACE::2025-03-11.13:43:13::SCWBDomain::_cortexa9_0/lib/kill.o ps7_cortexa9_0/lib/lseek.o ps7_cortexa9_0/lib/open.o ps7_cortexa9_0/lib/outbyte.o ps7_cortexa9_0/lib/pri
TRACE::2025-03-11.13:43:13::SCWBDomain::nt.o ps7_cortexa9_0/lib/putnum.o ps7_cortexa9_0/lib/read.o ps7_cortexa9_0/lib/sbrk.o ps7_cortexa9_0/lib/sleep.o ps7_cortexa9_0/
TRACE::2025-03-11.13:43:13::SCWBDomain::lib/time.o ps7_cortexa9_0/lib/translation_table.o ps7_cortexa9_0/lib/unlink.o ps7_cortexa9_0/lib/usleep.o ps7_cortexa9_0/lib/ve
TRACE::2025-03-11.13:43:13::SCWBDomain::ctors.o ps7_cortexa9_0/lib/write.o ps7_cortexa9_0/lib/xadcps.o ps7_cortexa9_0/lib/xadcps_g.o ps7_cortexa9_0/lib/xadcps_intr.o p
TRACE::2025-03-11.13:43:13::SCWBDomain::s7_cortexa9_0/lib/xadcps_selftest.o ps7_cortexa9_0/lib/xadcps_sinit.o ps7_cortexa9_0/lib/xbram.o ps7_cortexa9_0/lib/xbram_g.o p
TRACE::2025-03-11.13:43:13::SCWBDomain::s7_cortexa9_0/lib/xbram_intr.o ps7_cortexa9_0/lib/xbram_selftest.o ps7_cortexa9_0/lib/xbram_sinit.o ps7_cortexa9_0/lib/xcoresig
TRACE::2025-03-11.13:43:13::SCWBDomain::htpsdcc.o ps7_cortexa9_0/lib/xdevcfg.o ps7_cortexa9_0/lib/xdevcfg_g.o ps7_cortexa9_0/lib/xdevcfg_hw.o ps7_cortexa9_0/lib/xdevcf
TRACE::2025-03-11.13:43:13::SCWBDomain::g_intr.o ps7_cortexa9_0/lib/xdevcfg_selftest.o ps7_cortexa9_0/lib/xdevcfg_sinit.o ps7_cortexa9_0/lib/xdmaps.o ps7_cortexa9_0/li
TRACE::2025-03-11.13:43:13::SCWBDomain::b/xdmaps_g.o ps7_cortexa9_0/lib/xdmaps_hw.o ps7_cortexa9_0/lib/xdmaps_selftest.o ps7_cortexa9_0/lib/xdmaps_sinit.o ps7_cortexa9
TRACE::2025-03-11.13:43:13::SCWBDomain::_0/lib/xgpiops.o ps7_cortexa9_0/lib/xgpiops_g.o ps7_cortexa9_0/lib/xgpiops_hw.o ps7_cortexa9_0/lib/xgpiops_intr.o ps7_cortexa9_
TRACE::2025-03-11.13:43:13::SCWBDomain::0/lib/xgpiops_selftest.o ps7_cortexa9_0/lib/xgpiops_sinit.o ps7_cortexa9_0/lib/xil-crt0.o ps7_cortexa9_0/lib/xil_assert.o ps7_c
TRACE::2025-03-11.13:43:13::SCWBDomain::ortexa9_0/lib/xil_cache.o ps7_cortexa9_0/lib/xil_clocking.o ps7_cortexa9_0/lib/xil_exception.o ps7_cortexa9_0/lib/xil_mem.o ps7
TRACE::2025-03-11.13:43:13::SCWBDomain::_cortexa9_0/lib/xil_misc_psreset_api.o ps7_cortexa9_0/lib/xil_mmu.o ps7_cortexa9_0/lib/xil_printf.o ps7_cortexa9_0/lib/xil_slee
TRACE::2025-03-11.13:43:13::SCWBDomain::pcommon.o ps7_cortexa9_0/lib/xil_sleeptimer.o ps7_cortexa9_0/lib/xil_spinlock.o ps7_cortexa9_0/lib/xil_testcache.o ps7_cortexa9
TRACE::2025-03-11.13:43:13::SCWBDomain::_0/lib/xil_testio.o ps7_cortexa9_0/lib/xil_testmem.o ps7_cortexa9_0/lib/xil_util.o ps7_cortexa9_0/lib/xinterrupt_wrap.o ps7_cor
TRACE::2025-03-11.13:43:13::SCWBDomain::texa9_0/lib/xl2cc_counter.o ps7_cortexa9_0/lib/xplatform_info.o ps7_cortexa9_0/lib/xpm_counter.o ps7_cortexa9_0/lib/xscugic.o p
TRACE::2025-03-11.13:43:13::SCWBDomain::s7_cortexa9_0/lib/xscugic_g.o ps7_cortexa9_0/lib/xscugic_hw.o ps7_cortexa9_0/lib/xscugic_intr.o ps7_cortexa9_0/lib/xscugic_self
TRACE::2025-03-11.13:43:13::SCWBDomain::test.o ps7_cortexa9_0/lib/xscugic_sinit.o ps7_cortexa9_0/lib/xscutimer.o ps7_cortexa9_0/lib/xscutimer_g.o ps7_cortexa9_0/lib/xs
TRACE::2025-03-11.13:43:13::SCWBDomain::cutimer_selftest.o ps7_cortexa9_0/lib/xscutimer_sinit.o ps7_cortexa9_0/lib/xscuwdt.o ps7_cortexa9_0/lib/xscuwdt_g.o ps7_cortexa
TRACE::2025-03-11.13:43:13::SCWBDomain::9_0/lib/xscuwdt_selftest.o ps7_cortexa9_0/lib/xscuwdt_sinit.o ps7_cortexa9_0/lib/xtime_l.o ps7_cortexa9_0/lib/xuartps.o ps7_cor
TRACE::2025-03-11.13:43:13::SCWBDomain::texa9_0/lib/xuartps_g.o ps7_cortexa9_0/lib/xuartps_hw.o ps7_cortexa9_0/lib/xuartps_intr.o ps7_cortexa9_0/lib/xuartps_options.o 
TRACE::2025-03-11.13:43:13::SCWBDomain::ps7_cortexa9_0/lib/xuartps_selftest.o ps7_cortexa9_0/lib/xuartps_sinit.o

TRACE::2025-03-11.13:43:13::SCWBDomain::'Finished building libraries'

TRACE::2025-03-11.13:43:13::SCWBDomain::make: Leaving directory 'C:/Users/junoh/vivado23/DSD25_Termprj/00_RTL_Skeleton/workspace/design_1_wrapper/zynq_fsbl/zynq_fsbl_b
TRACE::2025-03-11.13:43:13::SCWBDomain::sp'

TRACE::2025-03-11.13:43:13::SCWBDomain::arm-none-eabi-gcc  -O2 -c -MMD -MP       -mcpu=cortex-a9 -mfpu=vfpv3 -mfloat-abi=hard  -c sd.c -o sd.o -Izynq_fsbl_bsp/ps7_cort
TRACE::2025-03-11.13:43:13::SCWBDomain::exa9_0/include -I.

TRACE::2025-03-11.13:43:13::SCWBDomain::arm-none-eabi-gcc  -O2 -c -MMD -MP       -mcpu=cortex-a9 -mfpu=vfpv3 -mfloat-abi=hard  -c nand.c -o nand.o -Izynq_fsbl_bsp/ps7_
TRACE::2025-03-11.13:43:13::SCWBDomain::cortexa9_0/include -I.

TRACE::2025-03-11.13:43:13::SCWBDomain::arm-none-eabi-gcc  -O2 -c -MMD -MP       -mcpu=cortex-a9 -mfpu=vfpv3 -mfloat-abi=hard  -c image_mover.c -o image_mover.o -Izynq
TRACE::2025-03-11.13:43:13::SCWBDomain::_fsbl_bsp/ps7_cortexa9_0/include -I.

TRACE::2025-03-11.13:43:14::SCWBDomain::arm-none-eabi-gcc  -O2 -c -MMD -MP       -mcpu=cortex-a9 -mfpu=vfpv3 -mfloat-abi=hard  -c md5.c -o md5.o -Izynq_fsbl_bsp/ps7_co
TRACE::2025-03-11.13:43:14::SCWBDomain::rtexa9_0/include -I.

TRACE::2025-03-11.13:43:14::SCWBDomain::arm-none-eabi-gcc  -O2 -c -MMD -MP       -mcpu=cortex-a9 -mfpu=vfpv3 -mfloat-abi=hard  -c fsbl_hooks.c -o fsbl_hooks.o -Izynq_f
TRACE::2025-03-11.13:43:14::SCWBDomain::sbl_bsp/ps7_cortexa9_0/include -I.

TRACE::2025-03-11.13:43:14::SCWBDomain::arm-none-eabi-gcc  -O2 -c -MMD -MP       -mcpu=cortex-a9 -mfpu=vfpv3 -mfloat-abi=hard  -c main.c -o main.o -Izynq_fsbl_bsp/ps7_
TRACE::2025-03-11.13:43:14::SCWBDomain::cortexa9_0/include -I.

TRACE::2025-03-11.13:43:14::SCWBDomain::arm-none-eabi-gcc  -O2 -c -MMD -MP       -mcpu=cortex-a9 -mfpu=vfpv3 -mfloat-abi=hard  -c rsa.c -o rsa.o -Izynq_fsbl_bsp/ps7_co
TRACE::2025-03-11.13:43:14::SCWBDomain::rtexa9_0/include -I.

TRACE::2025-03-11.13:43:14::SCWBDomain::arm-none-eabi-gcc  -O2 -c -MMD -MP       -mcpu=cortex-a9 -mfpu=vfpv3 -mfloat-abi=hard  -c nor.c -o nor.o -Izynq_fsbl_bsp/ps7_co
TRACE::2025-03-11.13:43:14::SCWBDomain::rtexa9_0/include -I.

TRACE::2025-03-11.13:43:14::SCWBDomain::arm-none-eabi-gcc  -O2 -c -MMD -MP       -mcpu=cortex-a9 -mfpu=vfpv3 -mfloat-abi=hard  -c qspi.c -o qspi.o -Izynq_fsbl_bsp/ps7_
TRACE::2025-03-11.13:43:14::SCWBDomain::cortexa9_0/include -I.

TRACE::2025-03-11.13:43:15::SCWBDomain::arm-none-eabi-gcc  -O2 -c -MMD -MP       -mcpu=cortex-a9 -mfpu=vfpv3 -mfloat-abi=hard  -c ps7_init.c -o ps7_init.o -Izynq_fsbl_
TRACE::2025-03-11.13:43:15::SCWBDomain::bsp/ps7_cortexa9_0/include -I.

TRACE::2025-03-11.13:43:15::SCWBDomain::arm-none-eabi-gcc  -O2 -c -MMD -MP       -mcpu=cortex-a9 -mfpu=vfpv3 -mfloat-abi=hard  -c pcap.c -o pcap.o -Izynq_fsbl_bsp/ps7_
TRACE::2025-03-11.13:43:15::SCWBDomain::cortexa9_0/include -I.

TRACE::2025-03-11.13:43:15::SCWBDomain::arm-none-eabi-gcc  -O2 -c -MMD -MP       -mcpu=cortex-a9 -mfpu=vfpv3 -mfloat-abi=hard  -c fsbl_handoff.S -o fsbl_handoff.o -Izy
TRACE::2025-03-11.13:43:15::SCWBDomain::nq_fsbl_bsp/ps7_cortexa9_0/include -I.

TRACE::2025-03-11.13:43:15::SCWBDomain::arm-none-eabi-gcc -o fsbl.elf fsbl_handoff.o fsbl_hooks.o image_mover.o main.o md5.o nand.o nor.o pcap.o ps7_init.o qspi.o rsa.
TRACE::2025-03-11.13:43:15::SCWBDomain::o sd.o -MMD -MP       -mcpu=cortex-a9 -mfpu=vfpv3 -mfloat-abi=hard   -mcpu=cortex-a9 -mfpu=vfpv3 -mfloat-abi=hard -Wl,-build-id
TRACE::2025-03-11.13:43:15::SCWBDomain::=none -specs=Xilinx.spec  -lrsa -Wl,--start-group,-lxil,-lgcc,-lc,--end-group -Wl,--start-group,-lxilffs,-lxil,-lgcc,-lc,--end-
TRACE::2025-03-11.13:43:15::SCWBDomain::group -Wl,--start-group,-lrsa,-lxil,-lgcc,-lc,--end-group                               -Wl,--gc-sections -Lzynq_fsbl_bsp/ps7_c
TRACE::2025-03-11.13:43:15::SCWBDomain::ortexa9_0/lib -L./ -Tlscript.ld

LOG::2025-03-11.13:43:15::SCWSystem::Checking the domain standalone_ps7_cortexa9_0
LOG::2025-03-11.13:43:15::SCWSystem::Not a boot domain 
LOG::2025-03-11.13:43:15::SCWSystem::Started Processing the domain standalone_ps7_cortexa9_0
TRACE::2025-03-11.13:43:15::SCWDomain::Generating domain artifcats
TRACE::2025-03-11.13:43:15::SCWMssOS::Generating standalone artifcats
TRACE::2025-03-11.13:43:15::SCWMssOS::Copying the qemu file from  C:/Users/junoh/vivado23/DSD25_Termprj/00_RTL_Skeleton/workspace/design_1_wrapper/resources/design_1_wrapper/standalone_ps7_cortexa9_0/qemu_args.txt To C:/Users/junoh/vivado23/DSD25_Termprj/00_RTL_Skeleton/workspace/design_1_wrapper/export/design_1_wrapper/sw/design_1_wrapper/qemu/
TRACE::2025-03-11.13:43:15::SCWMssOS::Copying the qemu file from  C:/Users/junoh/vivado23/DSD25_Termprj/00_RTL_Skeleton/workspace/design_1_wrapper/resources/design_1_wrapper/standalone_ps7_cortexa9_0/qemu_args.txt To C:/Users/junoh/vivado23/DSD25_Termprj/00_RTL_Skeleton/workspace/design_1_wrapper/export/design_1_wrapper/sw/design_1_wrapper/standalone_ps7_cortexa9_0/qemu/
TRACE::2025-03-11.13:43:15::SCWMssOS:: Copying the user libraries. 
TRACE::2025-03-11.13:43:15::SCWPlatform::Trying to open the hw design at C:/Users/junoh/vivado23/DSD25_Termprj/00_RTL_Skeleton/workspace/design_1_wrapper/hw/design_1_wrapper.xsa
TRACE::2025-03-11.13:43:15::SCWPlatform::DSA given C:/Users/junoh/vivado23/DSD25_Termprj/00_RTL_Skeleton/workspace/design_1_wrapper/hw/design_1_wrapper.xsa
TRACE::2025-03-11.13:43:15::SCWPlatform::DSA absoulate path C:/Users/junoh/vivado23/DSD25_Termprj/00_RTL_Skeleton/workspace/design_1_wrapper/hw/design_1_wrapper.xsa
TRACE::2025-03-11.13:43:15::SCWPlatform::DSA directory C:/Users/junoh/vivado23/DSD25_Termprj/00_RTL_Skeleton/workspace/design_1_wrapper/hw
TRACE::2025-03-11.13:43:15::SCWPlatform:: Platform Path C:/Users/junoh/vivado23/DSD25_Termprj/00_RTL_Skeleton/workspace/design_1_wrapper/hw/design_1_wrapper.xsa
TRACE::2025-03-11.13:43:15::SCWPlatform:: Unique name xilinx:zybo-z7-20::0.0
TRACE::2025-03-11.13:43:15::SCWPlatform::Trying to set the existing hwdb with name design_1_wrapper
TRACE::2025-03-11.13:43:15::SCWPlatform::Opened existing hwdb design_1_wrapper
TRACE::2025-03-11.13:43:15::SCWPlatform::Found the Hw Db part of the input DSA
TRACE::2025-03-11.13:43:15::SCWMssOS::Checking the sw design at  C:/Users/junoh/vivado23/DSD25_Termprj/00_RTL_Skeleton/workspace/design_1_wrapper/ps7_cortexa9_0/standalone_ps7_cortexa9_0/bsp/system.mss
TRACE::2025-03-11.13:43:15::SCWMssOS::DEBUG:  swdes dump  C:/Users/junoh/vivado23/DSD25_Termprj/00_RTL_Skeleton/workspace/design_1_wrapper/ps7_cortexa9_0/standalone_ps7_cortexa9_0/bsp/system.mss|system_0||
C:/Users/junoh/vivado23/DSD25_Termprj/00_RTL_Skeleton/workspace/design_1_wrapper/zynq_fsbl/zynq_fsbl_bsp/system.mss|system||

TRACE::2025-03-11.13:43:15::SCWMssOS::Sw design exists and opened at  C:/Users/junoh/vivado23/DSD25_Termprj/00_RTL_Skeleton/workspace/design_1_wrapper/ps7_cortexa9_0/standalone_ps7_cortexa9_0/bsp/system.mss
TRACE::2025-03-11.13:43:15::SCWMssOS::Completed writing the mss file at C:/Users/junoh/vivado23/DSD25_Termprj/00_RTL_Skeleton/workspace/design_1_wrapper/ps7_cortexa9_0/standalone_ps7_cortexa9_0/bsp
TRACE::2025-03-11.13:43:15::SCWMssOS::Mss edits present, copying mssfile into export location C:/Users/junoh/vivado23/DSD25_Termprj/00_RTL_Skeleton/workspace/design_1_wrapper/ps7_cortexa9_0/standalone_ps7_cortexa9_0/bsp/system.mss
TRACE::2025-03-11.13:43:15::SCWMssOS::bsp generated is upto date with the mss file. Skipping bsp generation.
TRACE::2025-03-11.13:43:15::SCWMssOS::BSP is already built. skipping the bsp build ... 
TRACE::2025-03-11.13:43:15::SCWDomain::Building the domain as part of full build :  standalone_ps7_cortexa9_0
TRACE::2025-03-11.13:43:15::SCWMssOS::doing bsp build ... 
TRACE::2025-03-11.13:43:15::SCWMssOS::System Command Ran  C: & cd  C:/Users/junoh/vivado23/DSD25_Termprj/00_RTL_Skeleton/workspace/design_1_wrapper/ps7_cortexa9_0/standalone_ps7_cortexa9_0/bsp & make 
TRACE::2025-03-11.13:43:15::SCWMssOS::make --no-print-directory seq_libs

TRACE::2025-03-11.13:43:16::SCWMssOS::'Finished building libraries sequentially.'

TRACE::2025-03-11.13:43:16::SCWMssOS::make -j 10 --no-print-directory par_libs

TRACE::2025-03-11.13:43:16::SCWMssOS::"Running Make include in ps7_cortexa9_0/libsrc/bram_v4_8/src"

TRACE::2025-03-11.13:43:16::SCWMssOS::make -C ps7_cortexa9_0/libsrc/bram_v4_8/src -s include  "SHELL=CMD" "COMPILER=arm-none-eabi-gcc" "ASSEMBLER=arm-none-eabi-as" "
TRACE::2025-03-11.13:43:16::SCWMssOS::ARCHIVER=arm-none-eabi-ar" "COMPILER_FLAGS=  -O2 -c" "EXTRA_COMPILER_FLAGS=-mcpu=cortex-a9 -mfpu=vfpv3 -mfloat-abi=hard -nostar
TRACE::2025-03-11.13:43:16::SCWMssOS::tfiles -g -Wall -Wextra -fno-tree-loop-distribute-patterns"

TRACE::2025-03-11.13:43:16::SCWMssOS::"Running Make include in ps7_cortexa9_0/libsrc/coresightps_dcc_v1_8/src"

TRACE::2025-03-11.13:43:16::SCWMssOS::make -C ps7_cortexa9_0/libsrc/coresightps_dcc_v1_8/src -s include  "SHELL=CMD" "COMPILER=arm-none-eabi-gcc" "ASSEMBLER=arm-none
TRACE::2025-03-11.13:43:16::SCWMssOS::-eabi-as" "ARCHIVER=arm-none-eabi-ar" "COMPILER_FLAGS=  -O2 -c" "EXTRA_COMPILER_FLAGS=-mcpu=cortex-a9 -mfpu=vfpv3 -mfloat-abi=h
TRACE::2025-03-11.13:43:16::SCWMssOS::ard -nostartfiles -g -Wall -Wextra -fno-tree-loop-distribute-patterns"

TRACE::2025-03-11.13:43:16::SCWMssOS::"Running Make include in ps7_cortexa9_0/libsrc/cpu_cortexa9_v2_11/src"

TRACE::2025-03-11.13:43:16::SCWMssOS::make -C ps7_cortexa9_0/libsrc/cpu_cortexa9_v2_11/src -s include  "SHELL=CMD" "COMPILER=arm-none-eabi-gcc" "ASSEMBLER=arm-none-e
TRACE::2025-03-11.13:43:16::SCWMssOS::abi-as" "ARCHIVER=arm-none-eabi-ar" "COMPILER_FLAGS=  -O2 -c" "EXTRA_COMPILER_FLAGS=-mcpu=cortex-a9 -mfpu=vfpv3 -mfloat-abi=har
TRACE::2025-03-11.13:43:16::SCWMssOS::d -nostartfiles -g -Wall -Wextra -fno-tree-loop-distribute-patterns"

TRACE::2025-03-11.13:43:16::SCWMssOS::"Running Make include in ps7_cortexa9_0/libsrc/ddrps_v1_2/src"

TRACE::2025-03-11.13:43:16::SCWMssOS::make -C ps7_cortexa9_0/libsrc/ddrps_v1_2/src -s include  "SHELL=CMD" "COMPILER=arm-none-eabi-gcc" "ASSEMBLER=arm-none-eabi-as" 
TRACE::2025-03-11.13:43:16::SCWMssOS::"ARCHIVER=arm-none-eabi-ar" "COMPILER_FLAGS=  -O2 -c" "EXTRA_COMPILER_FLAGS=-mcpu=cortex-a9 -mfpu=vfpv3 -mfloat-abi=hard -nosta
TRACE::2025-03-11.13:43:16::SCWMssOS::rtfiles -g -Wall -Wextra -fno-tree-loop-distribute-patterns"

TRACE::2025-03-11.13:43:16::SCWMssOS::"Running Make include in ps7_cortexa9_0/libsrc/devcfg_v3_7/src"

TRACE::2025-03-11.13:43:16::SCWMssOS::make -C ps7_cortexa9_0/libsrc/devcfg_v3_7/src -s include  "SHELL=CMD" "COMPILER=arm-none-eabi-gcc" "ASSEMBLER=arm-none-eabi-as"
TRACE::2025-03-11.13:43:16::SCWMssOS:: "ARCHIVER=arm-none-eabi-ar" "COMPILER_FLAGS=  -O2 -c" "EXTRA_COMPILER_FLAGS=-mcpu=cortex-a9 -mfpu=vfpv3 -mfloat-abi=hard -nost
TRACE::2025-03-11.13:43:16::SCWMssOS::artfiles -g -Wall -Wextra -fno-tree-loop-distribute-patterns"

TRACE::2025-03-11.13:43:16::SCWMssOS::"Running Make include in ps7_cortexa9_0/libsrc/dmaps_v2_8/src"

TRACE::2025-03-11.13:43:16::SCWMssOS::make -C ps7_cortexa9_0/libsrc/dmaps_v2_8/src -s include  "SHELL=CMD" "COMPILER=arm-none-eabi-gcc" "ASSEMBLER=arm-none-eabi-as" 
TRACE::2025-03-11.13:43:16::SCWMssOS::"ARCHIVER=arm-none-eabi-ar" "COMPILER_FLAGS=  -O2 -c" "EXTRA_COMPILER_FLAGS=-mcpu=cortex-a9 -mfpu=vfpv3 -mfloat-abi=hard -nosta
TRACE::2025-03-11.13:43:16::SCWMssOS::rtfiles -g -Wall -Wextra -fno-tree-loop-distribute-patterns"

TRACE::2025-03-11.13:43:16::SCWMssOS::"Running Make include in ps7_cortexa9_0/libsrc/gpiops_v3_11/src"

TRACE::2025-03-11.13:43:16::SCWMssOS::make -C ps7_cortexa9_0/libsrc/gpiops_v3_11/src -s include  "SHELL=CMD" "COMPILER=arm-none-eabi-gcc" "ASSEMBLER=arm-none-eabi-as
TRACE::2025-03-11.13:43:16::SCWMssOS::" "ARCHIVER=arm-none-eabi-ar" "COMPILER_FLAGS=  -O2 -c" "EXTRA_COMPILER_FLAGS=-mcpu=cortex-a9 -mfpu=vfpv3 -mfloat-abi=hard -nos
TRACE::2025-03-11.13:43:16::SCWMssOS::tartfiles -g -Wall -Wextra -fno-tree-loop-distribute-patterns"

TRACE::2025-03-11.13:43:16::SCWMssOS::"Running Make include in ps7_cortexa9_0/libsrc/scugic_v5_1/src"

TRACE::2025-03-11.13:43:16::SCWMssOS::make -C ps7_cortexa9_0/libsrc/scugic_v5_1/src -s include  "SHELL=CMD" "COMPILER=arm-none-eabi-gcc" "ASSEMBLER=arm-none-eabi-as"
TRACE::2025-03-11.13:43:16::SCWMssOS:: "ARCHIVER=arm-none-eabi-ar" "COMPILER_FLAGS=  -O2 -c" "EXTRA_COMPILER_FLAGS=-mcpu=cortex-a9 -mfpu=vfpv3 -mfloat-abi=hard -nost
TRACE::2025-03-11.13:43:16::SCWMssOS::artfiles -g -Wall -Wextra -fno-tree-loop-distribute-patterns"

TRACE::2025-03-11.13:43:16::SCWMssOS::"Running Make include in ps7_cortexa9_0/libsrc/scutimer_v2_4/src"

TRACE::2025-03-11.13:43:16::SCWMssOS::make -C ps7_cortexa9_0/libsrc/scutimer_v2_4/src -s include  "SHELL=CMD" "COMPILER=arm-none-eabi-gcc" "ASSEMBLER=arm-none-eabi-a
TRACE::2025-03-11.13:43:16::SCWMssOS::s" "ARCHIVER=arm-none-eabi-ar" "COMPILER_FLAGS=  -O2 -c" "EXTRA_COMPILER_FLAGS=-mcpu=cortex-a9 -mfpu=vfpv3 -mfloat-abi=hard -no
TRACE::2025-03-11.13:43:16::SCWMssOS::startfiles -g -Wall -Wextra -fno-tree-loop-distribute-patterns"

TRACE::2025-03-11.13:43:16::SCWMssOS::"Running Make include in ps7_cortexa9_0/libsrc/scuwdt_v2_4/src"

TRACE::2025-03-11.13:43:16::SCWMssOS::make -C ps7_cortexa9_0/libsrc/scuwdt_v2_4/src -s include  "SHELL=CMD" "COMPILER=arm-none-eabi-gcc" "ASSEMBLER=arm-none-eabi-as"
TRACE::2025-03-11.13:43:16::SCWMssOS:: "ARCHIVER=arm-none-eabi-ar" "COMPILER_FLAGS=  -O2 -c" "EXTRA_COMPILER_FLAGS=-mcpu=cortex-a9 -mfpu=vfpv3 -mfloat-abi=hard -nost
TRACE::2025-03-11.13:43:16::SCWMssOS::artfiles -g -Wall -Wextra -fno-tree-loop-distribute-patterns"

TRACE::2025-03-11.13:43:16::SCWMssOS::"Running Make include in ps7_cortexa9_0/libsrc/standalone_v8_1/src"

TRACE::2025-03-11.13:43:16::SCWMssOS::make -C ps7_cortexa9_0/libsrc/standalone_v8_1/src -s include  "SHELL=CMD" "COMPILER=arm-none-eabi-gcc" "ASSEMBLER=arm-none-eabi
TRACE::2025-03-11.13:43:16::SCWMssOS::-as" "ARCHIVER=arm-none-eabi-ar" "COMPILER_FLAGS=  -O2 -c" "EXTRA_COMPILER_FLAGS=-mcpu=cortex-a9 -mfpu=vfpv3 -mfloat-abi=hard -
TRACE::2025-03-11.13:43:16::SCWMssOS::nostartfiles -g -Wall -Wextra -fno-tree-loop-distribute-patterns"

TRACE::2025-03-11.13:43:16::SCWMssOS::"Running Make include in ps7_cortexa9_0/libsrc/uartps_v3_12/src"

TRACE::2025-03-11.13:43:16::SCWMssOS::make -C ps7_cortexa9_0/libsrc/uartps_v3_12/src -s include  "SHELL=CMD" "COMPILER=arm-none-eabi-gcc" "ASSEMBLER=arm-none-eabi-as
TRACE::2025-03-11.13:43:16::SCWMssOS::" "ARCHIVER=arm-none-eabi-ar" "COMPILER_FLAGS=  -O2 -c" "EXTRA_COMPILER_FLAGS=-mcpu=cortex-a9 -mfpu=vfpv3 -mfloat-abi=hard -nos
TRACE::2025-03-11.13:43:16::SCWMssOS::tartfiles -g -Wall -Wextra -fno-tree-loop-distribute-patterns"

TRACE::2025-03-11.13:43:16::SCWMssOS::"Running Make include in ps7_cortexa9_0/libsrc/xadcps_v2_6/src"

TRACE::2025-03-11.13:43:16::SCWMssOS::make -C ps7_cortexa9_0/libsrc/xadcps_v2_6/src -s include  "SHELL=CMD" "COMPILER=arm-none-eabi-gcc" "ASSEMBLER=arm-none-eabi-as"
TRACE::2025-03-11.13:43:16::SCWMssOS:: "ARCHIVER=arm-none-eabi-ar" "COMPILER_FLAGS=  -O2 -c" "EXTRA_COMPILER_FLAGS=-mcpu=cortex-a9 -mfpu=vfpv3 -mfloat-abi=hard -nost
TRACE::2025-03-11.13:43:16::SCWMssOS::artfiles -g -Wall -Wextra -fno-tree-loop-distribute-patterns"

TRACE::2025-03-11.13:43:16::SCWMssOS::"Running Make libs in ps7_cortexa9_0/libsrc/bram_v4_8/src"

TRACE::2025-03-11.13:43:16::SCWMssOS::make -C ps7_cortexa9_0/libsrc/bram_v4_8/src -s libs  "SHELL=CMD" "COMPILER=arm-none-eabi-gcc" "ASSEMBLER=arm-none-eabi-as" "ARC
TRACE::2025-03-11.13:43:16::SCWMssOS::HIVER=arm-none-eabi-ar" "COMPILER_FLAGS=  -O2 -c" "EXTRA_COMPILER_FLAGS=-mcpu=cortex-a9 -mfpu=vfpv3 -mfloat-abi=hard -nostartfi
TRACE::2025-03-11.13:43:16::SCWMssOS::les -g -Wall -Wextra -fno-tree-loop-distribute-patterns"

TRACE::2025-03-11.13:43:16::SCWMssOS::"Running Make libs in ps7_cortexa9_0/libsrc/coresightps_dcc_v1_8/src"

TRACE::2025-03-11.13:43:16::SCWMssOS::make -C ps7_cortexa9_0/libsrc/coresightps_dcc_v1_8/src -s libs  "SHELL=CMD" "COMPILER=arm-none-eabi-gcc" "ASSEMBLER=arm-none-ea
TRACE::2025-03-11.13:43:16::SCWMssOS::bi-as" "ARCHIVER=arm-none-eabi-ar" "COMPILER_FLAGS=  -O2 -c" "EXTRA_COMPILER_FLAGS=-mcpu=cortex-a9 -mfpu=vfpv3 -mfloat-abi=hard
TRACE::2025-03-11.13:43:16::SCWMssOS:: -nostartfiles -g -Wall -Wextra -fno-tree-loop-distribute-patterns"

TRACE::2025-03-11.13:43:16::SCWMssOS::"Running Make libs in ps7_cortexa9_0/libsrc/cpu_cortexa9_v2_11/src"

TRACE::2025-03-11.13:43:16::SCWMssOS::make -C ps7_cortexa9_0/libsrc/cpu_cortexa9_v2_11/src -s libs  "SHELL=CMD" "COMPILER=arm-none-eabi-gcc" "ASSEMBLER=arm-none-eabi
TRACE::2025-03-11.13:43:16::SCWMssOS::-as" "ARCHIVER=arm-none-eabi-ar" "COMPILER_FLAGS=  -O2 -c" "EXTRA_COMPILER_FLAGS=-mcpu=cortex-a9 -mfpu=vfpv3 -mfloat-abi=hard -
TRACE::2025-03-11.13:43:16::SCWMssOS::nostartfiles -g -Wall -Wextra -fno-tree-loop-distribute-patterns"

TRACE::2025-03-11.13:43:16::SCWMssOS::"Running Make libs in ps7_cortexa9_0/libsrc/ddrps_v1_2/src"

TRACE::2025-03-11.13:43:16::SCWMssOS::make -C ps7_cortexa9_0/libsrc/ddrps_v1_2/src -s libs  "SHELL=CMD" "COMPILER=arm-none-eabi-gcc" "ASSEMBLER=arm-none-eabi-as" "AR
TRACE::2025-03-11.13:43:16::SCWMssOS::CHIVER=arm-none-eabi-ar" "COMPILER_FLAGS=  -O2 -c" "EXTRA_COMPILER_FLAGS=-mcpu=cortex-a9 -mfpu=vfpv3 -mfloat-abi=hard -nostartf
TRACE::2025-03-11.13:43:16::SCWMssOS::iles -g -Wall -Wextra -fno-tree-loop-distribute-patterns"

TRACE::2025-03-11.13:43:16::SCWMssOS::"Running Make libs in ps7_cortexa9_0/libsrc/devcfg_v3_7/src"

TRACE::2025-03-11.13:43:16::SCWMssOS::make -C ps7_cortexa9_0/libsrc/devcfg_v3_7/src -s libs  "SHELL=CMD" "COMPILER=arm-none-eabi-gcc" "ASSEMBLER=arm-none-eabi-as" "A
TRACE::2025-03-11.13:43:16::SCWMssOS::RCHIVER=arm-none-eabi-ar" "COMPILER_FLAGS=  -O2 -c" "EXTRA_COMPILER_FLAGS=-mcpu=cortex-a9 -mfpu=vfpv3 -mfloat-abi=hard -nostart
TRACE::2025-03-11.13:43:16::SCWMssOS::files -g -Wall -Wextra -fno-tree-loop-distribute-patterns"

TRACE::2025-03-11.13:43:16::SCWMssOS::"Running Make libs in ps7_cortexa9_0/libsrc/dmaps_v2_8/src"

TRACE::2025-03-11.13:43:16::SCWMssOS::make -C ps7_cortexa9_0/libsrc/dmaps_v2_8/src -s libs  "SHELL=CMD" "COMPILER=arm-none-eabi-gcc" "ASSEMBLER=arm-none-eabi-as" "AR
TRACE::2025-03-11.13:43:16::SCWMssOS::CHIVER=arm-none-eabi-ar" "COMPILER_FLAGS=  -O2 -c" "EXTRA_COMPILER_FLAGS=-mcpu=cortex-a9 -mfpu=vfpv3 -mfloat-abi=hard -nostartf
TRACE::2025-03-11.13:43:16::SCWMssOS::iles -g -Wall -Wextra -fno-tree-loop-distribute-patterns"

TRACE::2025-03-11.13:43:16::SCWMssOS::"Running Make libs in ps7_cortexa9_0/libsrc/gpiops_v3_11/src"

TRACE::2025-03-11.13:43:16::SCWMssOS::make -C ps7_cortexa9_0/libsrc/gpiops_v3_11/src -s libs  "SHELL=CMD" "COMPILER=arm-none-eabi-gcc" "ASSEMBLER=arm-none-eabi-as" "
TRACE::2025-03-11.13:43:16::SCWMssOS::ARCHIVER=arm-none-eabi-ar" "COMPILER_FLAGS=  -O2 -c" "EXTRA_COMPILER_FLAGS=-mcpu=cortex-a9 -mfpu=vfpv3 -mfloat-abi=hard -nostar
TRACE::2025-03-11.13:43:16::SCWMssOS::tfiles -g -Wall -Wextra -fno-tree-loop-distribute-patterns"

TRACE::2025-03-11.13:43:16::SCWMssOS::"Running Make libs in ps7_cortexa9_0/libsrc/scugic_v5_1/src"

TRACE::2025-03-11.13:43:17::SCWMssOS::make -C ps7_cortexa9_0/libsrc/scugic_v5_1/src -s libs  "SHELL=CMD" "COMPILER=arm-none-eabi-gcc" "ASSEMBLER=arm-none-eabi-as" "A
TRACE::2025-03-11.13:43:17::SCWMssOS::RCHIVER=arm-none-eabi-ar" "COMPILER_FLAGS=  -O2 -c" "EXTRA_COMPILER_FLAGS=-mcpu=cortex-a9 -mfpu=vfpv3 -mfloat-abi=hard -nostart
TRACE::2025-03-11.13:43:17::SCWMssOS::files -g -Wall -Wextra -fno-tree-loop-distribute-patterns"

TRACE::2025-03-11.13:43:17::SCWMssOS::"Running Make libs in ps7_cortexa9_0/libsrc/scutimer_v2_4/src"

TRACE::2025-03-11.13:43:17::SCWMssOS::make -C ps7_cortexa9_0/libsrc/scutimer_v2_4/src -s libs  "SHELL=CMD" "COMPILER=arm-none-eabi-gcc" "ASSEMBLER=arm-none-eabi-as" 
TRACE::2025-03-11.13:43:17::SCWMssOS::"ARCHIVER=arm-none-eabi-ar" "COMPILER_FLAGS=  -O2 -c" "EXTRA_COMPILER_FLAGS=-mcpu=cortex-a9 -mfpu=vfpv3 -mfloat-abi=hard -nosta
TRACE::2025-03-11.13:43:17::SCWMssOS::rtfiles -g -Wall -Wextra -fno-tree-loop-distribute-patterns"

TRACE::2025-03-11.13:43:17::SCWMssOS::"Running Make libs in ps7_cortexa9_0/libsrc/scuwdt_v2_4/src"

TRACE::2025-03-11.13:43:17::SCWMssOS::make -C ps7_cortexa9_0/libsrc/scuwdt_v2_4/src -s libs  "SHELL=CMD" "COMPILER=arm-none-eabi-gcc" "ASSEMBLER=arm-none-eabi-as" "A
TRACE::2025-03-11.13:43:17::SCWMssOS::RCHIVER=arm-none-eabi-ar" "COMPILER_FLAGS=  -O2 -c" "EXTRA_COMPILER_FLAGS=-mcpu=cortex-a9 -mfpu=vfpv3 -mfloat-abi=hard -nostart
TRACE::2025-03-11.13:43:17::SCWMssOS::files -g -Wall -Wextra -fno-tree-loop-distribute-patterns"

TRACE::2025-03-11.13:43:17::SCWMssOS::"Running Make libs in ps7_cortexa9_0/libsrc/standalone_v8_1/src"

TRACE::2025-03-11.13:43:17::SCWMssOS::make -C ps7_cortexa9_0/libsrc/standalone_v8_1/src -s libs  "SHELL=CMD" "COMPILER=arm-none-eabi-gcc" "ASSEMBLER=arm-none-eabi-as
TRACE::2025-03-11.13:43:17::SCWMssOS::" "ARCHIVER=arm-none-eabi-ar" "COMPILER_FLAGS=  -O2 -c" "EXTRA_COMPILER_FLAGS=-mcpu=cortex-a9 -mfpu=vfpv3 -mfloat-abi=hard -nos
TRACE::2025-03-11.13:43:17::SCWMssOS::tartfiles -g -Wall -Wextra -fno-tree-loop-distribute-patterns"

TRACE::2025-03-11.13:43:17::SCWMssOS::"Running Make libs in ps7_cortexa9_0/libsrc/uartps_v3_12/src"

TRACE::2025-03-11.13:43:17::SCWMssOS::make -C ps7_cortexa9_0/libsrc/uartps_v3_12/src -s libs  "SHELL=CMD" "COMPILER=arm-none-eabi-gcc" "ASSEMBLER=arm-none-eabi-as" "
TRACE::2025-03-11.13:43:17::SCWMssOS::ARCHIVER=arm-none-eabi-ar" "COMPILER_FLAGS=  -O2 -c" "EXTRA_COMPILER_FLAGS=-mcpu=cortex-a9 -mfpu=vfpv3 -mfloat-abi=hard -nostar
TRACE::2025-03-11.13:43:17::SCWMssOS::tfiles -g -Wall -Wextra -fno-tree-loop-distribute-patterns"

TRACE::2025-03-11.13:43:17::SCWMssOS::"Running Make libs in ps7_cortexa9_0/libsrc/xadcps_v2_6/src"

TRACE::2025-03-11.13:43:17::SCWMssOS::make -C ps7_cortexa9_0/libsrc/xadcps_v2_6/src -s libs  "SHELL=CMD" "COMPILER=arm-none-eabi-gcc" "ASSEMBLER=arm-none-eabi-as" "A
TRACE::2025-03-11.13:43:17::SCWMssOS::RCHIVER=arm-none-eabi-ar" "COMPILER_FLAGS=  -O2 -c" "EXTRA_COMPILER_FLAGS=-mcpu=cortex-a9 -mfpu=vfpv3 -mfloat-abi=hard -nostart
TRACE::2025-03-11.13:43:17::SCWMssOS::files -g -Wall -Wextra -fno-tree-loop-distribute-patterns"

TRACE::2025-03-11.13:43:19::SCWMssOS::'Finished building libraries parallelly.'

TRACE::2025-03-11.13:43:19::SCWMssOS::make --no-print-directory archive

TRACE::2025-03-11.13:43:19::SCWMssOS::arm-none-eabi-ar -r  ps7_cortexa9_0/lib/libxil.a ps7_cortexa9_0/lib/_exit.o ps7_cortexa9_0/lib/_open.o ps7_cortexa9_0/lib/_sbrk
TRACE::2025-03-11.13:43:19::SCWMssOS::.o ps7_cortexa9_0/lib/abort.o ps7_cortexa9_0/lib/asm_vectors.o ps7_cortexa9_0/lib/boot.o ps7_cortexa9_0/lib/close.o ps7_cortexa
TRACE::2025-03-11.13:43:19::SCWMssOS::9_0/lib/cpputest_time.o ps7_cortexa9_0/lib/cpu_init.o ps7_cortexa9_0/lib/errno.o ps7_cortexa9_0/lib/fcntl.o ps7_cortexa9_0/lib/
TRACE::2025-03-11.13:43:19::SCWMssOS::fstat.o ps7_cortexa9_0/lib/getentropy.o ps7_cortexa9_0/lib/getpid.o ps7_cortexa9_0/lib/inbyte.o ps7_cortexa9_0/lib/isatty.o ps7
TRACE::2025-03-11.13:43:19::SCWMssOS::_cortexa9_0/lib/kill.o ps7_cortexa9_0/lib/lseek.o ps7_cortexa9_0/lib/open.o ps7_cortexa9_0/lib/outbyte.o ps7_cortexa9_0/lib/pri
TRACE::2025-03-11.13:43:19::SCWMssOS::nt.o ps7_cortexa9_0/lib/putnum.o ps7_cortexa9_0/lib/read.o ps7_cortexa9_0/lib/sbrk.o ps7_cortexa9_0/lib/sleep.o ps7_cortexa9_0/
TRACE::2025-03-11.13:43:19::SCWMssOS::lib/time.o ps7_cortexa9_0/lib/translation_table.o ps7_cortexa9_0/lib/unlink.o ps7_cortexa9_0/lib/usleep.o ps7_cortexa9_0/lib/ve
TRACE::2025-03-11.13:43:19::SCWMssOS::ctors.o ps7_cortexa9_0/lib/write.o ps7_cortexa9_0/lib/xadcps.o ps7_cortexa9_0/lib/xadcps_g.o ps7_cortexa9_0/lib/xadcps_intr.o p
TRACE::2025-03-11.13:43:19::SCWMssOS::s7_cortexa9_0/lib/xadcps_selftest.o ps7_cortexa9_0/lib/xadcps_sinit.o ps7_cortexa9_0/lib/xbram.o ps7_cortexa9_0/lib/xbram_g.o p
TRACE::2025-03-11.13:43:19::SCWMssOS::s7_cortexa9_0/lib/xbram_intr.o ps7_cortexa9_0/lib/xbram_selftest.o ps7_cortexa9_0/lib/xbram_sinit.o ps7_cortexa9_0/lib/xcoresig
TRACE::2025-03-11.13:43:19::SCWMssOS::htpsdcc.o ps7_cortexa9_0/lib/xdevcfg.o ps7_cortexa9_0/lib/xdevcfg_g.o ps7_cortexa9_0/lib/xdevcfg_hw.o ps7_cortexa9_0/lib/xdevcf
TRACE::2025-03-11.13:43:19::SCWMssOS::g_intr.o ps7_cortexa9_0/lib/xdevcfg_selftest.o ps7_cortexa9_0/lib/xdevcfg_sinit.o ps7_cortexa9_0/lib/xdmaps.o ps7_cortexa9_0/li
TRACE::2025-03-11.13:43:19::SCWMssOS::b/xdmaps_g.o ps7_cortexa9_0/lib/xdmaps_hw.o ps7_cortexa9_0/lib/xdmaps_selftest.o ps7_cortexa9_0/lib/xdmaps_sinit.o ps7_cortexa9
TRACE::2025-03-11.13:43:19::SCWMssOS::_0/lib/xgpiops.o ps7_cortexa9_0/lib/xgpiops_g.o ps7_cortexa9_0/lib/xgpiops_hw.o ps7_cortexa9_0/lib/xgpiops_intr.o ps7_cortexa9_
TRACE::2025-03-11.13:43:19::SCWMssOS::0/lib/xgpiops_selftest.o ps7_cortexa9_0/lib/xgpiops_sinit.o ps7_cortexa9_0/lib/xil-crt0.o ps7_cortexa9_0/lib/xil_assert.o ps7_c
TRACE::2025-03-11.13:43:19::SCWMssOS::ortexa9_0/lib/xil_cache.o ps7_cortexa9_0/lib/xil_clocking.o ps7_cortexa9_0/lib/xil_exception.o ps7_cortexa9_0/lib/xil_mem.o ps7
TRACE::2025-03-11.13:43:19::SCWMssOS::_cortexa9_0/lib/xil_misc_psreset_api.o ps7_cortexa9_0/lib/xil_mmu.o ps7_cortexa9_0/lib/xil_printf.o ps7_cortexa9_0/lib/xil_slee
TRACE::2025-03-11.13:43:19::SCWMssOS::pcommon.o ps7_cortexa9_0/lib/xil_sleeptimer.o ps7_cortexa9_0/lib/xil_spinlock.o ps7_cortexa9_0/lib/xil_testcache.o ps7_cortexa9
TRACE::2025-03-11.13:43:19::SCWMssOS::_0/lib/xil_testio.o ps7_cortexa9_0/lib/xil_testmem.o ps7_cortexa9_0/lib/xil_util.o ps7_cortexa9_0/lib/xinterrupt_wrap.o ps7_cor
TRACE::2025-03-11.13:43:19::SCWMssOS::texa9_0/lib/xl2cc_counter.o ps7_cortexa9_0/lib/xplatform_info.o ps7_cortexa9_0/lib/xpm_counter.o ps7_cortexa9_0/lib/xscugic.o p
TRACE::2025-03-11.13:43:19::SCWMssOS::s7_cortexa9_0/lib/xscugic_g.o ps7_cortexa9_0/lib/xscugic_hw.o ps7_cortexa9_0/lib/xscugic_intr.o ps7_cortexa9_0/lib/xscugic_self
TRACE::2025-03-11.13:43:19::SCWMssOS::test.o ps7_cortexa9_0/lib/xscugic_sinit.o ps7_cortexa9_0/lib/xscutimer.o ps7_cortexa9_0/lib/xscutimer_g.o ps7_cortexa9_0/lib/xs
TRACE::2025-03-11.13:43:19::SCWMssOS::cutimer_selftest.o ps7_cortexa9_0/lib/xscutimer_sinit.o ps7_cortexa9_0/lib/xscuwdt.o ps7_cortexa9_0/lib/xscuwdt_g.o ps7_cortexa
TRACE::2025-03-11.13:43:19::SCWMssOS::9_0/lib/xscuwdt_selftest.o ps7_cortexa9_0/lib/xscuwdt_sinit.o ps7_cortexa9_0/lib/xtime_l.o ps7_cortexa9_0/lib/xuartps.o ps7_cor
TRACE::2025-03-11.13:43:19::SCWMssOS::texa9_0/lib/xuartps_g.o ps7_cortexa9_0/lib/xuartps_hw.o ps7_cortexa9_0/lib/xuartps_intr.o ps7_cortexa9_0/lib/xuartps_options.o 
TRACE::2025-03-11.13:43:19::SCWMssOS::ps7_cortexa9_0/lib/xuartps_selftest.o ps7_cortexa9_0/lib/xuartps_sinit.o

TRACE::2025-03-11.13:43:20::SCWMssOS::'Finished building libraries'

TRACE::2025-03-11.13:43:20::SCWMssOS::Copying to export directory.
TRACE::2025-03-11.13:43:20::SCWMssOS:: Checking if to create the Supporting Applications
TRACE::2025-03-11.13:43:20::SCWMssOS:: No Linux domain exists, trying to generate FSBL 
LOG::2025-03-11.13:43:20::SCWSystem::Completed Processing the domain standalone_ps7_cortexa9_0
LOG::2025-03-11.13:43:20::SCWSystem::Completed Processing the sysconfig design_1_wrapper
LOG::2025-03-11.13:43:20::SCWPlatform::Completed generating the artifacts for system configuration design_1_wrapper
TRACE::2025-03-11.13:43:20::SCWPlatform::Started preparing the platform 
TRACE::2025-03-11.13:43:20::SCWSystem::Writing the bif file for system config design_1_wrapper
TRACE::2025-03-11.13:43:20::SCWSystem::dir created 
TRACE::2025-03-11.13:43:20::SCWSystem::Writing the bif 
TRACE::2025-03-11.13:43:20::SCWPlatform::Started writing the spfm file 
TRACE::2025-03-11.13:43:20::SCWPlatform::Started writing the xpfm file 
TRACE::2025-03-11.13:43:20::SCWPlatform::Completed generating the platform
TRACE::2025-03-11.13:43:20::SCWMssOS::Saving the mss changes C:/Users/junoh/vivado23/DSD25_Termprj/00_RTL_Skeleton/workspace/design_1_wrapper/zynq_fsbl/zynq_fsbl_bsp/system.mss
TRACE::2025-03-11.13:43:20::SCWMssOS::Found a swdesign opened with the mssfile.
TRACE::2025-03-11.13:43:20::SCWMssOS::Completed writemss as part of save.
TRACE::2025-03-11.13:43:20::SCWMssOS::Commit changes completed.
TRACE::2025-03-11.13:43:20::SCWMssOS::Saving the mss changes C:/Users/junoh/vivado23/DSD25_Termprj/00_RTL_Skeleton/workspace/design_1_wrapper/ps7_cortexa9_0/standalone_ps7_cortexa9_0/bsp/system.mss
TRACE::2025-03-11.13:43:20::SCWMssOS::Found a swdesign opened with the mssfile.
TRACE::2025-03-11.13:43:20::SCWMssOS::Completed writemss as part of save.
TRACE::2025-03-11.13:43:20::SCWMssOS::Commit changes completed.
TRACE::2025-03-11.13:43:20::SCWPlatform::Trying to open the hw design at C:/Users/junoh/vivado23/DSD25_Termprj/00_RTL_Skeleton/workspace/design_1_wrapper/hw/design_1_wrapper.xsa
TRACE::2025-03-11.13:43:20::SCWPlatform::DSA given C:/Users/junoh/vivado23/DSD25_Termprj/00_RTL_Skeleton/workspace/design_1_wrapper/hw/design_1_wrapper.xsa
TRACE::2025-03-11.13:43:20::SCWPlatform::DSA absoulate path C:/Users/junoh/vivado23/DSD25_Termprj/00_RTL_Skeleton/workspace/design_1_wrapper/hw/design_1_wrapper.xsa
TRACE::2025-03-11.13:43:20::SCWPlatform::DSA directory C:/Users/junoh/vivado23/DSD25_Termprj/00_RTL_Skeleton/workspace/design_1_wrapper/hw
TRACE::2025-03-11.13:43:20::SCWPlatform:: Platform Path C:/Users/junoh/vivado23/DSD25_Termprj/00_RTL_Skeleton/workspace/design_1_wrapper/hw/design_1_wrapper.xsa
TRACE::2025-03-11.13:43:20::SCWPlatform:: Unique name xilinx:zybo-z7-20::0.0
TRACE::2025-03-11.13:43:20::SCWPlatform::Trying to set the existing hwdb with name design_1_wrapper
TRACE::2025-03-11.13:43:20::SCWPlatform::Opened existing hwdb design_1_wrapper
TRACE::2025-03-11.13:43:20::SCWPlatform::Found the Hw Db part of the input DSA
TRACE::2025-03-11.13:43:20::SCWMssOS::Checking the sw design at  C:/Users/junoh/vivado23/DSD25_Termprj/00_RTL_Skeleton/workspace/design_1_wrapper/zynq_fsbl/zynq_fsbl_bsp/system.mss
TRACE::2025-03-11.13:43:20::SCWMssOS::DEBUG:  swdes dump  C:/Users/junoh/vivado23/DSD25_Termprj/00_RTL_Skeleton/workspace/design_1_wrapper/ps7_cortexa9_0/standalone_ps7_cortexa9_0/bsp/system.mss|system_0||
C:/Users/junoh/vivado23/DSD25_Termprj/00_RTL_Skeleton/workspace/design_1_wrapper/zynq_fsbl/zynq_fsbl_bsp/system.mss|system||

TRACE::2025-03-11.13:43:20::SCWMssOS::Sw design exists and opened at  C:/Users/junoh/vivado23/DSD25_Termprj/00_RTL_Skeleton/workspace/design_1_wrapper/zynq_fsbl/zynq_fsbl_bsp/system.mss
TRACE::2025-03-11.13:43:20::SCWPlatform::Trying to open the hw design at C:/Users/junoh/vivado23/DSD25_Termprj/00_RTL_Skeleton/workspace/design_1_wrapper/hw/design_1_wrapper.xsa
TRACE::2025-03-11.13:43:20::SCWPlatform::DSA given C:/Users/junoh/vivado23/DSD25_Termprj/00_RTL_Skeleton/workspace/design_1_wrapper/hw/design_1_wrapper.xsa
TRACE::2025-03-11.13:43:20::SCWPlatform::DSA absoulate path C:/Users/junoh/vivado23/DSD25_Termprj/00_RTL_Skeleton/workspace/design_1_wrapper/hw/design_1_wrapper.xsa
TRACE::2025-03-11.13:43:20::SCWPlatform::DSA directory C:/Users/junoh/vivado23/DSD25_Termprj/00_RTL_Skeleton/workspace/design_1_wrapper/hw
TRACE::2025-03-11.13:43:20::SCWPlatform:: Platform Path C:/Users/junoh/vivado23/DSD25_Termprj/00_RTL_Skeleton/workspace/design_1_wrapper/hw/design_1_wrapper.xsa
TRACE::2025-03-11.13:43:20::SCWPlatform:: Unique name xilinx:zybo-z7-20::0.0
TRACE::2025-03-11.13:43:20::SCWPlatform::Trying to set the existing hwdb with name design_1_wrapper
TRACE::2025-03-11.13:43:20::SCWPlatform::Opened existing hwdb design_1_wrapper
TRACE::2025-03-11.13:43:20::SCWPlatform::Found the Hw Db part of the input DSA
TRACE::2025-03-11.13:43:20::SCWMssOS::Checking the sw design at  C:/Users/junoh/vivado23/DSD25_Termprj/00_RTL_Skeleton/workspace/design_1_wrapper/ps7_cortexa9_0/standalone_ps7_cortexa9_0/bsp/system.mss
TRACE::2025-03-11.13:43:20::SCWMssOS::DEBUG:  swdes dump  C:/Users/junoh/vivado23/DSD25_Termprj/00_RTL_Skeleton/workspace/design_1_wrapper/ps7_cortexa9_0/standalone_ps7_cortexa9_0/bsp/system.mss|system_0||
C:/Users/junoh/vivado23/DSD25_Termprj/00_RTL_Skeleton/workspace/design_1_wrapper/zynq_fsbl/zynq_fsbl_bsp/system.mss|system||

TRACE::2025-03-11.13:43:20::SCWMssOS::Sw design exists and opened at  C:/Users/junoh/vivado23/DSD25_Termprj/00_RTL_Skeleton/workspace/design_1_wrapper/ps7_cortexa9_0/standalone_ps7_cortexa9_0/bsp/system.mss
TRACE::2025-03-11.13:43:20::SCWWriter::formatted JSON is {
	"platformName":	"design_1_wrapper",
	"sprVersion":	"2.0",
	"mode":	"gui",
	"dsaType":	"Fixed",
	"platformDesc":	"design_1_wrapper",
	"platHandOff":	"C:/Users/junoh/vivado23/DSD25_Termprj/00_RTL_Skeleton/design_1_wrapper.xsa",
	"platIntHandOff":	"<platformDir>/hw/design_1_wrapper.xsa",
	"deviceType":	"zynq",
	"platIsPrebuiltAutogen":	"false",
	"platIsNoBootBsp":	"false",
	"hasFsblMakeHasChanges":	"false",
	"hasPmufwMakeHasChanges":	"false",
	"fsblExtraCompilerFlags":	"-MMD -MP       -mcpu=cortex-a9 -mfpu=vfpv3 -mfloat-abi=hard ",
	"platPreBuiltFlag":	false,
	"platformSamplesDir":	"",
	"platActiveSys":	"design_1_wrapper",
	"systems":	[{
			"systemName":	"design_1_wrapper",
			"systemDesc":	"design_1_wrapper",
			"sysIsBootAutoGen":	"true",
			"systemDispName":	"design_1_wrapper",
			"sysActiveDom":	"standalone_ps7_cortexa9_0",
			"sysDefaultDom":	"standalone_ps7_cortexa9_0",
			"domains":	[{
					"domainName":	"zynq_fsbl",
					"domainDispName":	"zynq_fsbl",
					"domainDesc":	"FSBL Application BSP - Auto Generated.",
					"processors":	"ps7_cortexa9_0",
					"os":	"standalone",
					"sdxOs":	"standalone",
					"debugEnable":	"",
					"domRuntimes":	["cpp"],
					"swRepo":	"",
					"mssOsVer":	"8.1",
					"mssFile":	"",
					"md5Digest":	"18db037d21630273c43c35eef454af04",
					"compatibleApp":	"zynq_fsbl",
					"domType":	"bootDomain",
					"arch":	"32-bit",
					"appSettings":	{
						"appCompilerFlags":	"",
						"appLinkerFlags":	""
					},
					"addedLibs":	["xilffs:5.0", "xilrsa:1.6"],
					"libOptions":	{
						"libsContainingOptions":	[]
					},
					"prebuiltLibs":	{
						"prebuiltIncPath":	[],
						"prebuiltLibPath":	[]
					},
					"isolation":	{
					}
				}, {
					"domainName":	"standalone_ps7_cortexa9_0",
					"domainDispName":	"standalone_ps7_cortexa9_0",
					"domainDesc":	"standalone_ps7_cortexa9_0",
					"processors":	"ps7_cortexa9_0",
					"os":	"standalone",
					"sdxOs":	"standalone",
					"qemuArgs":	"<platformDir>/resources/design_1_wrapper/standalone_ps7_cortexa9_0/qemu_args.txt",
					"qemuData":	"<platformDir>/resources/design_1_wrapper/standalone_ps7_cortexa9_0/qemu",
					"debugEnable":	"False",
					"domRuntimes":	["cpp"],
					"swRepo":	"",
					"mssOsVer":	"8.1",
					"mssFile":	"",
					"md5Digest":	"f90644cd625b505de1ada2b5ad5e2e1f",
					"compatibleApp":	"",
					"domType":	"mssDomain",
					"arch":	"32-bit",
					"appSettings":	{
						"appCompilerFlags":	"",
						"appLinkerFlags":	""
					},
					"addedLibs":	[],
					"libOptions":	{
						"libsContainingOptions":	[]
					},
					"prebuiltLibs":	{
						"prebuiltIncPath":	[],
						"prebuiltLibPath":	[]
					},
					"isolation":	{
					}
				}]
		}]
}
KEYINFO::2025-03-11.13:43:20::SCWPlatform::updated the xpfm file.
TRACE::2025-03-11.13:43:21::SCWPlatform::Trying to open the hw design at C:/Users/junoh/vivado23/DSD25_Termprj/00_RTL_Skeleton/workspace/design_1_wrapper/hw/design_1_wrapper.xsa
TRACE::2025-03-11.13:43:21::SCWPlatform::DSA given C:/Users/junoh/vivado23/DSD25_Termprj/00_RTL_Skeleton/workspace/design_1_wrapper/hw/design_1_wrapper.xsa
TRACE::2025-03-11.13:43:21::SCWPlatform::DSA absoulate path C:/Users/junoh/vivado23/DSD25_Termprj/00_RTL_Skeleton/workspace/design_1_wrapper/hw/design_1_wrapper.xsa
TRACE::2025-03-11.13:43:21::SCWPlatform::DSA directory C:/Users/junoh/vivado23/DSD25_Termprj/00_RTL_Skeleton/workspace/design_1_wrapper/hw
TRACE::2025-03-11.13:43:21::SCWPlatform:: Platform Path C:/Users/junoh/vivado23/DSD25_Termprj/00_RTL_Skeleton/workspace/design_1_wrapper/hw/design_1_wrapper.xsa
TRACE::2025-03-11.13:43:21::SCWPlatform:: Unique name xilinx:zybo-z7-20::0.0
TRACE::2025-03-11.13:43:21::SCWPlatform::Trying to set the existing hwdb with name design_1_wrapper
TRACE::2025-03-11.13:43:21::SCWPlatform::Opened existing hwdb design_1_wrapper
TRACE::2025-03-11.13:43:21::SCWPlatform::Found the Hw Db part of the input DSA
TRACE::2025-03-11.13:43:21::SCWMssOS::Checking the sw design at  C:/Users/junoh/vivado23/DSD25_Termprj/00_RTL_Skeleton/workspace/design_1_wrapper/ps7_cortexa9_0/standalone_ps7_cortexa9_0/bsp/system.mss
TRACE::2025-03-11.13:43:21::SCWMssOS::DEBUG:  swdes dump  C:/Users/junoh/vivado23/DSD25_Termprj/00_RTL_Skeleton/workspace/design_1_wrapper/ps7_cortexa9_0/standalone_ps7_cortexa9_0/bsp/system.mss|system_0||
C:/Users/junoh/vivado23/DSD25_Termprj/00_RTL_Skeleton/workspace/design_1_wrapper/zynq_fsbl/zynq_fsbl_bsp/system.mss|system||

TRACE::2025-03-11.13:43:21::SCWMssOS::Sw design exists and opened at  C:/Users/junoh/vivado23/DSD25_Termprj/00_RTL_Skeleton/workspace/design_1_wrapper/ps7_cortexa9_0/standalone_ps7_cortexa9_0/bsp/system.mss
TRACE::2025-03-11.13:43:33::SCWBDomain::System Command Ran  C:&  cd  C:/Users/junoh/vivado23/DSD25_Termprj/00_RTL_Skeleton/workspace/design_1_wrapper/zynq_fsbl & make clean
TRACE::2025-03-11.13:43:33::SCWBDomain::rm -rf  sd.o  nand.o  image_mover.o  md5.o  fsbl_hooks.o  main.o  nor.o  qspi.o  rsa.o  ps7_init.o  pcap.o  fsbl_handoff.o zynq
TRACE::2025-03-11.13:43:33::SCWBDomain::_fsbl_bsp/ps7_cortexa9_0/lib/libxil.a fsbl.elf *.o

TRACE::2025-03-11.13:43:33::SCWBDomain::System Command Ran  C:&  cd  C:/Users/junoh/vivado23/DSD25_Termprj/00_RTL_Skeleton/workspace/design_1_wrapper/zynq_fsbl/zynq_fsbl_bsp & make clean
TRACE::2025-03-11.13:43:33::SCWBDomain::make -C ps7_cortexa9_0/libsrc/bram_v4_8/src -s clean 

TRACE::2025-03-11.13:43:33::SCWBDomain::make -C ps7_cortexa9_0/libsrc/coresightps_dcc_v1_8/src -s clean 

TRACE::2025-03-11.13:43:33::SCWBDomain::make -C ps7_cortexa9_0/libsrc/cpu_cortexa9_v2_11/src -s clean 

TRACE::2025-03-11.13:43:34::SCWBDomain::make -C ps7_cortexa9_0/libsrc/ddrps_v1_2/src -s clean 

TRACE::2025-03-11.13:43:34::SCWBDomain::make -C ps7_cortexa9_0/libsrc/devcfg_v3_7/src -s clean 

TRACE::2025-03-11.13:43:34::SCWBDomain::make -C ps7_cortexa9_0/libsrc/dmaps_v2_8/src -s clean 

TRACE::2025-03-11.13:43:34::SCWBDomain::make -C ps7_cortexa9_0/libsrc/gpiops_v3_11/src -s clean 

TRACE::2025-03-11.13:43:34::SCWBDomain::make -C ps7_cortexa9_0/libsrc/scugic_v5_1/src -s clean 

TRACE::2025-03-11.13:43:34::SCWBDomain::make -C ps7_cortexa9_0/libsrc/scutimer_v2_4/src -s clean 

TRACE::2025-03-11.13:43:34::SCWBDomain::make -C ps7_cortexa9_0/libsrc/scuwdt_v2_4/src -s clean 

TRACE::2025-03-11.13:43:34::SCWBDomain::make -C ps7_cortexa9_0/libsrc/standalone_v8_1/src -s clean 

TRACE::2025-03-11.13:43:35::SCWBDomain::make -C ps7_cortexa9_0/libsrc/uartps_v3_12/src -s clean 

TRACE::2025-03-11.13:43:35::SCWBDomain::make -C ps7_cortexa9_0/libsrc/xadcps_v2_6/src -s clean 

TRACE::2025-03-11.13:43:35::SCWBDomain::make -C ps7_cortexa9_0/libsrc/xilffs_v5_0/src -s clean 

TRACE::2025-03-11.13:43:35::SCWBDomain::make -C ps7_cortexa9_0/libsrc/xilrsa_v1_6/src -s clean 

TRACE::2025-03-11.13:43:35::SCWBDomain::rm -f ps7_cortexa9_0/lib/libxil.a

TRACE::2025-03-11.13:43:35::SCWMssOS::cleaning the bsp 
TRACE::2025-03-11.13:43:35::SCWMssOS::System Command Ran  C: & cd  C:/Users/junoh/vivado23/DSD25_Termprj/00_RTL_Skeleton/workspace/design_1_wrapper/ps7_cortexa9_0/standalone_ps7_cortexa9_0/bsp & make clean 
TRACE::2025-03-11.13:43:35::SCWMssOS::make -C ps7_cortexa9_0/libsrc/bram_v4_8/src -s clean 

TRACE::2025-03-11.13:43:35::SCWMssOS::make -C ps7_cortexa9_0/libsrc/coresightps_dcc_v1_8/src -s clean 

TRACE::2025-03-11.13:43:36::SCWMssOS::make -C ps7_cortexa9_0/libsrc/cpu_cortexa9_v2_11/src -s clean 

TRACE::2025-03-11.13:43:36::SCWMssOS::make -C ps7_cortexa9_0/libsrc/ddrps_v1_2/src -s clean 

TRACE::2025-03-11.13:43:36::SCWMssOS::make -C ps7_cortexa9_0/libsrc/devcfg_v3_7/src -s clean 

TRACE::2025-03-11.13:43:36::SCWMssOS::make -C ps7_cortexa9_0/libsrc/dmaps_v2_8/src -s clean 

TRACE::2025-03-11.13:43:36::SCWMssOS::make -C ps7_cortexa9_0/libsrc/gpiops_v3_11/src -s clean 

TRACE::2025-03-11.13:43:36::SCWMssOS::make -C ps7_cortexa9_0/libsrc/scugic_v5_1/src -s clean 

TRACE::2025-03-11.13:43:36::SCWMssOS::make -C ps7_cortexa9_0/libsrc/scutimer_v2_4/src -s clean 

TRACE::2025-03-11.13:43:36::SCWMssOS::make -C ps7_cortexa9_0/libsrc/scuwdt_v2_4/src -s clean 

TRACE::2025-03-11.13:43:36::SCWMssOS::make -C ps7_cortexa9_0/libsrc/standalone_v8_1/src -s clean 

TRACE::2025-03-11.13:43:37::SCWMssOS::make -C ps7_cortexa9_0/libsrc/uartps_v3_12/src -s clean 

TRACE::2025-03-11.13:43:37::SCWMssOS::make -C ps7_cortexa9_0/libsrc/xadcps_v2_6/src -s clean 

TRACE::2025-03-11.13:43:37::SCWMssOS::rm -f ps7_cortexa9_0/lib/libxil.a

LOG::2025-03-11.13:43:43::SCWPlatform::Started generating the artifacts platform design_1_wrapper
TRACE::2025-03-11.13:43:43::SCWPlatform::Sanity checking of platform is completed
LOG::2025-03-11.13:43:43::SCWPlatform::Started generating the artifacts for system configuration design_1_wrapper
LOG::2025-03-11.13:43:43::SCWSystem::Checking the domain zynq_fsbl
LOG::2025-03-11.13:43:43::SCWSystem::Doing application build for :  zynq_fsbl
TRACE::2025-03-11.13:43:43::SCWBDomain::Not a forced makefile updation, No changes are present. 
TRACE::2025-03-11.13:43:43::SCWDomain::Building the domain as part of full build :  zynq_fsbl
TRACE::2025-03-11.13:43:43::SCWPlatform::Trying to open the hw design at C:/Users/junoh/vivado23/DSD25_Termprj/00_RTL_Skeleton/workspace/design_1_wrapper/hw/design_1_wrapper.xsa
TRACE::2025-03-11.13:43:43::SCWPlatform::DSA given C:/Users/junoh/vivado23/DSD25_Termprj/00_RTL_Skeleton/workspace/design_1_wrapper/hw/design_1_wrapper.xsa
TRACE::2025-03-11.13:43:43::SCWPlatform::DSA absoulate path C:/Users/junoh/vivado23/DSD25_Termprj/00_RTL_Skeleton/workspace/design_1_wrapper/hw/design_1_wrapper.xsa
TRACE::2025-03-11.13:43:43::SCWPlatform::DSA directory C:/Users/junoh/vivado23/DSD25_Termprj/00_RTL_Skeleton/workspace/design_1_wrapper/hw
TRACE::2025-03-11.13:43:43::SCWPlatform:: Platform Path C:/Users/junoh/vivado23/DSD25_Termprj/00_RTL_Skeleton/workspace/design_1_wrapper/hw/design_1_wrapper.xsa
TRACE::2025-03-11.13:43:43::SCWPlatform:: Unique name xilinx:zybo-z7-20::0.0
TRACE::2025-03-11.13:43:43::SCWPlatform::Trying to set the existing hwdb with name design_1_wrapper
TRACE::2025-03-11.13:43:43::SCWPlatform::Opened existing hwdb design_1_wrapper
TRACE::2025-03-11.13:43:43::SCWPlatform::Found the Hw Db part of the input DSA
TRACE::2025-03-11.13:43:43::SCWMssOS::Checking the sw design at  C:/Users/junoh/vivado23/DSD25_Termprj/00_RTL_Skeleton/workspace/design_1_wrapper/zynq_fsbl/zynq_fsbl_bsp/system.mss
TRACE::2025-03-11.13:43:43::SCWMssOS::DEBUG:  swdes dump  C:/Users/junoh/vivado23/DSD25_Termprj/00_RTL_Skeleton/workspace/design_1_wrapper/ps7_cortexa9_0/standalone_ps7_cortexa9_0/bsp/system.mss|system_0||
C:/Users/junoh/vivado23/DSD25_Termprj/00_RTL_Skeleton/workspace/design_1_wrapper/zynq_fsbl/zynq_fsbl_bsp/system.mss|system||

TRACE::2025-03-11.13:43:43::SCWMssOS::Sw design exists and opened at  C:/Users/junoh/vivado23/DSD25_Termprj/00_RTL_Skeleton/workspace/design_1_wrapper/zynq_fsbl/zynq_fsbl_bsp/system.mss
TRACE::2025-03-11.13:43:43::SCWBDomain::Completed writing the mss file at C:/Users/junoh/vivado23/DSD25_Termprj/00_RTL_Skeleton/workspace/design_1_wrapper/zynq_fsbl/zynq_fsbl_bsp
TRACE::2025-03-11.13:43:43::SCWBDomain::bsp generated is upto date with the mss file. Skipping bsp generation.
TRACE::2025-03-11.13:43:43::SCWBDomain::Not a forced makefile updation, No changes are present. 
TRACE::2025-03-11.13:43:43::SCWBDomain::System Command Ran  C:&  cd  C:/Users/junoh/vivado23/DSD25_Termprj/00_RTL_Skeleton/workspace/design_1_wrapper/zynq_fsbl& make -C  zynq_fsbl_bsp & make 
TRACE::2025-03-11.13:43:43::SCWBDomain::make: Entering directory 'C:/Users/junoh/vivado23/DSD25_Termprj/00_RTL_Skeleton/workspace/design_1_wrapper/zynq_fsbl/zynq_fsbl_
TRACE::2025-03-11.13:43:43::SCWBDomain::bsp'

TRACE::2025-03-11.13:43:43::SCWBDomain::make --no-print-directory seq_libs

TRACE::2025-03-11.13:43:43::SCWBDomain::"Running Make include in ps7_cortexa9_0/libsrc/bram_v4_8/src"

TRACE::2025-03-11.13:43:43::SCWBDomain::make -C ps7_cortexa9_0/libsrc/bram_v4_8/src -s include  "SHELL=CMD" "COMPILER=arm-none-eabi-gcc" "ASSEMBLER=arm-none-eabi-as" "
TRACE::2025-03-11.13:43:43::SCWBDomain::ARCHIVER=arm-none-eabi-ar" "COMPILER_FLAGS=  -O2 -c" "EXTRA_COMPILER_FLAGS=-mcpu=cortex-a9 -mfpu=vfpv3 -mfloat-abi=hard -nostar
TRACE::2025-03-11.13:43:43::SCWBDomain::tfiles -g -Wall -Wextra -fno-tree-loop-distribute-patterns"

TRACE::2025-03-11.13:43:43::SCWBDomain::"Running Make include in ps7_cortexa9_0/libsrc/coresightps_dcc_v1_8/src"

TRACE::2025-03-11.13:43:43::SCWBDomain::make -C ps7_cortexa9_0/libsrc/coresightps_dcc_v1_8/src -s include  "SHELL=CMD" "COMPILER=arm-none-eabi-gcc" "ASSEMBLER=arm-none
TRACE::2025-03-11.13:43:43::SCWBDomain::-eabi-as" "ARCHIVER=arm-none-eabi-ar" "COMPILER_FLAGS=  -O2 -c" "EXTRA_COMPILER_FLAGS=-mcpu=cortex-a9 -mfpu=vfpv3 -mfloat-abi=h
TRACE::2025-03-11.13:43:43::SCWBDomain::ard -nostartfiles -g -Wall -Wextra -fno-tree-loop-distribute-patterns"

TRACE::2025-03-11.13:43:43::SCWBDomain::"Running Make include in ps7_cortexa9_0/libsrc/cpu_cortexa9_v2_11/src"

TRACE::2025-03-11.13:43:43::SCWBDomain::make -C ps7_cortexa9_0/libsrc/cpu_cortexa9_v2_11/src -s include  "SHELL=CMD" "COMPILER=arm-none-eabi-gcc" "ASSEMBLER=arm-none-e
TRACE::2025-03-11.13:43:43::SCWBDomain::abi-as" "ARCHIVER=arm-none-eabi-ar" "COMPILER_FLAGS=  -O2 -c" "EXTRA_COMPILER_FLAGS=-mcpu=cortex-a9 -mfpu=vfpv3 -mfloat-abi=har
TRACE::2025-03-11.13:43:43::SCWBDomain::d -nostartfiles -g -Wall -Wextra -fno-tree-loop-distribute-patterns"

TRACE::2025-03-11.13:43:43::SCWBDomain::"Running Make include in ps7_cortexa9_0/libsrc/ddrps_v1_2/src"

TRACE::2025-03-11.13:43:43::SCWBDomain::make -C ps7_cortexa9_0/libsrc/ddrps_v1_2/src -s include  "SHELL=CMD" "COMPILER=arm-none-eabi-gcc" "ASSEMBLER=arm-none-eabi-as" 
TRACE::2025-03-11.13:43:43::SCWBDomain::"ARCHIVER=arm-none-eabi-ar" "COMPILER_FLAGS=  -O2 -c" "EXTRA_COMPILER_FLAGS=-mcpu=cortex-a9 -mfpu=vfpv3 -mfloat-abi=hard -nosta
TRACE::2025-03-11.13:43:43::SCWBDomain::rtfiles -g -Wall -Wextra -fno-tree-loop-distribute-patterns"

TRACE::2025-03-11.13:43:43::SCWBDomain::"Running Make include in ps7_cortexa9_0/libsrc/devcfg_v3_7/src"

TRACE::2025-03-11.13:43:43::SCWBDomain::make -C ps7_cortexa9_0/libsrc/devcfg_v3_7/src -s include  "SHELL=CMD" "COMPILER=arm-none-eabi-gcc" "ASSEMBLER=arm-none-eabi-as"
TRACE::2025-03-11.13:43:43::SCWBDomain:: "ARCHIVER=arm-none-eabi-ar" "COMPILER_FLAGS=  -O2 -c" "EXTRA_COMPILER_FLAGS=-mcpu=cortex-a9 -mfpu=vfpv3 -mfloat-abi=hard -nost
TRACE::2025-03-11.13:43:43::SCWBDomain::artfiles -g -Wall -Wextra -fno-tree-loop-distribute-patterns"

TRACE::2025-03-11.13:43:43::SCWBDomain::"Running Make include in ps7_cortexa9_0/libsrc/dmaps_v2_8/src"

TRACE::2025-03-11.13:43:43::SCWBDomain::make -C ps7_cortexa9_0/libsrc/dmaps_v2_8/src -s include  "SHELL=CMD" "COMPILER=arm-none-eabi-gcc" "ASSEMBLER=arm-none-eabi-as" 
TRACE::2025-03-11.13:43:43::SCWBDomain::"ARCHIVER=arm-none-eabi-ar" "COMPILER_FLAGS=  -O2 -c" "EXTRA_COMPILER_FLAGS=-mcpu=cortex-a9 -mfpu=vfpv3 -mfloat-abi=hard -nosta
TRACE::2025-03-11.13:43:43::SCWBDomain::rtfiles -g -Wall -Wextra -fno-tree-loop-distribute-patterns"

TRACE::2025-03-11.13:43:43::SCWBDomain::"Running Make include in ps7_cortexa9_0/libsrc/gpiops_v3_11/src"

TRACE::2025-03-11.13:43:43::SCWBDomain::make -C ps7_cortexa9_0/libsrc/gpiops_v3_11/src -s include  "SHELL=CMD" "COMPILER=arm-none-eabi-gcc" "ASSEMBLER=arm-none-eabi-as
TRACE::2025-03-11.13:43:43::SCWBDomain::" "ARCHIVER=arm-none-eabi-ar" "COMPILER_FLAGS=  -O2 -c" "EXTRA_COMPILER_FLAGS=-mcpu=cortex-a9 -mfpu=vfpv3 -mfloat-abi=hard -nos
TRACE::2025-03-11.13:43:43::SCWBDomain::tartfiles -g -Wall -Wextra -fno-tree-loop-distribute-patterns"

TRACE::2025-03-11.13:43:43::SCWBDomain::"Running Make include in ps7_cortexa9_0/libsrc/scugic_v5_1/src"

TRACE::2025-03-11.13:43:43::SCWBDomain::make -C ps7_cortexa9_0/libsrc/scugic_v5_1/src -s include  "SHELL=CMD" "COMPILER=arm-none-eabi-gcc" "ASSEMBLER=arm-none-eabi-as"
TRACE::2025-03-11.13:43:43::SCWBDomain:: "ARCHIVER=arm-none-eabi-ar" "COMPILER_FLAGS=  -O2 -c" "EXTRA_COMPILER_FLAGS=-mcpu=cortex-a9 -mfpu=vfpv3 -mfloat-abi=hard -nost
TRACE::2025-03-11.13:43:43::SCWBDomain::artfiles -g -Wall -Wextra -fno-tree-loop-distribute-patterns"

TRACE::2025-03-11.13:43:44::SCWBDomain::"Running Make include in ps7_cortexa9_0/libsrc/scutimer_v2_4/src"

TRACE::2025-03-11.13:43:44::SCWBDomain::make -C ps7_cortexa9_0/libsrc/scutimer_v2_4/src -s include  "SHELL=CMD" "COMPILER=arm-none-eabi-gcc" "ASSEMBLER=arm-none-eabi-a
TRACE::2025-03-11.13:43:44::SCWBDomain::s" "ARCHIVER=arm-none-eabi-ar" "COMPILER_FLAGS=  -O2 -c" "EXTRA_COMPILER_FLAGS=-mcpu=cortex-a9 -mfpu=vfpv3 -mfloat-abi=hard -no
TRACE::2025-03-11.13:43:44::SCWBDomain::startfiles -g -Wall -Wextra -fno-tree-loop-distribute-patterns"

TRACE::2025-03-11.13:43:44::SCWBDomain::"Running Make include in ps7_cortexa9_0/libsrc/scuwdt_v2_4/src"

TRACE::2025-03-11.13:43:44::SCWBDomain::make -C ps7_cortexa9_0/libsrc/scuwdt_v2_4/src -s include  "SHELL=CMD" "COMPILER=arm-none-eabi-gcc" "ASSEMBLER=arm-none-eabi-as"
TRACE::2025-03-11.13:43:44::SCWBDomain:: "ARCHIVER=arm-none-eabi-ar" "COMPILER_FLAGS=  -O2 -c" "EXTRA_COMPILER_FLAGS=-mcpu=cortex-a9 -mfpu=vfpv3 -mfloat-abi=hard -nost
TRACE::2025-03-11.13:43:44::SCWBDomain::artfiles -g -Wall -Wextra -fno-tree-loop-distribute-patterns"

TRACE::2025-03-11.13:43:44::SCWBDomain::"Running Make include in ps7_cortexa9_0/libsrc/standalone_v8_1/src"

TRACE::2025-03-11.13:43:44::SCWBDomain::make -C ps7_cortexa9_0/libsrc/standalone_v8_1/src -s include  "SHELL=CMD" "COMPILER=arm-none-eabi-gcc" "ASSEMBLER=arm-none-eabi
TRACE::2025-03-11.13:43:44::SCWBDomain::-as" "ARCHIVER=arm-none-eabi-ar" "COMPILER_FLAGS=  -O2 -c" "EXTRA_COMPILER_FLAGS=-mcpu=cortex-a9 -mfpu=vfpv3 -mfloat-abi=hard -
TRACE::2025-03-11.13:43:44::SCWBDomain::nostartfiles -g -Wall -Wextra -fno-tree-loop-distribute-patterns"

TRACE::2025-03-11.13:43:44::SCWBDomain::"Running Make include in ps7_cortexa9_0/libsrc/uartps_v3_12/src"

TRACE::2025-03-11.13:43:44::SCWBDomain::make -C ps7_cortexa9_0/libsrc/uartps_v3_12/src -s include  "SHELL=CMD" "COMPILER=arm-none-eabi-gcc" "ASSEMBLER=arm-none-eabi-as
TRACE::2025-03-11.13:43:44::SCWBDomain::" "ARCHIVER=arm-none-eabi-ar" "COMPILER_FLAGS=  -O2 -c" "EXTRA_COMPILER_FLAGS=-mcpu=cortex-a9 -mfpu=vfpv3 -mfloat-abi=hard -nos
TRACE::2025-03-11.13:43:44::SCWBDomain::tartfiles -g -Wall -Wextra -fno-tree-loop-distribute-patterns"

TRACE::2025-03-11.13:43:44::SCWBDomain::"Running Make include in ps7_cortexa9_0/libsrc/xadcps_v2_6/src"

TRACE::2025-03-11.13:43:44::SCWBDomain::make -C ps7_cortexa9_0/libsrc/xadcps_v2_6/src -s include  "SHELL=CMD" "COMPILER=arm-none-eabi-gcc" "ASSEMBLER=arm-none-eabi-as"
TRACE::2025-03-11.13:43:44::SCWBDomain:: "ARCHIVER=arm-none-eabi-ar" "COMPILER_FLAGS=  -O2 -c" "EXTRA_COMPILER_FLAGS=-mcpu=cortex-a9 -mfpu=vfpv3 -mfloat-abi=hard -nost
TRACE::2025-03-11.13:43:44::SCWBDomain::artfiles -g -Wall -Wextra -fno-tree-loop-distribute-patterns"

TRACE::2025-03-11.13:43:44::SCWBDomain::"Running Make include in ps7_cortexa9_0/libsrc/xilffs_v5_0/src"

TRACE::2025-03-11.13:43:44::SCWBDomain::make -C ps7_cortexa9_0/libsrc/xilffs_v5_0/src -s include  "SHELL=CMD" "COMPILER=arm-none-eabi-gcc" "ASSEMBLER=arm-none-eabi-as"
TRACE::2025-03-11.13:43:44::SCWBDomain:: "ARCHIVER=arm-none-eabi-ar" "COMPILER_FLAGS=  -O2 -c" "EXTRA_COMPILER_FLAGS=-mcpu=cortex-a9 -mfpu=vfpv3 -mfloat-abi=hard -nost
TRACE::2025-03-11.13:43:44::SCWBDomain::artfiles -g -Wall -Wextra -fno-tree-loop-distribute-patterns"

TRACE::2025-03-11.13:43:44::SCWBDomain::"Running Make include in ps7_cortexa9_0/libsrc/xilrsa_v1_6/src"

TRACE::2025-03-11.13:43:44::SCWBDomain::make -C ps7_cortexa9_0/libsrc/xilrsa_v1_6/src -s include  "SHELL=CMD" "COMPILER=arm-none-eabi-gcc" "ASSEMBLER=arm-none-eabi-as"
TRACE::2025-03-11.13:43:44::SCWBDomain:: "ARCHIVER=arm-none-eabi-ar" "COMPILER_FLAGS=  -O2 -c" "EXTRA_COMPILER_FLAGS=-mcpu=cortex-a9 -mfpu=vfpv3 -mfloat-abi=hard -nost
TRACE::2025-03-11.13:43:44::SCWBDomain::artfiles -g -Wall -Wextra -fno-tree-loop-distribute-patterns"

TRACE::2025-03-11.13:43:44::SCWBDomain::"Running Make libs in ps7_cortexa9_0/libsrc/xilrsa_v1_6/src"

TRACE::2025-03-11.13:43:44::SCWBDomain::make -C ps7_cortexa9_0/libsrc/xilrsa_v1_6/src -s libs  "SHELL=CMD" "COMPILER=arm-none-eabi-gcc" "ASSEMBLER=arm-none-eabi-as" "A
TRACE::2025-03-11.13:43:44::SCWBDomain::RCHIVER=arm-none-eabi-ar" "COMPILER_FLAGS=  -O2 -c" "EXTRA_COMPILER_FLAGS=-mcpu=cortex-a9 -mfpu=vfpv3 -mfloat-abi=hard -nostart
TRACE::2025-03-11.13:43:44::SCWBDomain::files -g -Wall -Wextra -fno-tree-loop-distribute-patterns"

TRACE::2025-03-11.13:43:44::SCWBDomain::'Finished building libraries sequentially.'

TRACE::2025-03-11.13:43:44::SCWBDomain::make -j 10 --no-print-directory par_libs

TRACE::2025-03-11.13:43:44::SCWBDomain::"Running Make include in ps7_cortexa9_0/libsrc/bram_v4_8/src"

TRACE::2025-03-11.13:43:44::SCWBDomain::make -C ps7_cortexa9_0/libsrc/bram_v4_8/src -s include  "SHELL=CMD" "COMPILER=arm-none-eabi-gcc" "ASSEMBLER=arm-none-eabi-as" "
TRACE::2025-03-11.13:43:44::SCWBDomain::ARCHIVER=arm-none-eabi-ar" "COMPILER_FLAGS=  -O2 -c" "EXTRA_COMPILER_FLAGS=-mcpu=cortex-a9 -mfpu=vfpv3 -mfloat-abi=hard -nostar
TRACE::2025-03-11.13:43:44::SCWBDomain::tfiles -g -Wall -Wextra -fno-tree-loop-distribute-patterns"

TRACE::2025-03-11.13:43:44::SCWBDomain::"Running Make include in ps7_cortexa9_0/libsrc/coresightps_dcc_v1_8/src"

TRACE::2025-03-11.13:43:44::SCWBDomain::make -C ps7_cortexa9_0/libsrc/coresightps_dcc_v1_8/src -s include  "SHELL=CMD" "COMPILER=arm-none-eabi-gcc" "ASSEMBLER=arm-none
TRACE::2025-03-11.13:43:44::SCWBDomain::-eabi-as" "ARCHIVER=arm-none-eabi-ar" "COMPILER_FLAGS=  -O2 -c" "EXTRA_COMPILER_FLAGS=-mcpu=cortex-a9 -mfpu=vfpv3 -mfloat-abi=h
TRACE::2025-03-11.13:43:44::SCWBDomain::ard -nostartfiles -g -Wall -Wextra -fno-tree-loop-distribute-patterns"

TRACE::2025-03-11.13:43:44::SCWBDomain::"Running Make include in ps7_cortexa9_0/libsrc/cpu_cortexa9_v2_11/src"

TRACE::2025-03-11.13:43:44::SCWBDomain::make -C ps7_cortexa9_0/libsrc/cpu_cortexa9_v2_11/src -s include  "SHELL=CMD" "COMPILER=arm-none-eabi-gcc" "ASSEMBLER=arm-none-e
TRACE::2025-03-11.13:43:44::SCWBDomain::abi-as" "ARCHIVER=arm-none-eabi-ar" "COMPILER_FLAGS=  -O2 -c" "EXTRA_COMPILER_FLAGS=-mcpu=cortex-a9 -mfpu=vfpv3 -mfloat-abi=har
TRACE::2025-03-11.13:43:44::SCWBDomain::d -nostartfiles -g -Wall -Wextra -fno-tree-loop-distribute-patterns"

TRACE::2025-03-11.13:43:44::SCWBDomain::"Running Make include in ps7_cortexa9_0/libsrc/ddrps_v1_2/src"

TRACE::2025-03-11.13:43:44::SCWBDomain::make -C ps7_cortexa9_0/libsrc/ddrps_v1_2/src -s include  "SHELL=CMD" "COMPILER=arm-none-eabi-gcc" "ASSEMBLER=arm-none-eabi-as" 
TRACE::2025-03-11.13:43:44::SCWBDomain::"ARCHIVER=arm-none-eabi-ar" "COMPILER_FLAGS=  -O2 -c" "EXTRA_COMPILER_FLAGS=-mcpu=cortex-a9 -mfpu=vfpv3 -mfloat-abi=hard -nosta
TRACE::2025-03-11.13:43:44::SCWBDomain::rtfiles -g -Wall -Wextra -fno-tree-loop-distribute-patterns"

TRACE::2025-03-11.13:43:44::SCWBDomain::"Running Make include in ps7_cortexa9_0/libsrc/devcfg_v3_7/src"

TRACE::2025-03-11.13:43:44::SCWBDomain::make -C ps7_cortexa9_0/libsrc/devcfg_v3_7/src -s include  "SHELL=CMD" "COMPILER=arm-none-eabi-gcc" "ASSEMBLER=arm-none-eabi-as"
TRACE::2025-03-11.13:43:44::SCWBDomain:: "ARCHIVER=arm-none-eabi-ar" "COMPILER_FLAGS=  -O2 -c" "EXTRA_COMPILER_FLAGS=-mcpu=cortex-a9 -mfpu=vfpv3 -mfloat-abi=hard -nost
TRACE::2025-03-11.13:43:44::SCWBDomain::artfiles -g -Wall -Wextra -fno-tree-loop-distribute-patterns"

TRACE::2025-03-11.13:43:44::SCWBDomain::"Running Make include in ps7_cortexa9_0/libsrc/dmaps_v2_8/src"

TRACE::2025-03-11.13:43:44::SCWBDomain::make -C ps7_cortexa9_0/libsrc/dmaps_v2_8/src -s include  "SHELL=CMD" "COMPILER=arm-none-eabi-gcc" "ASSEMBLER=arm-none-eabi-as" 
TRACE::2025-03-11.13:43:44::SCWBDomain::"ARCHIVER=arm-none-eabi-ar" "COMPILER_FLAGS=  -O2 -c" "EXTRA_COMPILER_FLAGS=-mcpu=cortex-a9 -mfpu=vfpv3 -mfloat-abi=hard -nosta
TRACE::2025-03-11.13:43:44::SCWBDomain::rtfiles -g -Wall -Wextra -fno-tree-loop-distribute-patterns"

TRACE::2025-03-11.13:43:45::SCWBDomain::"Running Make include in ps7_cortexa9_0/libsrc/gpiops_v3_11/src"

TRACE::2025-03-11.13:43:45::SCWBDomain::make -C ps7_cortexa9_0/libsrc/gpiops_v3_11/src -s include  "SHELL=CMD" "COMPILER=arm-none-eabi-gcc" "ASSEMBLER=arm-none-eabi-as
TRACE::2025-03-11.13:43:45::SCWBDomain::" "ARCHIVER=arm-none-eabi-ar" "COMPILER_FLAGS=  -O2 -c" "EXTRA_COMPILER_FLAGS=-mcpu=cortex-a9 -mfpu=vfpv3 -mfloat-abi=hard -nos
TRACE::2025-03-11.13:43:45::SCWBDomain::tartfiles -g -Wall -Wextra -fno-tree-loop-distribute-patterns"

TRACE::2025-03-11.13:43:45::SCWBDomain::"Running Make include in ps7_cortexa9_0/libsrc/scugic_v5_1/src"

TRACE::2025-03-11.13:43:45::SCWBDomain::make -C ps7_cortexa9_0/libsrc/scugic_v5_1/src -s include  "SHELL=CMD" "COMPILER=arm-none-eabi-gcc" "ASSEMBLER=arm-none-eabi-as"
TRACE::2025-03-11.13:43:45::SCWBDomain:: "ARCHIVER=arm-none-eabi-ar" "COMPILER_FLAGS=  -O2 -c" "EXTRA_COMPILER_FLAGS=-mcpu=cortex-a9 -mfpu=vfpv3 -mfloat-abi=hard -nost
TRACE::2025-03-11.13:43:45::SCWBDomain::artfiles -g -Wall -Wextra -fno-tree-loop-distribute-patterns"

TRACE::2025-03-11.13:43:45::SCWBDomain::"Running Make include in ps7_cortexa9_0/libsrc/scutimer_v2_4/src"

TRACE::2025-03-11.13:43:45::SCWBDomain::make -C ps7_cortexa9_0/libsrc/scutimer_v2_4/src -s include  "SHELL=CMD" "COMPILER=arm-none-eabi-gcc" "ASSEMBLER=arm-none-eabi-a
TRACE::2025-03-11.13:43:45::SCWBDomain::s" "ARCHIVER=arm-none-eabi-ar" "COMPILER_FLAGS=  -O2 -c" "EXTRA_COMPILER_FLAGS=-mcpu=cortex-a9 -mfpu=vfpv3 -mfloat-abi=hard -no
TRACE::2025-03-11.13:43:45::SCWBDomain::startfiles -g -Wall -Wextra -fno-tree-loop-distribute-patterns"

TRACE::2025-03-11.13:43:45::SCWBDomain::"Running Make include in ps7_cortexa9_0/libsrc/scuwdt_v2_4/src"

TRACE::2025-03-11.13:43:45::SCWBDomain::make -C ps7_cortexa9_0/libsrc/scuwdt_v2_4/src -s include  "SHELL=CMD" "COMPILER=arm-none-eabi-gcc" "ASSEMBLER=arm-none-eabi-as"
TRACE::2025-03-11.13:43:45::SCWBDomain:: "ARCHIVER=arm-none-eabi-ar" "COMPILER_FLAGS=  -O2 -c" "EXTRA_COMPILER_FLAGS=-mcpu=cortex-a9 -mfpu=vfpv3 -mfloat-abi=hard -nost
TRACE::2025-03-11.13:43:45::SCWBDomain::artfiles -g -Wall -Wextra -fno-tree-loop-distribute-patterns"

TRACE::2025-03-11.13:43:45::SCWBDomain::"Running Make include in ps7_cortexa9_0/libsrc/standalone_v8_1/src"

TRACE::2025-03-11.13:43:45::SCWBDomain::make -C ps7_cortexa9_0/libsrc/standalone_v8_1/src -s include  "SHELL=CMD" "COMPILER=arm-none-eabi-gcc" "ASSEMBLER=arm-none-eabi
TRACE::2025-03-11.13:43:45::SCWBDomain::-as" "ARCHIVER=arm-none-eabi-ar" "COMPILER_FLAGS=  -O2 -c" "EXTRA_COMPILER_FLAGS=-mcpu=cortex-a9 -mfpu=vfpv3 -mfloat-abi=hard -
TRACE::2025-03-11.13:43:45::SCWBDomain::nostartfiles -g -Wall -Wextra -fno-tree-loop-distribute-patterns"

TRACE::2025-03-11.13:43:45::SCWBDomain::"Running Make include in ps7_cortexa9_0/libsrc/uartps_v3_12/src"

TRACE::2025-03-11.13:43:45::SCWBDomain::make -C ps7_cortexa9_0/libsrc/uartps_v3_12/src -s include  "SHELL=CMD" "COMPILER=arm-none-eabi-gcc" "ASSEMBLER=arm-none-eabi-as
TRACE::2025-03-11.13:43:45::SCWBDomain::" "ARCHIVER=arm-none-eabi-ar" "COMPILER_FLAGS=  -O2 -c" "EXTRA_COMPILER_FLAGS=-mcpu=cortex-a9 -mfpu=vfpv3 -mfloat-abi=hard -nos
TRACE::2025-03-11.13:43:45::SCWBDomain::tartfiles -g -Wall -Wextra -fno-tree-loop-distribute-patterns"

TRACE::2025-03-11.13:43:45::SCWBDomain::"Running Make include in ps7_cortexa9_0/libsrc/xadcps_v2_6/src"

TRACE::2025-03-11.13:43:45::SCWBDomain::make -C ps7_cortexa9_0/libsrc/xadcps_v2_6/src -s include  "SHELL=CMD" "COMPILER=arm-none-eabi-gcc" "ASSEMBLER=arm-none-eabi-as"
TRACE::2025-03-11.13:43:45::SCWBDomain:: "ARCHIVER=arm-none-eabi-ar" "COMPILER_FLAGS=  -O2 -c" "EXTRA_COMPILER_FLAGS=-mcpu=cortex-a9 -mfpu=vfpv3 -mfloat-abi=hard -nost
TRACE::2025-03-11.13:43:45::SCWBDomain::artfiles -g -Wall -Wextra -fno-tree-loop-distribute-patterns"

TRACE::2025-03-11.13:43:45::SCWBDomain::"Running Make include in ps7_cortexa9_0/libsrc/xilffs_v5_0/src"

TRACE::2025-03-11.13:43:45::SCWBDomain::make -C ps7_cortexa9_0/libsrc/xilffs_v5_0/src -s include  "SHELL=CMD" "COMPILER=arm-none-eabi-gcc" "ASSEMBLER=arm-none-eabi-as"
TRACE::2025-03-11.13:43:45::SCWBDomain:: "ARCHIVER=arm-none-eabi-ar" "COMPILER_FLAGS=  -O2 -c" "EXTRA_COMPILER_FLAGS=-mcpu=cortex-a9 -mfpu=vfpv3 -mfloat-abi=hard -nost
TRACE::2025-03-11.13:43:45::SCWBDomain::artfiles -g -Wall -Wextra -fno-tree-loop-distribute-patterns"

TRACE::2025-03-11.13:43:45::SCWBDomain::"Running Make include in ps7_cortexa9_0/libsrc/xilrsa_v1_6/src"

TRACE::2025-03-11.13:43:45::SCWBDomain::make -C ps7_cortexa9_0/libsrc/xilrsa_v1_6/src -s include  "SHELL=CMD" "COMPILER=arm-none-eabi-gcc" "ASSEMBLER=arm-none-eabi-as"
TRACE::2025-03-11.13:43:45::SCWBDomain:: "ARCHIVER=arm-none-eabi-ar" "COMPILER_FLAGS=  -O2 -c" "EXTRA_COMPILER_FLAGS=-mcpu=cortex-a9 -mfpu=vfpv3 -mfloat-abi=hard -nost
TRACE::2025-03-11.13:43:45::SCWBDomain::artfiles -g -Wall -Wextra -fno-tree-loop-distribute-patterns"

TRACE::2025-03-11.13:43:45::SCWBDomain::"Running Make libs in ps7_cortexa9_0/libsrc/bram_v4_8/src"

TRACE::2025-03-11.13:43:45::SCWBDomain::make -C ps7_cortexa9_0/libsrc/bram_v4_8/src -s libs  "SHELL=CMD" "COMPILER=arm-none-eabi-gcc" "ASSEMBLER=arm-none-eabi-as" "ARC
TRACE::2025-03-11.13:43:45::SCWBDomain::HIVER=arm-none-eabi-ar" "COMPILER_FLAGS=  -O2 -c" "EXTRA_COMPILER_FLAGS=-mcpu=cortex-a9 -mfpu=vfpv3 -mfloat-abi=hard -nostartfi
TRACE::2025-03-11.13:43:45::SCWBDomain::les -g -Wall -Wextra -fno-tree-loop-distribute-patterns"

TRACE::2025-03-11.13:43:45::SCWBDomain::"Running Make libs in ps7_cortexa9_0/libsrc/coresightps_dcc_v1_8/src"

TRACE::2025-03-11.13:43:45::SCWBDomain::make -C ps7_cortexa9_0/libsrc/coresightps_dcc_v1_8/src -s libs  "SHELL=CMD" "COMPILER=arm-none-eabi-gcc" "ASSEMBLER=arm-none-ea
TRACE::2025-03-11.13:43:45::SCWBDomain::bi-as" "ARCHIVER=arm-none-eabi-ar" "COMPILER_FLAGS=  -O2 -c" "EXTRA_COMPILER_FLAGS=-mcpu=cortex-a9 -mfpu=vfpv3 -mfloat-abi=hard
TRACE::2025-03-11.13:43:45::SCWBDomain:: -nostartfiles -g -Wall -Wextra -fno-tree-loop-distribute-patterns"

TRACE::2025-03-11.13:43:45::SCWBDomain::"Running Make libs in ps7_cortexa9_0/libsrc/cpu_cortexa9_v2_11/src"

TRACE::2025-03-11.13:43:45::SCWBDomain::make -C ps7_cortexa9_0/libsrc/cpu_cortexa9_v2_11/src -s libs  "SHELL=CMD" "COMPILER=arm-none-eabi-gcc" "ASSEMBLER=arm-none-eabi
TRACE::2025-03-11.13:43:45::SCWBDomain::-as" "ARCHIVER=arm-none-eabi-ar" "COMPILER_FLAGS=  -O2 -c" "EXTRA_COMPILER_FLAGS=-mcpu=cortex-a9 -mfpu=vfpv3 -mfloat-abi=hard -
TRACE::2025-03-11.13:43:45::SCWBDomain::nostartfiles -g -Wall -Wextra -fno-tree-loop-distribute-patterns"

TRACE::2025-03-11.13:43:45::SCWBDomain::"Running Make libs in ps7_cortexa9_0/libsrc/ddrps_v1_2/src"

TRACE::2025-03-11.13:43:45::SCWBDomain::make -C ps7_cortexa9_0/libsrc/ddrps_v1_2/src -s libs  "SHELL=CMD" "COMPILER=arm-none-eabi-gcc" "ASSEMBLER=arm-none-eabi-as" "AR
TRACE::2025-03-11.13:43:45::SCWBDomain::CHIVER=arm-none-eabi-ar" "COMPILER_FLAGS=  -O2 -c" "EXTRA_COMPILER_FLAGS=-mcpu=cortex-a9 -mfpu=vfpv3 -mfloat-abi=hard -nostartf
TRACE::2025-03-11.13:43:45::SCWBDomain::iles -g -Wall -Wextra -fno-tree-loop-distribute-patterns"

TRACE::2025-03-11.13:43:45::SCWBDomain::"Running Make libs in ps7_cortexa9_0/libsrc/devcfg_v3_7/src"

TRACE::2025-03-11.13:43:45::SCWBDomain::make -C ps7_cortexa9_0/libsrc/devcfg_v3_7/src -s libs  "SHELL=CMD" "COMPILER=arm-none-eabi-gcc" "ASSEMBLER=arm-none-eabi-as" "A
TRACE::2025-03-11.13:43:45::SCWBDomain::RCHIVER=arm-none-eabi-ar" "COMPILER_FLAGS=  -O2 -c" "EXTRA_COMPILER_FLAGS=-mcpu=cortex-a9 -mfpu=vfpv3 -mfloat-abi=hard -nostart
TRACE::2025-03-11.13:43:45::SCWBDomain::files -g -Wall -Wextra -fno-tree-loop-distribute-patterns"

TRACE::2025-03-11.13:43:45::SCWBDomain::"Running Make libs in ps7_cortexa9_0/libsrc/dmaps_v2_8/src"

TRACE::2025-03-11.13:43:45::SCWBDomain::make -C ps7_cortexa9_0/libsrc/dmaps_v2_8/src -s libs  "SHELL=CMD" "COMPILER=arm-none-eabi-gcc" "ASSEMBLER=arm-none-eabi-as" "AR
TRACE::2025-03-11.13:43:45::SCWBDomain::CHIVER=arm-none-eabi-ar" "COMPILER_FLAGS=  -O2 -c" "EXTRA_COMPILER_FLAGS=-mcpu=cortex-a9 -mfpu=vfpv3 -mfloat-abi=hard -nostartf
TRACE::2025-03-11.13:43:45::SCWBDomain::iles -g -Wall -Wextra -fno-tree-loop-distribute-patterns"

TRACE::2025-03-11.13:43:45::SCWBDomain::"Running Make libs in ps7_cortexa9_0/libsrc/gpiops_v3_11/src"

TRACE::2025-03-11.13:43:45::SCWBDomain::make -C ps7_cortexa9_0/libsrc/gpiops_v3_11/src -s libs  "SHELL=CMD" "COMPILER=arm-none-eabi-gcc" "ASSEMBLER=arm-none-eabi-as" "
TRACE::2025-03-11.13:43:45::SCWBDomain::ARCHIVER=arm-none-eabi-ar" "COMPILER_FLAGS=  -O2 -c" "EXTRA_COMPILER_FLAGS=-mcpu=cortex-a9 -mfpu=vfpv3 -mfloat-abi=hard -nostar
TRACE::2025-03-11.13:43:45::SCWBDomain::tfiles -g -Wall -Wextra -fno-tree-loop-distribute-patterns"

TRACE::2025-03-11.13:43:45::SCWBDomain::"Running Make libs in ps7_cortexa9_0/libsrc/scugic_v5_1/src"

TRACE::2025-03-11.13:43:45::SCWBDomain::make -C ps7_cortexa9_0/libsrc/scugic_v5_1/src -s libs  "SHELL=CMD" "COMPILER=arm-none-eabi-gcc" "ASSEMBLER=arm-none-eabi-as" "A
TRACE::2025-03-11.13:43:45::SCWBDomain::RCHIVER=arm-none-eabi-ar" "COMPILER_FLAGS=  -O2 -c" "EXTRA_COMPILER_FLAGS=-mcpu=cortex-a9 -mfpu=vfpv3 -mfloat-abi=hard -nostart
TRACE::2025-03-11.13:43:45::SCWBDomain::files -g -Wall -Wextra -fno-tree-loop-distribute-patterns"

TRACE::2025-03-11.13:43:45::SCWBDomain::"Running Make libs in ps7_cortexa9_0/libsrc/scutimer_v2_4/src"

TRACE::2025-03-11.13:43:45::SCWBDomain::make -C ps7_cortexa9_0/libsrc/scutimer_v2_4/src -s libs  "SHELL=CMD" "COMPILER=arm-none-eabi-gcc" "ASSEMBLER=arm-none-eabi-as" 
TRACE::2025-03-11.13:43:45::SCWBDomain::"ARCHIVER=arm-none-eabi-ar" "COMPILER_FLAGS=  -O2 -c" "EXTRA_COMPILER_FLAGS=-mcpu=cortex-a9 -mfpu=vfpv3 -mfloat-abi=hard -nosta
TRACE::2025-03-11.13:43:45::SCWBDomain::rtfiles -g -Wall -Wextra -fno-tree-loop-distribute-patterns"

TRACE::2025-03-11.13:43:46::SCWBDomain::"Running Make libs in ps7_cortexa9_0/libsrc/scuwdt_v2_4/src"

TRACE::2025-03-11.13:43:46::SCWBDomain::make -C ps7_cortexa9_0/libsrc/scuwdt_v2_4/src -s libs  "SHELL=CMD" "COMPILER=arm-none-eabi-gcc" "ASSEMBLER=arm-none-eabi-as" "A
TRACE::2025-03-11.13:43:46::SCWBDomain::RCHIVER=arm-none-eabi-ar" "COMPILER_FLAGS=  -O2 -c" "EXTRA_COMPILER_FLAGS=-mcpu=cortex-a9 -mfpu=vfpv3 -mfloat-abi=hard -nostart
TRACE::2025-03-11.13:43:46::SCWBDomain::files -g -Wall -Wextra -fno-tree-loop-distribute-patterns"

TRACE::2025-03-11.13:43:46::SCWBDomain::"Running Make libs in ps7_cortexa9_0/libsrc/standalone_v8_1/src"

TRACE::2025-03-11.13:43:46::SCWBDomain::make -C ps7_cortexa9_0/libsrc/standalone_v8_1/src -s libs  "SHELL=CMD" "COMPILER=arm-none-eabi-gcc" "ASSEMBLER=arm-none-eabi-as
TRACE::2025-03-11.13:43:46::SCWBDomain::" "ARCHIVER=arm-none-eabi-ar" "COMPILER_FLAGS=  -O2 -c" "EXTRA_COMPILER_FLAGS=-mcpu=cortex-a9 -mfpu=vfpv3 -mfloat-abi=hard -nos
TRACE::2025-03-11.13:43:46::SCWBDomain::tartfiles -g -Wall -Wextra -fno-tree-loop-distribute-patterns"

TRACE::2025-03-11.13:43:46::SCWBDomain::"Running Make libs in ps7_cortexa9_0/libsrc/uartps_v3_12/src"

TRACE::2025-03-11.13:43:46::SCWBDomain::make -C ps7_cortexa9_0/libsrc/uartps_v3_12/src -s libs  "SHELL=CMD" "COMPILER=arm-none-eabi-gcc" "ASSEMBLER=arm-none-eabi-as" "
TRACE::2025-03-11.13:43:46::SCWBDomain::ARCHIVER=arm-none-eabi-ar" "COMPILER_FLAGS=  -O2 -c" "EXTRA_COMPILER_FLAGS=-mcpu=cortex-a9 -mfpu=vfpv3 -mfloat-abi=hard -nostar
TRACE::2025-03-11.13:43:46::SCWBDomain::tfiles -g -Wall -Wextra -fno-tree-loop-distribute-patterns"

TRACE::2025-03-11.13:43:46::SCWBDomain::"Running Make libs in ps7_cortexa9_0/libsrc/xadcps_v2_6/src"

TRACE::2025-03-11.13:43:46::SCWBDomain::make -C ps7_cortexa9_0/libsrc/xadcps_v2_6/src -s libs  "SHELL=CMD" "COMPILER=arm-none-eabi-gcc" "ASSEMBLER=arm-none-eabi-as" "A
TRACE::2025-03-11.13:43:46::SCWBDomain::RCHIVER=arm-none-eabi-ar" "COMPILER_FLAGS=  -O2 -c" "EXTRA_COMPILER_FLAGS=-mcpu=cortex-a9 -mfpu=vfpv3 -mfloat-abi=hard -nostart
TRACE::2025-03-11.13:43:46::SCWBDomain::files -g -Wall -Wextra -fno-tree-loop-distribute-patterns"

TRACE::2025-03-11.13:43:46::SCWBDomain::"Running Make libs in ps7_cortexa9_0/libsrc/xilffs_v5_0/src"

TRACE::2025-03-11.13:43:46::SCWBDomain::make -C ps7_cortexa9_0/libsrc/xilffs_v5_0/src -s libs  "SHELL=CMD" "COMPILER=arm-none-eabi-gcc" "ASSEMBLER=arm-none-eabi-as" "A
TRACE::2025-03-11.13:43:46::SCWBDomain::RCHIVER=arm-none-eabi-ar" "COMPILER_FLAGS=  -O2 -c" "EXTRA_COMPILER_FLAGS=-mcpu=cortex-a9 -mfpu=vfpv3 -mfloat-abi=hard -nostart
TRACE::2025-03-11.13:43:46::SCWBDomain::files -g -Wall -Wextra -fno-tree-loop-distribute-patterns"

TRACE::2025-03-11.13:43:48::SCWBDomain::'Finished building libraries parallelly.'

TRACE::2025-03-11.13:43:48::SCWBDomain::make --no-print-directory archive

TRACE::2025-03-11.13:43:48::SCWBDomain::arm-none-eabi-ar -r  ps7_cortexa9_0/lib/libxil.a ps7_cortexa9_0/lib/_exit.o ps7_cortexa9_0/lib/_open.o ps7_cortexa9_0/lib/_sbrk
TRACE::2025-03-11.13:43:48::SCWBDomain::.o ps7_cortexa9_0/lib/abort.o ps7_cortexa9_0/lib/asm_vectors.o ps7_cortexa9_0/lib/boot.o ps7_cortexa9_0/lib/close.o ps7_cortexa
TRACE::2025-03-11.13:43:48::SCWBDomain::9_0/lib/cpputest_time.o ps7_cortexa9_0/lib/cpu_init.o ps7_cortexa9_0/lib/errno.o ps7_cortexa9_0/lib/fcntl.o ps7_cortexa9_0/lib/
TRACE::2025-03-11.13:43:48::SCWBDomain::fstat.o ps7_cortexa9_0/lib/getentropy.o ps7_cortexa9_0/lib/getpid.o ps7_cortexa9_0/lib/inbyte.o ps7_cortexa9_0/lib/isatty.o ps7
TRACE::2025-03-11.13:43:48::SCWBDomain::_cortexa9_0/lib/kill.o ps7_cortexa9_0/lib/lseek.o ps7_cortexa9_0/lib/open.o ps7_cortexa9_0/lib/outbyte.o ps7_cortexa9_0/lib/pri
TRACE::2025-03-11.13:43:48::SCWBDomain::nt.o ps7_cortexa9_0/lib/putnum.o ps7_cortexa9_0/lib/read.o ps7_cortexa9_0/lib/sbrk.o ps7_cortexa9_0/lib/sleep.o ps7_cortexa9_0/
TRACE::2025-03-11.13:43:48::SCWBDomain::lib/time.o ps7_cortexa9_0/lib/translation_table.o ps7_cortexa9_0/lib/unlink.o ps7_cortexa9_0/lib/usleep.o ps7_cortexa9_0/lib/ve
TRACE::2025-03-11.13:43:48::SCWBDomain::ctors.o ps7_cortexa9_0/lib/write.o ps7_cortexa9_0/lib/xadcps.o ps7_cortexa9_0/lib/xadcps_g.o ps7_cortexa9_0/lib/xadcps_intr.o p
TRACE::2025-03-11.13:43:48::SCWBDomain::s7_cortexa9_0/lib/xadcps_selftest.o ps7_cortexa9_0/lib/xadcps_sinit.o ps7_cortexa9_0/lib/xbram.o ps7_cortexa9_0/lib/xbram_g.o p
TRACE::2025-03-11.13:43:48::SCWBDomain::s7_cortexa9_0/lib/xbram_intr.o ps7_cortexa9_0/lib/xbram_selftest.o ps7_cortexa9_0/lib/xbram_sinit.o ps7_cortexa9_0/lib/xcoresig
TRACE::2025-03-11.13:43:48::SCWBDomain::htpsdcc.o ps7_cortexa9_0/lib/xdevcfg.o ps7_cortexa9_0/lib/xdevcfg_g.o ps7_cortexa9_0/lib/xdevcfg_hw.o ps7_cortexa9_0/lib/xdevcf
TRACE::2025-03-11.13:43:48::SCWBDomain::g_intr.o ps7_cortexa9_0/lib/xdevcfg_selftest.o ps7_cortexa9_0/lib/xdevcfg_sinit.o ps7_cortexa9_0/lib/xdmaps.o ps7_cortexa9_0/li
TRACE::2025-03-11.13:43:48::SCWBDomain::b/xdmaps_g.o ps7_cortexa9_0/lib/xdmaps_hw.o ps7_cortexa9_0/lib/xdmaps_selftest.o ps7_cortexa9_0/lib/xdmaps_sinit.o ps7_cortexa9
TRACE::2025-03-11.13:43:48::SCWBDomain::_0/lib/xgpiops.o ps7_cortexa9_0/lib/xgpiops_g.o ps7_cortexa9_0/lib/xgpiops_hw.o ps7_cortexa9_0/lib/xgpiops_intr.o ps7_cortexa9_
TRACE::2025-03-11.13:43:48::SCWBDomain::0/lib/xgpiops_selftest.o ps7_cortexa9_0/lib/xgpiops_sinit.o ps7_cortexa9_0/lib/xil-crt0.o ps7_cortexa9_0/lib/xil_assert.o ps7_c
TRACE::2025-03-11.13:43:48::SCWBDomain::ortexa9_0/lib/xil_cache.o ps7_cortexa9_0/lib/xil_clocking.o ps7_cortexa9_0/lib/xil_exception.o ps7_cortexa9_0/lib/xil_mem.o ps7
TRACE::2025-03-11.13:43:48::SCWBDomain::_cortexa9_0/lib/xil_misc_psreset_api.o ps7_cortexa9_0/lib/xil_mmu.o ps7_cortexa9_0/lib/xil_printf.o ps7_cortexa9_0/lib/xil_slee
TRACE::2025-03-11.13:43:48::SCWBDomain::pcommon.o ps7_cortexa9_0/lib/xil_sleeptimer.o ps7_cortexa9_0/lib/xil_spinlock.o ps7_cortexa9_0/lib/xil_testcache.o ps7_cortexa9
TRACE::2025-03-11.13:43:48::SCWBDomain::_0/lib/xil_testio.o ps7_cortexa9_0/lib/xil_testmem.o ps7_cortexa9_0/lib/xil_util.o ps7_cortexa9_0/lib/xinterrupt_wrap.o ps7_cor
TRACE::2025-03-11.13:43:48::SCWBDomain::texa9_0/lib/xl2cc_counter.o ps7_cortexa9_0/lib/xplatform_info.o ps7_cortexa9_0/lib/xpm_counter.o ps7_cortexa9_0/lib/xscugic.o p
TRACE::2025-03-11.13:43:48::SCWBDomain::s7_cortexa9_0/lib/xscugic_g.o ps7_cortexa9_0/lib/xscugic_hw.o ps7_cortexa9_0/lib/xscugic_intr.o ps7_cortexa9_0/lib/xscugic_self
TRACE::2025-03-11.13:43:48::SCWBDomain::test.o ps7_cortexa9_0/lib/xscugic_sinit.o ps7_cortexa9_0/lib/xscutimer.o ps7_cortexa9_0/lib/xscutimer_g.o ps7_cortexa9_0/lib/xs
TRACE::2025-03-11.13:43:48::SCWBDomain::cutimer_selftest.o ps7_cortexa9_0/lib/xscutimer_sinit.o ps7_cortexa9_0/lib/xscuwdt.o ps7_cortexa9_0/lib/xscuwdt_g.o ps7_cortexa
TRACE::2025-03-11.13:43:48::SCWBDomain::9_0/lib/xscuwdt_selftest.o ps7_cortexa9_0/lib/xscuwdt_sinit.o ps7_cortexa9_0/lib/xtime_l.o ps7_cortexa9_0/lib/xuartps.o ps7_cor
TRACE::2025-03-11.13:43:48::SCWBDomain::texa9_0/lib/xuartps_g.o ps7_cortexa9_0/lib/xuartps_hw.o ps7_cortexa9_0/lib/xuartps_intr.o ps7_cortexa9_0/lib/xuartps_options.o 
TRACE::2025-03-11.13:43:48::SCWBDomain::ps7_cortexa9_0/lib/xuartps_selftest.o ps7_cortexa9_0/lib/xuartps_sinit.o

TRACE::2025-03-11.13:43:48::SCWBDomain::'Finished building libraries'

TRACE::2025-03-11.13:43:48::SCWBDomain::make: Leaving directory 'C:/Users/junoh/vivado23/DSD25_Termprj/00_RTL_Skeleton/workspace/design_1_wrapper/zynq_fsbl/zynq_fsbl_b
TRACE::2025-03-11.13:43:48::SCWBDomain::sp'

TRACE::2025-03-11.13:43:48::SCWBDomain::arm-none-eabi-gcc  -O2 -c -MMD -MP       -mcpu=cortex-a9 -mfpu=vfpv3 -mfloat-abi=hard  -c sd.c -o sd.o -Izynq_fsbl_bsp/ps7_cort
TRACE::2025-03-11.13:43:48::SCWBDomain::exa9_0/include -I.

TRACE::2025-03-11.13:43:49::SCWBDomain::arm-none-eabi-gcc  -O2 -c -MMD -MP       -mcpu=cortex-a9 -mfpu=vfpv3 -mfloat-abi=hard  -c nand.c -o nand.o -Izynq_fsbl_bsp/ps7_
TRACE::2025-03-11.13:43:49::SCWBDomain::cortexa9_0/include -I.

TRACE::2025-03-11.13:43:49::SCWBDomain::arm-none-eabi-gcc  -O2 -c -MMD -MP       -mcpu=cortex-a9 -mfpu=vfpv3 -mfloat-abi=hard  -c image_mover.c -o image_mover.o -Izynq
TRACE::2025-03-11.13:43:49::SCWBDomain::_fsbl_bsp/ps7_cortexa9_0/include -I.

TRACE::2025-03-11.13:43:49::SCWBDomain::arm-none-eabi-gcc  -O2 -c -MMD -MP       -mcpu=cortex-a9 -mfpu=vfpv3 -mfloat-abi=hard  -c md5.c -o md5.o -Izynq_fsbl_bsp/ps7_co
TRACE::2025-03-11.13:43:49::SCWBDomain::rtexa9_0/include -I.

TRACE::2025-03-11.13:43:49::SCWBDomain::arm-none-eabi-gcc  -O2 -c -MMD -MP       -mcpu=cortex-a9 -mfpu=vfpv3 -mfloat-abi=hard  -c fsbl_hooks.c -o fsbl_hooks.o -Izynq_f
TRACE::2025-03-11.13:43:49::SCWBDomain::sbl_bsp/ps7_cortexa9_0/include -I.

TRACE::2025-03-11.13:43:49::SCWBDomain::arm-none-eabi-gcc  -O2 -c -MMD -MP       -mcpu=cortex-a9 -mfpu=vfpv3 -mfloat-abi=hard  -c main.c -o main.o -Izynq_fsbl_bsp/ps7_
TRACE::2025-03-11.13:43:49::SCWBDomain::cortexa9_0/include -I.

TRACE::2025-03-11.13:43:49::SCWBDomain::arm-none-eabi-gcc  -O2 -c -MMD -MP       -mcpu=cortex-a9 -mfpu=vfpv3 -mfloat-abi=hard  -c rsa.c -o rsa.o -Izynq_fsbl_bsp/ps7_co
TRACE::2025-03-11.13:43:49::SCWBDomain::rtexa9_0/include -I.

TRACE::2025-03-11.13:43:49::SCWBDomain::arm-none-eabi-gcc  -O2 -c -MMD -MP       -mcpu=cortex-a9 -mfpu=vfpv3 -mfloat-abi=hard  -c nor.c -o nor.o -Izynq_fsbl_bsp/ps7_co
TRACE::2025-03-11.13:43:49::SCWBDomain::rtexa9_0/include -I.

TRACE::2025-03-11.13:43:50::SCWBDomain::arm-none-eabi-gcc  -O2 -c -MMD -MP       -mcpu=cortex-a9 -mfpu=vfpv3 -mfloat-abi=hard  -c qspi.c -o qspi.o -Izynq_fsbl_bsp/ps7_
TRACE::2025-03-11.13:43:50::SCWBDomain::cortexa9_0/include -I.

TRACE::2025-03-11.13:43:50::SCWBDomain::arm-none-eabi-gcc  -O2 -c -MMD -MP       -mcpu=cortex-a9 -mfpu=vfpv3 -mfloat-abi=hard  -c ps7_init.c -o ps7_init.o -Izynq_fsbl_
TRACE::2025-03-11.13:43:50::SCWBDomain::bsp/ps7_cortexa9_0/include -I.

TRACE::2025-03-11.13:43:50::SCWBDomain::arm-none-eabi-gcc  -O2 -c -MMD -MP       -mcpu=cortex-a9 -mfpu=vfpv3 -mfloat-abi=hard  -c pcap.c -o pcap.o -Izynq_fsbl_bsp/ps7_
TRACE::2025-03-11.13:43:50::SCWBDomain::cortexa9_0/include -I.

TRACE::2025-03-11.13:43:50::SCWBDomain::arm-none-eabi-gcc  -O2 -c -MMD -MP       -mcpu=cortex-a9 -mfpu=vfpv3 -mfloat-abi=hard  -c fsbl_handoff.S -o fsbl_handoff.o -Izy
TRACE::2025-03-11.13:43:50::SCWBDomain::nq_fsbl_bsp/ps7_cortexa9_0/include -I.

TRACE::2025-03-11.13:43:50::SCWBDomain::arm-none-eabi-gcc -o fsbl.elf fsbl_handoff.o fsbl_hooks.o image_mover.o main.o md5.o nand.o nor.o pcap.o ps7_init.o qspi.o rsa.
TRACE::2025-03-11.13:43:50::SCWBDomain::o sd.o -MMD -MP       -mcpu=cortex-a9 -mfpu=vfpv3 -mfloat-abi=hard   -mcpu=cortex-a9 -mfpu=vfpv3 -mfloat-abi=hard -Wl,-build-id
TRACE::2025-03-11.13:43:50::SCWBDomain::=none -specs=Xilinx.spec  -lrsa -Wl,--start-group,-lxil,-lgcc,-lc,--end-group -Wl,--start-group,-lxilffs,-lxil,-lgcc,-lc,--end-
TRACE::2025-03-11.13:43:50::SCWBDomain::group -Wl,--start-group,-lrsa,-lxil,-lgcc,-lc,--end-group                               -Wl,--gc-sections -Lzynq_fsbl_bsp/ps7_c
TRACE::2025-03-11.13:43:50::SCWBDomain::ortexa9_0/lib -L./ -Tlscript.ld

LOG::2025-03-11.13:43:50::SCWSystem::Checking the domain standalone_ps7_cortexa9_0
LOG::2025-03-11.13:43:50::SCWSystem::Not a boot domain 
LOG::2025-03-11.13:43:50::SCWSystem::Started Processing the domain standalone_ps7_cortexa9_0
TRACE::2025-03-11.13:43:50::SCWDomain::Generating domain artifcats
TRACE::2025-03-11.13:43:50::SCWMssOS::Generating standalone artifcats
TRACE::2025-03-11.13:43:50::SCWMssOS::Copying the qemu file from  C:/Users/junoh/vivado23/DSD25_Termprj/00_RTL_Skeleton/workspace/design_1_wrapper/resources/design_1_wrapper/standalone_ps7_cortexa9_0/qemu_args.txt To C:/Users/junoh/vivado23/DSD25_Termprj/00_RTL_Skeleton/workspace/design_1_wrapper/export/design_1_wrapper/sw/design_1_wrapper/qemu/
TRACE::2025-03-11.13:43:50::SCWMssOS::Copying the qemu file from  C:/Users/junoh/vivado23/DSD25_Termprj/00_RTL_Skeleton/workspace/design_1_wrapper/resources/design_1_wrapper/standalone_ps7_cortexa9_0/qemu_args.txt To C:/Users/junoh/vivado23/DSD25_Termprj/00_RTL_Skeleton/workspace/design_1_wrapper/export/design_1_wrapper/sw/design_1_wrapper/standalone_ps7_cortexa9_0/qemu/
TRACE::2025-03-11.13:43:50::SCWMssOS:: Copying the user libraries. 
TRACE::2025-03-11.13:43:50::SCWPlatform::Trying to open the hw design at C:/Users/junoh/vivado23/DSD25_Termprj/00_RTL_Skeleton/workspace/design_1_wrapper/hw/design_1_wrapper.xsa
TRACE::2025-03-11.13:43:50::SCWPlatform::DSA given C:/Users/junoh/vivado23/DSD25_Termprj/00_RTL_Skeleton/workspace/design_1_wrapper/hw/design_1_wrapper.xsa
TRACE::2025-03-11.13:43:50::SCWPlatform::DSA absoulate path C:/Users/junoh/vivado23/DSD25_Termprj/00_RTL_Skeleton/workspace/design_1_wrapper/hw/design_1_wrapper.xsa
TRACE::2025-03-11.13:43:50::SCWPlatform::DSA directory C:/Users/junoh/vivado23/DSD25_Termprj/00_RTL_Skeleton/workspace/design_1_wrapper/hw
TRACE::2025-03-11.13:43:50::SCWPlatform:: Platform Path C:/Users/junoh/vivado23/DSD25_Termprj/00_RTL_Skeleton/workspace/design_1_wrapper/hw/design_1_wrapper.xsa
TRACE::2025-03-11.13:43:50::SCWPlatform:: Unique name xilinx:zybo-z7-20::0.0
TRACE::2025-03-11.13:43:50::SCWPlatform::Trying to set the existing hwdb with name design_1_wrapper
TRACE::2025-03-11.13:43:50::SCWPlatform::Opened existing hwdb design_1_wrapper
TRACE::2025-03-11.13:43:50::SCWPlatform::Found the Hw Db part of the input DSA
TRACE::2025-03-11.13:43:50::SCWMssOS::Checking the sw design at  C:/Users/junoh/vivado23/DSD25_Termprj/00_RTL_Skeleton/workspace/design_1_wrapper/ps7_cortexa9_0/standalone_ps7_cortexa9_0/bsp/system.mss
TRACE::2025-03-11.13:43:50::SCWMssOS::DEBUG:  swdes dump  C:/Users/junoh/vivado23/DSD25_Termprj/00_RTL_Skeleton/workspace/design_1_wrapper/ps7_cortexa9_0/standalone_ps7_cortexa9_0/bsp/system.mss|system_0||
C:/Users/junoh/vivado23/DSD25_Termprj/00_RTL_Skeleton/workspace/design_1_wrapper/zynq_fsbl/zynq_fsbl_bsp/system.mss|system||

TRACE::2025-03-11.13:43:50::SCWMssOS::Sw design exists and opened at  C:/Users/junoh/vivado23/DSD25_Termprj/00_RTL_Skeleton/workspace/design_1_wrapper/ps7_cortexa9_0/standalone_ps7_cortexa9_0/bsp/system.mss
TRACE::2025-03-11.13:43:50::SCWMssOS::Completed writing the mss file at C:/Users/junoh/vivado23/DSD25_Termprj/00_RTL_Skeleton/workspace/design_1_wrapper/ps7_cortexa9_0/standalone_ps7_cortexa9_0/bsp
TRACE::2025-03-11.13:43:50::SCWMssOS::Mss edits present, copying mssfile into export location C:/Users/junoh/vivado23/DSD25_Termprj/00_RTL_Skeleton/workspace/design_1_wrapper/ps7_cortexa9_0/standalone_ps7_cortexa9_0/bsp/system.mss
TRACE::2025-03-11.13:43:50::SCWMssOS::bsp generated is upto date with the mss file. Skipping bsp generation.
TRACE::2025-03-11.13:43:50::SCWMssOS::BSP is already built. skipping the bsp build ... 
TRACE::2025-03-11.13:43:50::SCWDomain::Building the domain as part of full build :  standalone_ps7_cortexa9_0
TRACE::2025-03-11.13:43:50::SCWMssOS::doing bsp build ... 
TRACE::2025-03-11.13:43:50::SCWMssOS::System Command Ran  C: & cd  C:/Users/junoh/vivado23/DSD25_Termprj/00_RTL_Skeleton/workspace/design_1_wrapper/ps7_cortexa9_0/standalone_ps7_cortexa9_0/bsp & make 
TRACE::2025-03-11.13:43:50::SCWMssOS::make --no-print-directory seq_libs

TRACE::2025-03-11.13:43:50::SCWMssOS::'Finished building libraries sequentially.'

TRACE::2025-03-11.13:43:50::SCWMssOS::make -j 10 --no-print-directory par_libs

TRACE::2025-03-11.13:43:50::SCWMssOS::"Running Make include in ps7_cortexa9_0/libsrc/bram_v4_8/src"

TRACE::2025-03-11.13:43:50::SCWMssOS::make -C ps7_cortexa9_0/libsrc/bram_v4_8/src -s include  "SHELL=CMD" "COMPILER=arm-none-eabi-gcc" "ASSEMBLER=arm-none-eabi-as" "
TRACE::2025-03-11.13:43:50::SCWMssOS::ARCHIVER=arm-none-eabi-ar" "COMPILER_FLAGS=  -O2 -c" "EXTRA_COMPILER_FLAGS=-mcpu=cortex-a9 -mfpu=vfpv3 -mfloat-abi=hard -nostar
TRACE::2025-03-11.13:43:50::SCWMssOS::tfiles -g -Wall -Wextra -fno-tree-loop-distribute-patterns"

TRACE::2025-03-11.13:43:50::SCWMssOS::"Running Make include in ps7_cortexa9_0/libsrc/coresightps_dcc_v1_8/src"

TRACE::2025-03-11.13:43:50::SCWMssOS::make -C ps7_cortexa9_0/libsrc/coresightps_dcc_v1_8/src -s include  "SHELL=CMD" "COMPILER=arm-none-eabi-gcc" "ASSEMBLER=arm-none
TRACE::2025-03-11.13:43:50::SCWMssOS::-eabi-as" "ARCHIVER=arm-none-eabi-ar" "COMPILER_FLAGS=  -O2 -c" "EXTRA_COMPILER_FLAGS=-mcpu=cortex-a9 -mfpu=vfpv3 -mfloat-abi=h
TRACE::2025-03-11.13:43:50::SCWMssOS::ard -nostartfiles -g -Wall -Wextra -fno-tree-loop-distribute-patterns"

TRACE::2025-03-11.13:43:50::SCWMssOS::"Running Make include in ps7_cortexa9_0/libsrc/cpu_cortexa9_v2_11/src"

TRACE::2025-03-11.13:43:50::SCWMssOS::make -C ps7_cortexa9_0/libsrc/cpu_cortexa9_v2_11/src -s include  "SHELL=CMD" "COMPILER=arm-none-eabi-gcc" "ASSEMBLER=arm-none-e
TRACE::2025-03-11.13:43:50::SCWMssOS::abi-as" "ARCHIVER=arm-none-eabi-ar" "COMPILER_FLAGS=  -O2 -c" "EXTRA_COMPILER_FLAGS=-mcpu=cortex-a9 -mfpu=vfpv3 -mfloat-abi=har
TRACE::2025-03-11.13:43:50::SCWMssOS::d -nostartfiles -g -Wall -Wextra -fno-tree-loop-distribute-patterns"

TRACE::2025-03-11.13:43:50::SCWMssOS::"Running Make include in ps7_cortexa9_0/libsrc/ddrps_v1_2/src"

TRACE::2025-03-11.13:43:50::SCWMssOS::make -C ps7_cortexa9_0/libsrc/ddrps_v1_2/src -s include  "SHELL=CMD" "COMPILER=arm-none-eabi-gcc" "ASSEMBLER=arm-none-eabi-as" 
TRACE::2025-03-11.13:43:50::SCWMssOS::"ARCHIVER=arm-none-eabi-ar" "COMPILER_FLAGS=  -O2 -c" "EXTRA_COMPILER_FLAGS=-mcpu=cortex-a9 -mfpu=vfpv3 -mfloat-abi=hard -nosta
TRACE::2025-03-11.13:43:50::SCWMssOS::rtfiles -g -Wall -Wextra -fno-tree-loop-distribute-patterns"

TRACE::2025-03-11.13:43:51::SCWMssOS::"Running Make include in ps7_cortexa9_0/libsrc/devcfg_v3_7/src"

TRACE::2025-03-11.13:43:51::SCWMssOS::make -C ps7_cortexa9_0/libsrc/devcfg_v3_7/src -s include  "SHELL=CMD" "COMPILER=arm-none-eabi-gcc" "ASSEMBLER=arm-none-eabi-as"
TRACE::2025-03-11.13:43:51::SCWMssOS:: "ARCHIVER=arm-none-eabi-ar" "COMPILER_FLAGS=  -O2 -c" "EXTRA_COMPILER_FLAGS=-mcpu=cortex-a9 -mfpu=vfpv3 -mfloat-abi=hard -nost
TRACE::2025-03-11.13:43:51::SCWMssOS::artfiles -g -Wall -Wextra -fno-tree-loop-distribute-patterns"

TRACE::2025-03-11.13:43:51::SCWMssOS::"Running Make include in ps7_cortexa9_0/libsrc/dmaps_v2_8/src"

TRACE::2025-03-11.13:43:51::SCWMssOS::make -C ps7_cortexa9_0/libsrc/dmaps_v2_8/src -s include  "SHELL=CMD" "COMPILER=arm-none-eabi-gcc" "ASSEMBLER=arm-none-eabi-as" 
TRACE::2025-03-11.13:43:51::SCWMssOS::"ARCHIVER=arm-none-eabi-ar" "COMPILER_FLAGS=  -O2 -c" "EXTRA_COMPILER_FLAGS=-mcpu=cortex-a9 -mfpu=vfpv3 -mfloat-abi=hard -nosta
TRACE::2025-03-11.13:43:51::SCWMssOS::rtfiles -g -Wall -Wextra -fno-tree-loop-distribute-patterns"

TRACE::2025-03-11.13:43:51::SCWMssOS::"Running Make include in ps7_cortexa9_0/libsrc/gpiops_v3_11/src"

TRACE::2025-03-11.13:43:51::SCWMssOS::make -C ps7_cortexa9_0/libsrc/gpiops_v3_11/src -s include  "SHELL=CMD" "COMPILER=arm-none-eabi-gcc" "ASSEMBLER=arm-none-eabi-as
TRACE::2025-03-11.13:43:51::SCWMssOS::" "ARCHIVER=arm-none-eabi-ar" "COMPILER_FLAGS=  -O2 -c" "EXTRA_COMPILER_FLAGS=-mcpu=cortex-a9 -mfpu=vfpv3 -mfloat-abi=hard -nos
TRACE::2025-03-11.13:43:51::SCWMssOS::tartfiles -g -Wall -Wextra -fno-tree-loop-distribute-patterns"

TRACE::2025-03-11.13:43:51::SCWMssOS::"Running Make include in ps7_cortexa9_0/libsrc/scugic_v5_1/src"

TRACE::2025-03-11.13:43:51::SCWMssOS::make -C ps7_cortexa9_0/libsrc/scugic_v5_1/src -s include  "SHELL=CMD" "COMPILER=arm-none-eabi-gcc" "ASSEMBLER=arm-none-eabi-as"
TRACE::2025-03-11.13:43:51::SCWMssOS:: "ARCHIVER=arm-none-eabi-ar" "COMPILER_FLAGS=  -O2 -c" "EXTRA_COMPILER_FLAGS=-mcpu=cortex-a9 -mfpu=vfpv3 -mfloat-abi=hard -nost
TRACE::2025-03-11.13:43:51::SCWMssOS::artfiles -g -Wall -Wextra -fno-tree-loop-distribute-patterns"

TRACE::2025-03-11.13:43:51::SCWMssOS::"Running Make include in ps7_cortexa9_0/libsrc/scutimer_v2_4/src"

TRACE::2025-03-11.13:43:51::SCWMssOS::make -C ps7_cortexa9_0/libsrc/scutimer_v2_4/src -s include  "SHELL=CMD" "COMPILER=arm-none-eabi-gcc" "ASSEMBLER=arm-none-eabi-a
TRACE::2025-03-11.13:43:51::SCWMssOS::s" "ARCHIVER=arm-none-eabi-ar" "COMPILER_FLAGS=  -O2 -c" "EXTRA_COMPILER_FLAGS=-mcpu=cortex-a9 -mfpu=vfpv3 -mfloat-abi=hard -no
TRACE::2025-03-11.13:43:51::SCWMssOS::startfiles -g -Wall -Wextra -fno-tree-loop-distribute-patterns"

TRACE::2025-03-11.13:43:51::SCWMssOS::"Running Make include in ps7_cortexa9_0/libsrc/scuwdt_v2_4/src"

TRACE::2025-03-11.13:43:51::SCWMssOS::make -C ps7_cortexa9_0/libsrc/scuwdt_v2_4/src -s include  "SHELL=CMD" "COMPILER=arm-none-eabi-gcc" "ASSEMBLER=arm-none-eabi-as"
TRACE::2025-03-11.13:43:51::SCWMssOS:: "ARCHIVER=arm-none-eabi-ar" "COMPILER_FLAGS=  -O2 -c" "EXTRA_COMPILER_FLAGS=-mcpu=cortex-a9 -mfpu=vfpv3 -mfloat-abi=hard -nost
TRACE::2025-03-11.13:43:51::SCWMssOS::artfiles -g -Wall -Wextra -fno-tree-loop-distribute-patterns"

TRACE::2025-03-11.13:43:51::SCWMssOS::"Running Make include in ps7_cortexa9_0/libsrc/standalone_v8_1/src"

TRACE::2025-03-11.13:43:51::SCWMssOS::make -C ps7_cortexa9_0/libsrc/standalone_v8_1/src -s include  "SHELL=CMD" "COMPILER=arm-none-eabi-gcc" "ASSEMBLER=arm-none-eabi
TRACE::2025-03-11.13:43:51::SCWMssOS::-as" "ARCHIVER=arm-none-eabi-ar" "COMPILER_FLAGS=  -O2 -c" "EXTRA_COMPILER_FLAGS=-mcpu=cortex-a9 -mfpu=vfpv3 -mfloat-abi=hard -
TRACE::2025-03-11.13:43:51::SCWMssOS::nostartfiles -g -Wall -Wextra -fno-tree-loop-distribute-patterns"

TRACE::2025-03-11.13:43:51::SCWMssOS::"Running Make include in ps7_cortexa9_0/libsrc/uartps_v3_12/src"

TRACE::2025-03-11.13:43:51::SCWMssOS::make -C ps7_cortexa9_0/libsrc/uartps_v3_12/src -s include  "SHELL=CMD" "COMPILER=arm-none-eabi-gcc" "ASSEMBLER=arm-none-eabi-as
TRACE::2025-03-11.13:43:51::SCWMssOS::" "ARCHIVER=arm-none-eabi-ar" "COMPILER_FLAGS=  -O2 -c" "EXTRA_COMPILER_FLAGS=-mcpu=cortex-a9 -mfpu=vfpv3 -mfloat-abi=hard -nos
TRACE::2025-03-11.13:43:51::SCWMssOS::tartfiles -g -Wall -Wextra -fno-tree-loop-distribute-patterns"

TRACE::2025-03-11.13:43:51::SCWMssOS::"Running Make include in ps7_cortexa9_0/libsrc/xadcps_v2_6/src"

TRACE::2025-03-11.13:43:51::SCWMssOS::make -C ps7_cortexa9_0/libsrc/xadcps_v2_6/src -s include  "SHELL=CMD" "COMPILER=arm-none-eabi-gcc" "ASSEMBLER=arm-none-eabi-as"
TRACE::2025-03-11.13:43:51::SCWMssOS:: "ARCHIVER=arm-none-eabi-ar" "COMPILER_FLAGS=  -O2 -c" "EXTRA_COMPILER_FLAGS=-mcpu=cortex-a9 -mfpu=vfpv3 -mfloat-abi=hard -nost
TRACE::2025-03-11.13:43:51::SCWMssOS::artfiles -g -Wall -Wextra -fno-tree-loop-distribute-patterns"

TRACE::2025-03-11.13:43:51::SCWMssOS::"Running Make libs in ps7_cortexa9_0/libsrc/bram_v4_8/src"

TRACE::2025-03-11.13:43:51::SCWMssOS::make -C ps7_cortexa9_0/libsrc/bram_v4_8/src -s libs  "SHELL=CMD" "COMPILER=arm-none-eabi-gcc" "ASSEMBLER=arm-none-eabi-as" "ARC
TRACE::2025-03-11.13:43:51::SCWMssOS::HIVER=arm-none-eabi-ar" "COMPILER_FLAGS=  -O2 -c" "EXTRA_COMPILER_FLAGS=-mcpu=cortex-a9 -mfpu=vfpv3 -mfloat-abi=hard -nostartfi
TRACE::2025-03-11.13:43:51::SCWMssOS::les -g -Wall -Wextra -fno-tree-loop-distribute-patterns"

TRACE::2025-03-11.13:43:51::SCWMssOS::"Running Make libs in ps7_cortexa9_0/libsrc/coresightps_dcc_v1_8/src"

TRACE::2025-03-11.13:43:51::SCWMssOS::make -C ps7_cortexa9_0/libsrc/coresightps_dcc_v1_8/src -s libs  "SHELL=CMD" "COMPILER=arm-none-eabi-gcc" "ASSEMBLER=arm-none-ea
TRACE::2025-03-11.13:43:51::SCWMssOS::bi-as" "ARCHIVER=arm-none-eabi-ar" "COMPILER_FLAGS=  -O2 -c" "EXTRA_COMPILER_FLAGS=-mcpu=cortex-a9 -mfpu=vfpv3 -mfloat-abi=hard
TRACE::2025-03-11.13:43:51::SCWMssOS:: -nostartfiles -g -Wall -Wextra -fno-tree-loop-distribute-patterns"

TRACE::2025-03-11.13:43:51::SCWMssOS::"Running Make libs in ps7_cortexa9_0/libsrc/cpu_cortexa9_v2_11/src"

TRACE::2025-03-11.13:43:51::SCWMssOS::make -C ps7_cortexa9_0/libsrc/cpu_cortexa9_v2_11/src -s libs  "SHELL=CMD" "COMPILER=arm-none-eabi-gcc" "ASSEMBLER=arm-none-eabi
TRACE::2025-03-11.13:43:51::SCWMssOS::-as" "ARCHIVER=arm-none-eabi-ar" "COMPILER_FLAGS=  -O2 -c" "EXTRA_COMPILER_FLAGS=-mcpu=cortex-a9 -mfpu=vfpv3 -mfloat-abi=hard -
TRACE::2025-03-11.13:43:51::SCWMssOS::nostartfiles -g -Wall -Wextra -fno-tree-loop-distribute-patterns"

TRACE::2025-03-11.13:43:51::SCWMssOS::"Running Make libs in ps7_cortexa9_0/libsrc/ddrps_v1_2/src"

TRACE::2025-03-11.13:43:51::SCWMssOS::make -C ps7_cortexa9_0/libsrc/ddrps_v1_2/src -s libs  "SHELL=CMD" "COMPILER=arm-none-eabi-gcc" "ASSEMBLER=arm-none-eabi-as" "AR
TRACE::2025-03-11.13:43:51::SCWMssOS::CHIVER=arm-none-eabi-ar" "COMPILER_FLAGS=  -O2 -c" "EXTRA_COMPILER_FLAGS=-mcpu=cortex-a9 -mfpu=vfpv3 -mfloat-abi=hard -nostartf
TRACE::2025-03-11.13:43:51::SCWMssOS::iles -g -Wall -Wextra -fno-tree-loop-distribute-patterns"

TRACE::2025-03-11.13:43:51::SCWMssOS::"Running Make libs in ps7_cortexa9_0/libsrc/devcfg_v3_7/src"

TRACE::2025-03-11.13:43:51::SCWMssOS::make -C ps7_cortexa9_0/libsrc/devcfg_v3_7/src -s libs  "SHELL=CMD" "COMPILER=arm-none-eabi-gcc" "ASSEMBLER=arm-none-eabi-as" "A
TRACE::2025-03-11.13:43:51::SCWMssOS::RCHIVER=arm-none-eabi-ar" "COMPILER_FLAGS=  -O2 -c" "EXTRA_COMPILER_FLAGS=-mcpu=cortex-a9 -mfpu=vfpv3 -mfloat-abi=hard -nostart
TRACE::2025-03-11.13:43:51::SCWMssOS::files -g -Wall -Wextra -fno-tree-loop-distribute-patterns"

TRACE::2025-03-11.13:43:51::SCWMssOS::"Running Make libs in ps7_cortexa9_0/libsrc/dmaps_v2_8/src"

TRACE::2025-03-11.13:43:51::SCWMssOS::make -C ps7_cortexa9_0/libsrc/dmaps_v2_8/src -s libs  "SHELL=CMD" "COMPILER=arm-none-eabi-gcc" "ASSEMBLER=arm-none-eabi-as" "AR
TRACE::2025-03-11.13:43:51::SCWMssOS::CHIVER=arm-none-eabi-ar" "COMPILER_FLAGS=  -O2 -c" "EXTRA_COMPILER_FLAGS=-mcpu=cortex-a9 -mfpu=vfpv3 -mfloat-abi=hard -nostartf
TRACE::2025-03-11.13:43:51::SCWMssOS::iles -g -Wall -Wextra -fno-tree-loop-distribute-patterns"

TRACE::2025-03-11.13:43:51::SCWMssOS::"Running Make libs in ps7_cortexa9_0/libsrc/gpiops_v3_11/src"

TRACE::2025-03-11.13:43:51::SCWMssOS::make -C ps7_cortexa9_0/libsrc/gpiops_v3_11/src -s libs  "SHELL=CMD" "COMPILER=arm-none-eabi-gcc" "ASSEMBLER=arm-none-eabi-as" "
TRACE::2025-03-11.13:43:51::SCWMssOS::ARCHIVER=arm-none-eabi-ar" "COMPILER_FLAGS=  -O2 -c" "EXTRA_COMPILER_FLAGS=-mcpu=cortex-a9 -mfpu=vfpv3 -mfloat-abi=hard -nostar
TRACE::2025-03-11.13:43:51::SCWMssOS::tfiles -g -Wall -Wextra -fno-tree-loop-distribute-patterns"

TRACE::2025-03-11.13:43:51::SCWMssOS::"Running Make libs in ps7_cortexa9_0/libsrc/scugic_v5_1/src"

TRACE::2025-03-11.13:43:51::SCWMssOS::make -C ps7_cortexa9_0/libsrc/scugic_v5_1/src -s libs  "SHELL=CMD" "COMPILER=arm-none-eabi-gcc" "ASSEMBLER=arm-none-eabi-as" "A
TRACE::2025-03-11.13:43:51::SCWMssOS::RCHIVER=arm-none-eabi-ar" "COMPILER_FLAGS=  -O2 -c" "EXTRA_COMPILER_FLAGS=-mcpu=cortex-a9 -mfpu=vfpv3 -mfloat-abi=hard -nostart
TRACE::2025-03-11.13:43:51::SCWMssOS::files -g -Wall -Wextra -fno-tree-loop-distribute-patterns"

TRACE::2025-03-11.13:43:52::SCWMssOS::"Running Make libs in ps7_cortexa9_0/libsrc/scutimer_v2_4/src"

TRACE::2025-03-11.13:43:52::SCWMssOS::make -C ps7_cortexa9_0/libsrc/scutimer_v2_4/src -s libs  "SHELL=CMD" "COMPILER=arm-none-eabi-gcc" "ASSEMBLER=arm-none-eabi-as" 
TRACE::2025-03-11.13:43:52::SCWMssOS::"ARCHIVER=arm-none-eabi-ar" "COMPILER_FLAGS=  -O2 -c" "EXTRA_COMPILER_FLAGS=-mcpu=cortex-a9 -mfpu=vfpv3 -mfloat-abi=hard -nosta
TRACE::2025-03-11.13:43:52::SCWMssOS::rtfiles -g -Wall -Wextra -fno-tree-loop-distribute-patterns"

TRACE::2025-03-11.13:43:52::SCWMssOS::"Running Make libs in ps7_cortexa9_0/libsrc/scuwdt_v2_4/src"

TRACE::2025-03-11.13:43:52::SCWMssOS::make -C ps7_cortexa9_0/libsrc/scuwdt_v2_4/src -s libs  "SHELL=CMD" "COMPILER=arm-none-eabi-gcc" "ASSEMBLER=arm-none-eabi-as" "A
TRACE::2025-03-11.13:43:52::SCWMssOS::RCHIVER=arm-none-eabi-ar" "COMPILER_FLAGS=  -O2 -c" "EXTRA_COMPILER_FLAGS=-mcpu=cortex-a9 -mfpu=vfpv3 -mfloat-abi=hard -nostart
TRACE::2025-03-11.13:43:52::SCWMssOS::files -g -Wall -Wextra -fno-tree-loop-distribute-patterns"

TRACE::2025-03-11.13:43:52::SCWMssOS::"Running Make libs in ps7_cortexa9_0/libsrc/standalone_v8_1/src"

TRACE::2025-03-11.13:43:52::SCWMssOS::make -C ps7_cortexa9_0/libsrc/standalone_v8_1/src -s libs  "SHELL=CMD" "COMPILER=arm-none-eabi-gcc" "ASSEMBLER=arm-none-eabi-as
TRACE::2025-03-11.13:43:52::SCWMssOS::" "ARCHIVER=arm-none-eabi-ar" "COMPILER_FLAGS=  -O2 -c" "EXTRA_COMPILER_FLAGS=-mcpu=cortex-a9 -mfpu=vfpv3 -mfloat-abi=hard -nos
TRACE::2025-03-11.13:43:52::SCWMssOS::tartfiles -g -Wall -Wextra -fno-tree-loop-distribute-patterns"

TRACE::2025-03-11.13:43:52::SCWMssOS::"Running Make libs in ps7_cortexa9_0/libsrc/uartps_v3_12/src"

TRACE::2025-03-11.13:43:52::SCWMssOS::make -C ps7_cortexa9_0/libsrc/uartps_v3_12/src -s libs  "SHELL=CMD" "COMPILER=arm-none-eabi-gcc" "ASSEMBLER=arm-none-eabi-as" "
TRACE::2025-03-11.13:43:52::SCWMssOS::ARCHIVER=arm-none-eabi-ar" "COMPILER_FLAGS=  -O2 -c" "EXTRA_COMPILER_FLAGS=-mcpu=cortex-a9 -mfpu=vfpv3 -mfloat-abi=hard -nostar
TRACE::2025-03-11.13:43:52::SCWMssOS::tfiles -g -Wall -Wextra -fno-tree-loop-distribute-patterns"

TRACE::2025-03-11.13:43:52::SCWMssOS::"Running Make libs in ps7_cortexa9_0/libsrc/xadcps_v2_6/src"

TRACE::2025-03-11.13:43:52::SCWMssOS::make -C ps7_cortexa9_0/libsrc/xadcps_v2_6/src -s libs  "SHELL=CMD" "COMPILER=arm-none-eabi-gcc" "ASSEMBLER=arm-none-eabi-as" "A
TRACE::2025-03-11.13:43:52::SCWMssOS::RCHIVER=arm-none-eabi-ar" "COMPILER_FLAGS=  -O2 -c" "EXTRA_COMPILER_FLAGS=-mcpu=cortex-a9 -mfpu=vfpv3 -mfloat-abi=hard -nostart
TRACE::2025-03-11.13:43:52::SCWMssOS::files -g -Wall -Wextra -fno-tree-loop-distribute-patterns"

TRACE::2025-03-11.13:43:54::SCWMssOS::'Finished building libraries parallelly.'

TRACE::2025-03-11.13:43:54::SCWMssOS::make --no-print-directory archive

TRACE::2025-03-11.13:43:54::SCWMssOS::arm-none-eabi-ar -r  ps7_cortexa9_0/lib/libxil.a ps7_cortexa9_0/lib/_exit.o ps7_cortexa9_0/lib/_open.o ps7_cortexa9_0/lib/_sbrk
TRACE::2025-03-11.13:43:54::SCWMssOS::.o ps7_cortexa9_0/lib/abort.o ps7_cortexa9_0/lib/asm_vectors.o ps7_cortexa9_0/lib/boot.o ps7_cortexa9_0/lib/close.o ps7_cortexa
TRACE::2025-03-11.13:43:54::SCWMssOS::9_0/lib/cpputest_time.o ps7_cortexa9_0/lib/cpu_init.o ps7_cortexa9_0/lib/errno.o ps7_cortexa9_0/lib/fcntl.o ps7_cortexa9_0/lib/
TRACE::2025-03-11.13:43:54::SCWMssOS::fstat.o ps7_cortexa9_0/lib/getentropy.o ps7_cortexa9_0/lib/getpid.o ps7_cortexa9_0/lib/inbyte.o ps7_cortexa9_0/lib/isatty.o ps7
TRACE::2025-03-11.13:43:54::SCWMssOS::_cortexa9_0/lib/kill.o ps7_cortexa9_0/lib/lseek.o ps7_cortexa9_0/lib/open.o ps7_cortexa9_0/lib/outbyte.o ps7_cortexa9_0/lib/pri
TRACE::2025-03-11.13:43:54::SCWMssOS::nt.o ps7_cortexa9_0/lib/putnum.o ps7_cortexa9_0/lib/read.o ps7_cortexa9_0/lib/sbrk.o ps7_cortexa9_0/lib/sleep.o ps7_cortexa9_0/
TRACE::2025-03-11.13:43:54::SCWMssOS::lib/time.o ps7_cortexa9_0/lib/translation_table.o ps7_cortexa9_0/lib/unlink.o ps7_cortexa9_0/lib/usleep.o ps7_cortexa9_0/lib/ve
TRACE::2025-03-11.13:43:54::SCWMssOS::ctors.o ps7_cortexa9_0/lib/write.o ps7_cortexa9_0/lib/xadcps.o ps7_cortexa9_0/lib/xadcps_g.o ps7_cortexa9_0/lib/xadcps_intr.o p
TRACE::2025-03-11.13:43:54::SCWMssOS::s7_cortexa9_0/lib/xadcps_selftest.o ps7_cortexa9_0/lib/xadcps_sinit.o ps7_cortexa9_0/lib/xbram.o ps7_cortexa9_0/lib/xbram_g.o p
TRACE::2025-03-11.13:43:54::SCWMssOS::s7_cortexa9_0/lib/xbram_intr.o ps7_cortexa9_0/lib/xbram_selftest.o ps7_cortexa9_0/lib/xbram_sinit.o ps7_cortexa9_0/lib/xcoresig
TRACE::2025-03-11.13:43:54::SCWMssOS::htpsdcc.o ps7_cortexa9_0/lib/xdevcfg.o ps7_cortexa9_0/lib/xdevcfg_g.o ps7_cortexa9_0/lib/xdevcfg_hw.o ps7_cortexa9_0/lib/xdevcf
TRACE::2025-03-11.13:43:54::SCWMssOS::g_intr.o ps7_cortexa9_0/lib/xdevcfg_selftest.o ps7_cortexa9_0/lib/xdevcfg_sinit.o ps7_cortexa9_0/lib/xdmaps.o ps7_cortexa9_0/li
TRACE::2025-03-11.13:43:54::SCWMssOS::b/xdmaps_g.o ps7_cortexa9_0/lib/xdmaps_hw.o ps7_cortexa9_0/lib/xdmaps_selftest.o ps7_cortexa9_0/lib/xdmaps_sinit.o ps7_cortexa9
TRACE::2025-03-11.13:43:54::SCWMssOS::_0/lib/xgpiops.o ps7_cortexa9_0/lib/xgpiops_g.o ps7_cortexa9_0/lib/xgpiops_hw.o ps7_cortexa9_0/lib/xgpiops_intr.o ps7_cortexa9_
TRACE::2025-03-11.13:43:54::SCWMssOS::0/lib/xgpiops_selftest.o ps7_cortexa9_0/lib/xgpiops_sinit.o ps7_cortexa9_0/lib/xil-crt0.o ps7_cortexa9_0/lib/xil_assert.o ps7_c
TRACE::2025-03-11.13:43:54::SCWMssOS::ortexa9_0/lib/xil_cache.o ps7_cortexa9_0/lib/xil_clocking.o ps7_cortexa9_0/lib/xil_exception.o ps7_cortexa9_0/lib/xil_mem.o ps7
TRACE::2025-03-11.13:43:54::SCWMssOS::_cortexa9_0/lib/xil_misc_psreset_api.o ps7_cortexa9_0/lib/xil_mmu.o ps7_cortexa9_0/lib/xil_printf.o ps7_cortexa9_0/lib/xil_slee
TRACE::2025-03-11.13:43:54::SCWMssOS::pcommon.o ps7_cortexa9_0/lib/xil_sleeptimer.o ps7_cortexa9_0/lib/xil_spinlock.o ps7_cortexa9_0/lib/xil_testcache.o ps7_cortexa9
TRACE::2025-03-11.13:43:54::SCWMssOS::_0/lib/xil_testio.o ps7_cortexa9_0/lib/xil_testmem.o ps7_cortexa9_0/lib/xil_util.o ps7_cortexa9_0/lib/xinterrupt_wrap.o ps7_cor
TRACE::2025-03-11.13:43:54::SCWMssOS::texa9_0/lib/xl2cc_counter.o ps7_cortexa9_0/lib/xplatform_info.o ps7_cortexa9_0/lib/xpm_counter.o ps7_cortexa9_0/lib/xscugic.o p
TRACE::2025-03-11.13:43:54::SCWMssOS::s7_cortexa9_0/lib/xscugic_g.o ps7_cortexa9_0/lib/xscugic_hw.o ps7_cortexa9_0/lib/xscugic_intr.o ps7_cortexa9_0/lib/xscugic_self
TRACE::2025-03-11.13:43:54::SCWMssOS::test.o ps7_cortexa9_0/lib/xscugic_sinit.o ps7_cortexa9_0/lib/xscutimer.o ps7_cortexa9_0/lib/xscutimer_g.o ps7_cortexa9_0/lib/xs
TRACE::2025-03-11.13:43:54::SCWMssOS::cutimer_selftest.o ps7_cortexa9_0/lib/xscutimer_sinit.o ps7_cortexa9_0/lib/xscuwdt.o ps7_cortexa9_0/lib/xscuwdt_g.o ps7_cortexa
TRACE::2025-03-11.13:43:54::SCWMssOS::9_0/lib/xscuwdt_selftest.o ps7_cortexa9_0/lib/xscuwdt_sinit.o ps7_cortexa9_0/lib/xtime_l.o ps7_cortexa9_0/lib/xuartps.o ps7_cor
TRACE::2025-03-11.13:43:54::SCWMssOS::texa9_0/lib/xuartps_g.o ps7_cortexa9_0/lib/xuartps_hw.o ps7_cortexa9_0/lib/xuartps_intr.o ps7_cortexa9_0/lib/xuartps_options.o 
TRACE::2025-03-11.13:43:54::SCWMssOS::ps7_cortexa9_0/lib/xuartps_selftest.o ps7_cortexa9_0/lib/xuartps_sinit.o

TRACE::2025-03-11.13:43:54::SCWMssOS::'Finished building libraries'

TRACE::2025-03-11.13:43:54::SCWMssOS::Copying to export directory.
TRACE::2025-03-11.13:43:55::SCWMssOS:: Checking if to create the Supporting Applications
TRACE::2025-03-11.13:43:55::SCWMssOS:: No Linux domain exists, trying to generate FSBL 
LOG::2025-03-11.13:43:55::SCWSystem::Completed Processing the domain standalone_ps7_cortexa9_0
LOG::2025-03-11.13:43:55::SCWSystem::Completed Processing the sysconfig design_1_wrapper
LOG::2025-03-11.13:43:55::SCWPlatform::Completed generating the artifacts for system configuration design_1_wrapper
TRACE::2025-03-11.13:43:55::SCWPlatform::Started preparing the platform 
TRACE::2025-03-11.13:43:55::SCWSystem::Writing the bif file for system config design_1_wrapper
TRACE::2025-03-11.13:43:55::SCWSystem::dir created 
TRACE::2025-03-11.13:43:55::SCWSystem::Writing the bif 
TRACE::2025-03-11.13:43:55::SCWPlatform::Started writing the spfm file 
TRACE::2025-03-11.13:43:55::SCWPlatform::Started writing the xpfm file 
TRACE::2025-03-11.13:43:55::SCWPlatform::Completed generating the platform
TRACE::2025-03-11.13:43:55::SCWMssOS::Saving the mss changes C:/Users/junoh/vivado23/DSD25_Termprj/00_RTL_Skeleton/workspace/design_1_wrapper/zynq_fsbl/zynq_fsbl_bsp/system.mss
TRACE::2025-03-11.13:43:55::SCWMssOS::Found a swdesign opened with the mssfile.
TRACE::2025-03-11.13:43:55::SCWMssOS::Completed writemss as part of save.
TRACE::2025-03-11.13:43:55::SCWMssOS::Commit changes completed.
TRACE::2025-03-11.13:43:55::SCWMssOS::Saving the mss changes C:/Users/junoh/vivado23/DSD25_Termprj/00_RTL_Skeleton/workspace/design_1_wrapper/ps7_cortexa9_0/standalone_ps7_cortexa9_0/bsp/system.mss
TRACE::2025-03-11.13:43:55::SCWMssOS::Found a swdesign opened with the mssfile.
TRACE::2025-03-11.13:43:55::SCWMssOS::Completed writemss as part of save.
TRACE::2025-03-11.13:43:55::SCWMssOS::Commit changes completed.
TRACE::2025-03-11.13:43:55::SCWPlatform::Trying to open the hw design at C:/Users/junoh/vivado23/DSD25_Termprj/00_RTL_Skeleton/workspace/design_1_wrapper/hw/design_1_wrapper.xsa
TRACE::2025-03-11.13:43:55::SCWPlatform::DSA given C:/Users/junoh/vivado23/DSD25_Termprj/00_RTL_Skeleton/workspace/design_1_wrapper/hw/design_1_wrapper.xsa
TRACE::2025-03-11.13:43:55::SCWPlatform::DSA absoulate path C:/Users/junoh/vivado23/DSD25_Termprj/00_RTL_Skeleton/workspace/design_1_wrapper/hw/design_1_wrapper.xsa
TRACE::2025-03-11.13:43:55::SCWPlatform::DSA directory C:/Users/junoh/vivado23/DSD25_Termprj/00_RTL_Skeleton/workspace/design_1_wrapper/hw
TRACE::2025-03-11.13:43:55::SCWPlatform:: Platform Path C:/Users/junoh/vivado23/DSD25_Termprj/00_RTL_Skeleton/workspace/design_1_wrapper/hw/design_1_wrapper.xsa
TRACE::2025-03-11.13:43:55::SCWPlatform:: Unique name xilinx:zybo-z7-20::0.0
TRACE::2025-03-11.13:43:55::SCWPlatform::Trying to set the existing hwdb with name design_1_wrapper
TRACE::2025-03-11.13:43:55::SCWPlatform::Opened existing hwdb design_1_wrapper
TRACE::2025-03-11.13:43:55::SCWPlatform::Found the Hw Db part of the input DSA
TRACE::2025-03-11.13:43:55::SCWMssOS::Checking the sw design at  C:/Users/junoh/vivado23/DSD25_Termprj/00_RTL_Skeleton/workspace/design_1_wrapper/zynq_fsbl/zynq_fsbl_bsp/system.mss
TRACE::2025-03-11.13:43:55::SCWMssOS::DEBUG:  swdes dump  C:/Users/junoh/vivado23/DSD25_Termprj/00_RTL_Skeleton/workspace/design_1_wrapper/ps7_cortexa9_0/standalone_ps7_cortexa9_0/bsp/system.mss|system_0||
C:/Users/junoh/vivado23/DSD25_Termprj/00_RTL_Skeleton/workspace/design_1_wrapper/zynq_fsbl/zynq_fsbl_bsp/system.mss|system||

TRACE::2025-03-11.13:43:55::SCWMssOS::Sw design exists and opened at  C:/Users/junoh/vivado23/DSD25_Termprj/00_RTL_Skeleton/workspace/design_1_wrapper/zynq_fsbl/zynq_fsbl_bsp/system.mss
TRACE::2025-03-11.13:43:55::SCWPlatform::Trying to open the hw design at C:/Users/junoh/vivado23/DSD25_Termprj/00_RTL_Skeleton/workspace/design_1_wrapper/hw/design_1_wrapper.xsa
TRACE::2025-03-11.13:43:55::SCWPlatform::DSA given C:/Users/junoh/vivado23/DSD25_Termprj/00_RTL_Skeleton/workspace/design_1_wrapper/hw/design_1_wrapper.xsa
TRACE::2025-03-11.13:43:55::SCWPlatform::DSA absoulate path C:/Users/junoh/vivado23/DSD25_Termprj/00_RTL_Skeleton/workspace/design_1_wrapper/hw/design_1_wrapper.xsa
TRACE::2025-03-11.13:43:55::SCWPlatform::DSA directory C:/Users/junoh/vivado23/DSD25_Termprj/00_RTL_Skeleton/workspace/design_1_wrapper/hw
TRACE::2025-03-11.13:43:55::SCWPlatform:: Platform Path C:/Users/junoh/vivado23/DSD25_Termprj/00_RTL_Skeleton/workspace/design_1_wrapper/hw/design_1_wrapper.xsa
TRACE::2025-03-11.13:43:55::SCWPlatform:: Unique name xilinx:zybo-z7-20::0.0
TRACE::2025-03-11.13:43:55::SCWPlatform::Trying to set the existing hwdb with name design_1_wrapper
TRACE::2025-03-11.13:43:55::SCWPlatform::Opened existing hwdb design_1_wrapper
TRACE::2025-03-11.13:43:55::SCWPlatform::Found the Hw Db part of the input DSA
TRACE::2025-03-11.13:43:55::SCWMssOS::Checking the sw design at  C:/Users/junoh/vivado23/DSD25_Termprj/00_RTL_Skeleton/workspace/design_1_wrapper/ps7_cortexa9_0/standalone_ps7_cortexa9_0/bsp/system.mss
TRACE::2025-03-11.13:43:55::SCWMssOS::DEBUG:  swdes dump  C:/Users/junoh/vivado23/DSD25_Termprj/00_RTL_Skeleton/workspace/design_1_wrapper/ps7_cortexa9_0/standalone_ps7_cortexa9_0/bsp/system.mss|system_0||
C:/Users/junoh/vivado23/DSD25_Termprj/00_RTL_Skeleton/workspace/design_1_wrapper/zynq_fsbl/zynq_fsbl_bsp/system.mss|system||

TRACE::2025-03-11.13:43:55::SCWMssOS::Sw design exists and opened at  C:/Users/junoh/vivado23/DSD25_Termprj/00_RTL_Skeleton/workspace/design_1_wrapper/ps7_cortexa9_0/standalone_ps7_cortexa9_0/bsp/system.mss
TRACE::2025-03-11.13:43:55::SCWWriter::formatted JSON is {
	"platformName":	"design_1_wrapper",
	"sprVersion":	"2.0",
	"mode":	"gui",
	"dsaType":	"Fixed",
	"platformDesc":	"design_1_wrapper",
	"platHandOff":	"C:/Users/junoh/vivado23/DSD25_Termprj/00_RTL_Skeleton/design_1_wrapper.xsa",
	"platIntHandOff":	"<platformDir>/hw/design_1_wrapper.xsa",
	"deviceType":	"zynq",
	"platIsPrebuiltAutogen":	"false",
	"platIsNoBootBsp":	"false",
	"hasFsblMakeHasChanges":	"false",
	"hasPmufwMakeHasChanges":	"false",
	"fsblExtraCompilerFlags":	"-MMD -MP       -mcpu=cortex-a9 -mfpu=vfpv3 -mfloat-abi=hard ",
	"platPreBuiltFlag":	false,
	"platformSamplesDir":	"",
	"platActiveSys":	"design_1_wrapper",
	"systems":	[{
			"systemName":	"design_1_wrapper",
			"systemDesc":	"design_1_wrapper",
			"sysIsBootAutoGen":	"true",
			"systemDispName":	"design_1_wrapper",
			"sysActiveDom":	"standalone_ps7_cortexa9_0",
			"sysDefaultDom":	"standalone_ps7_cortexa9_0",
			"domains":	[{
					"domainName":	"zynq_fsbl",
					"domainDispName":	"zynq_fsbl",
					"domainDesc":	"FSBL Application BSP - Auto Generated.",
					"processors":	"ps7_cortexa9_0",
					"os":	"standalone",
					"sdxOs":	"standalone",
					"debugEnable":	"",
					"domRuntimes":	["cpp"],
					"swRepo":	"",
					"mssOsVer":	"8.1",
					"mssFile":	"",
					"md5Digest":	"18db037d21630273c43c35eef454af04",
					"compatibleApp":	"zynq_fsbl",
					"domType":	"bootDomain",
					"arch":	"32-bit",
					"appSettings":	{
						"appCompilerFlags":	"",
						"appLinkerFlags":	""
					},
					"addedLibs":	["xilffs:5.0", "xilrsa:1.6"],
					"libOptions":	{
						"libsContainingOptions":	[]
					},
					"prebuiltLibs":	{
						"prebuiltIncPath":	[],
						"prebuiltLibPath":	[]
					},
					"isolation":	{
					}
				}, {
					"domainName":	"standalone_ps7_cortexa9_0",
					"domainDispName":	"standalone_ps7_cortexa9_0",
					"domainDesc":	"standalone_ps7_cortexa9_0",
					"processors":	"ps7_cortexa9_0",
					"os":	"standalone",
					"sdxOs":	"standalone",
					"qemuArgs":	"<platformDir>/resources/design_1_wrapper/standalone_ps7_cortexa9_0/qemu_args.txt",
					"qemuData":	"<platformDir>/resources/design_1_wrapper/standalone_ps7_cortexa9_0/qemu",
					"debugEnable":	"False",
					"domRuntimes":	["cpp"],
					"swRepo":	"",
					"mssOsVer":	"8.1",
					"mssFile":	"",
					"md5Digest":	"f90644cd625b505de1ada2b5ad5e2e1f",
					"compatibleApp":	"",
					"domType":	"mssDomain",
					"arch":	"32-bit",
					"appSettings":	{
						"appCompilerFlags":	"",
						"appLinkerFlags":	""
					},
					"addedLibs":	[],
					"libOptions":	{
						"libsContainingOptions":	[]
					},
					"prebuiltLibs":	{
						"prebuiltIncPath":	[],
						"prebuiltLibPath":	[]
					},
					"isolation":	{
					}
				}]
		}]
}
KEYINFO::2025-03-11.13:43:55::SCWPlatform::updated the xpfm file.
TRACE::2025-03-11.13:43:56::SCWPlatform::Trying to open the hw design at C:/Users/junoh/vivado23/DSD25_Termprj/00_RTL_Skeleton/workspace/design_1_wrapper/hw/design_1_wrapper.xsa
TRACE::2025-03-11.13:43:56::SCWPlatform::DSA given C:/Users/junoh/vivado23/DSD25_Termprj/00_RTL_Skeleton/workspace/design_1_wrapper/hw/design_1_wrapper.xsa
TRACE::2025-03-11.13:43:56::SCWPlatform::DSA absoulate path C:/Users/junoh/vivado23/DSD25_Termprj/00_RTL_Skeleton/workspace/design_1_wrapper/hw/design_1_wrapper.xsa
TRACE::2025-03-11.13:43:56::SCWPlatform::DSA directory C:/Users/junoh/vivado23/DSD25_Termprj/00_RTL_Skeleton/workspace/design_1_wrapper/hw
TRACE::2025-03-11.13:43:56::SCWPlatform:: Platform Path C:/Users/junoh/vivado23/DSD25_Termprj/00_RTL_Skeleton/workspace/design_1_wrapper/hw/design_1_wrapper.xsa
TRACE::2025-03-11.13:43:56::SCWPlatform:: Unique name xilinx:zybo-z7-20::0.0
TRACE::2025-03-11.13:43:56::SCWPlatform::Trying to set the existing hwdb with name design_1_wrapper
TRACE::2025-03-11.13:43:56::SCWPlatform::Opened existing hwdb design_1_wrapper
TRACE::2025-03-11.13:43:56::SCWPlatform::Found the Hw Db part of the input DSA
TRACE::2025-03-11.13:43:56::SCWMssOS::Checking the sw design at  C:/Users/junoh/vivado23/DSD25_Termprj/00_RTL_Skeleton/workspace/design_1_wrapper/ps7_cortexa9_0/standalone_ps7_cortexa9_0/bsp/system.mss
TRACE::2025-03-11.13:43:56::SCWMssOS::DEBUG:  swdes dump  C:/Users/junoh/vivado23/DSD25_Termprj/00_RTL_Skeleton/workspace/design_1_wrapper/ps7_cortexa9_0/standalone_ps7_cortexa9_0/bsp/system.mss|system_0||
C:/Users/junoh/vivado23/DSD25_Termprj/00_RTL_Skeleton/workspace/design_1_wrapper/zynq_fsbl/zynq_fsbl_bsp/system.mss|system||

TRACE::2025-03-11.13:43:56::SCWMssOS::Sw design exists and opened at  C:/Users/junoh/vivado23/DSD25_Termprj/00_RTL_Skeleton/workspace/design_1_wrapper/ps7_cortexa9_0/standalone_ps7_cortexa9_0/bsp/system.mss
TRACE::2025-03-11.13:53:41::SCWBDomain::System Command Ran  C:&  cd  C:/Users/junoh/vivado23/DSD25_Termprj/00_RTL_Skeleton/workspace/design_1_wrapper/zynq_fsbl & make clean
TRACE::2025-03-11.13:53:41::SCWBDomain::rm -rf  sd.o  nand.o  image_mover.o  md5.o  fsbl_hooks.o  main.o  nor.o  qspi.o  rsa.o  ps7_init.o  pcap.o  fsbl_handoff.o zynq
TRACE::2025-03-11.13:53:41::SCWBDomain::_fsbl_bsp/ps7_cortexa9_0/lib/libxil.a fsbl.elf *.o

TRACE::2025-03-11.13:53:41::SCWBDomain::System Command Ran  C:&  cd  C:/Users/junoh/vivado23/DSD25_Termprj/00_RTL_Skeleton/workspace/design_1_wrapper/zynq_fsbl/zynq_fsbl_bsp & make clean
TRACE::2025-03-11.13:53:41::SCWBDomain::make -C ps7_cortexa9_0/libsrc/bram_v4_8/src -s clean 

TRACE::2025-03-11.13:53:41::SCWBDomain::make -C ps7_cortexa9_0/libsrc/coresightps_dcc_v1_8/src -s clean 

TRACE::2025-03-11.13:53:41::SCWBDomain::make -C ps7_cortexa9_0/libsrc/cpu_cortexa9_v2_11/src -s clean 

TRACE::2025-03-11.13:53:41::SCWBDomain::make -C ps7_cortexa9_0/libsrc/ddrps_v1_2/src -s clean 

TRACE::2025-03-11.13:53:41::SCWBDomain::make -C ps7_cortexa9_0/libsrc/devcfg_v3_7/src -s clean 

TRACE::2025-03-11.13:53:41::SCWBDomain::make -C ps7_cortexa9_0/libsrc/dmaps_v2_8/src -s clean 

TRACE::2025-03-11.13:53:41::SCWBDomain::make -C ps7_cortexa9_0/libsrc/gpiops_v3_11/src -s clean 

TRACE::2025-03-11.13:53:42::SCWBDomain::make -C ps7_cortexa9_0/libsrc/scugic_v5_1/src -s clean 

TRACE::2025-03-11.13:53:42::SCWBDomain::make -C ps7_cortexa9_0/libsrc/scutimer_v2_4/src -s clean 

TRACE::2025-03-11.13:53:42::SCWBDomain::make -C ps7_cortexa9_0/libsrc/scuwdt_v2_4/src -s clean 

TRACE::2025-03-11.13:53:42::SCWBDomain::make -C ps7_cortexa9_0/libsrc/standalone_v8_1/src -s clean 

TRACE::2025-03-11.13:53:42::SCWBDomain::make -C ps7_cortexa9_0/libsrc/uartps_v3_12/src -s clean 

TRACE::2025-03-11.13:53:43::SCWBDomain::make -C ps7_cortexa9_0/libsrc/xadcps_v2_6/src -s clean 

TRACE::2025-03-11.13:53:43::SCWBDomain::make -C ps7_cortexa9_0/libsrc/xilffs_v5_0/src -s clean 

TRACE::2025-03-11.13:53:43::SCWBDomain::make -C ps7_cortexa9_0/libsrc/xilrsa_v1_6/src -s clean 

TRACE::2025-03-11.13:53:43::SCWBDomain::rm -f ps7_cortexa9_0/lib/libxil.a

TRACE::2025-03-11.13:53:43::SCWMssOS::cleaning the bsp 
TRACE::2025-03-11.13:53:43::SCWMssOS::System Command Ran  C: & cd  C:/Users/junoh/vivado23/DSD25_Termprj/00_RTL_Skeleton/workspace/design_1_wrapper/ps7_cortexa9_0/standalone_ps7_cortexa9_0/bsp & make clean 
TRACE::2025-03-11.13:53:43::SCWMssOS::make -C ps7_cortexa9_0/libsrc/bram_v4_8/src -s clean 

TRACE::2025-03-11.13:53:43::SCWMssOS::make -C ps7_cortexa9_0/libsrc/coresightps_dcc_v1_8/src -s clean 

TRACE::2025-03-11.13:53:43::SCWMssOS::make -C ps7_cortexa9_0/libsrc/cpu_cortexa9_v2_11/src -s clean 

TRACE::2025-03-11.13:53:43::SCWMssOS::make -C ps7_cortexa9_0/libsrc/ddrps_v1_2/src -s clean 

TRACE::2025-03-11.13:53:43::SCWMssOS::make -C ps7_cortexa9_0/libsrc/devcfg_v3_7/src -s clean 

TRACE::2025-03-11.13:53:43::SCWMssOS::make -C ps7_cortexa9_0/libsrc/dmaps_v2_8/src -s clean 

TRACE::2025-03-11.13:53:44::SCWMssOS::make -C ps7_cortexa9_0/libsrc/gpiops_v3_11/src -s clean 

TRACE::2025-03-11.13:53:44::SCWMssOS::make -C ps7_cortexa9_0/libsrc/scugic_v5_1/src -s clean 

TRACE::2025-03-11.13:53:44::SCWMssOS::make -C ps7_cortexa9_0/libsrc/scutimer_v2_4/src -s clean 

TRACE::2025-03-11.13:53:44::SCWMssOS::make -C ps7_cortexa9_0/libsrc/scuwdt_v2_4/src -s clean 

TRACE::2025-03-11.13:53:44::SCWMssOS::make -C ps7_cortexa9_0/libsrc/standalone_v8_1/src -s clean 

TRACE::2025-03-11.13:53:45::SCWMssOS::make -C ps7_cortexa9_0/libsrc/uartps_v3_12/src -s clean 

TRACE::2025-03-11.13:53:45::SCWMssOS::make -C ps7_cortexa9_0/libsrc/xadcps_v2_6/src -s clean 

TRACE::2025-03-11.13:53:45::SCWMssOS::rm -f ps7_cortexa9_0/lib/libxil.a

LOG::2025-03-11.14:11:15::SCWPlatform::Started generating the artifacts platform design_1_wrapper
TRACE::2025-03-11.14:11:15::SCWPlatform::Sanity checking of platform is completed
LOG::2025-03-11.14:11:15::SCWPlatform::Started generating the artifacts for system configuration design_1_wrapper
LOG::2025-03-11.14:11:15::SCWSystem::Checking the domain zynq_fsbl
LOG::2025-03-11.14:11:15::SCWSystem::Doing application build for :  zynq_fsbl
TRACE::2025-03-11.14:11:15::SCWBDomain::Not a forced makefile updation, No changes are present. 
TRACE::2025-03-11.14:11:15::SCWDomain::Building the domain as part of full build :  zynq_fsbl
TRACE::2025-03-11.14:11:15::SCWPlatform::Trying to open the hw design at C:/Users/junoh/vivado23/DSD25_Termprj/00_RTL_Skeleton/workspace/design_1_wrapper/hw/design_1_wrapper.xsa
TRACE::2025-03-11.14:11:15::SCWPlatform::DSA given C:/Users/junoh/vivado23/DSD25_Termprj/00_RTL_Skeleton/workspace/design_1_wrapper/hw/design_1_wrapper.xsa
TRACE::2025-03-11.14:11:15::SCWPlatform::DSA absoulate path C:/Users/junoh/vivado23/DSD25_Termprj/00_RTL_Skeleton/workspace/design_1_wrapper/hw/design_1_wrapper.xsa
TRACE::2025-03-11.14:11:15::SCWPlatform::DSA directory C:/Users/junoh/vivado23/DSD25_Termprj/00_RTL_Skeleton/workspace/design_1_wrapper/hw
TRACE::2025-03-11.14:11:15::SCWPlatform:: Platform Path C:/Users/junoh/vivado23/DSD25_Termprj/00_RTL_Skeleton/workspace/design_1_wrapper/hw/design_1_wrapper.xsa
TRACE::2025-03-11.14:11:15::SCWPlatform:: Unique name xilinx:zybo-z7-20::0.0
TRACE::2025-03-11.14:11:15::SCWPlatform::Trying to set the existing hwdb with name design_1_wrapper
TRACE::2025-03-11.14:11:15::SCWPlatform::Opened existing hwdb design_1_wrapper
TRACE::2025-03-11.14:11:15::SCWPlatform::Found the Hw Db part of the input DSA
TRACE::2025-03-11.14:11:15::SCWMssOS::Checking the sw design at  C:/Users/junoh/vivado23/DSD25_Termprj/00_RTL_Skeleton/workspace/design_1_wrapper/zynq_fsbl/zynq_fsbl_bsp/system.mss
TRACE::2025-03-11.14:11:15::SCWMssOS::DEBUG:  swdes dump  C:/Users/junoh/vivado23/DSD25_Termprj/00_RTL_Skeleton/workspace/design_1_wrapper/ps7_cortexa9_0/standalone_ps7_cortexa9_0/bsp/system.mss|system_0||
C:/Users/junoh/vivado23/DSD25_Termprj/00_RTL_Skeleton/workspace/design_1_wrapper/zynq_fsbl/zynq_fsbl_bsp/system.mss|system||

TRACE::2025-03-11.14:11:15::SCWMssOS::Sw design exists and opened at  C:/Users/junoh/vivado23/DSD25_Termprj/00_RTL_Skeleton/workspace/design_1_wrapper/zynq_fsbl/zynq_fsbl_bsp/system.mss
TRACE::2025-03-11.14:11:15::SCWBDomain::Completed writing the mss file at C:/Users/junoh/vivado23/DSD25_Termprj/00_RTL_Skeleton/workspace/design_1_wrapper/zynq_fsbl/zynq_fsbl_bsp
TRACE::2025-03-11.14:11:15::SCWBDomain::bsp generated is upto date with the mss file. Skipping bsp generation.
TRACE::2025-03-11.14:11:15::SCWBDomain::Not a forced makefile updation, No changes are present. 
TRACE::2025-03-11.14:11:15::SCWBDomain::System Command Ran  C:&  cd  C:/Users/junoh/vivado23/DSD25_Termprj/00_RTL_Skeleton/workspace/design_1_wrapper/zynq_fsbl& make -C  zynq_fsbl_bsp & make 
TRACE::2025-03-11.14:11:15::SCWBDomain::make: Entering directory 'C:/Users/junoh/vivado23/DSD25_Termprj/00_RTL_Skeleton/workspace/design_1_wrapper/zynq_fsbl/zynq_fsbl_
TRACE::2025-03-11.14:11:15::SCWBDomain::bsp'

TRACE::2025-03-11.14:11:15::SCWBDomain::make --no-print-directory seq_libs

TRACE::2025-03-11.14:11:15::SCWBDomain::"Running Make include in ps7_cortexa9_0/libsrc/bram_v4_8/src"

TRACE::2025-03-11.14:11:15::SCWBDomain::make -C ps7_cortexa9_0/libsrc/bram_v4_8/src -s include  "SHELL=CMD" "COMPILER=arm-none-eabi-gcc" "ASSEMBLER=arm-none-eabi-as" "
TRACE::2025-03-11.14:11:15::SCWBDomain::ARCHIVER=arm-none-eabi-ar" "COMPILER_FLAGS=  -O2 -c" "EXTRA_COMPILER_FLAGS=-mcpu=cortex-a9 -mfpu=vfpv3 -mfloat-abi=hard -nostar
TRACE::2025-03-11.14:11:15::SCWBDomain::tfiles -g -Wall -Wextra -fno-tree-loop-distribute-patterns"

TRACE::2025-03-11.14:11:15::SCWBDomain::"Running Make include in ps7_cortexa9_0/libsrc/coresightps_dcc_v1_8/src"

TRACE::2025-03-11.14:11:15::SCWBDomain::make -C ps7_cortexa9_0/libsrc/coresightps_dcc_v1_8/src -s include  "SHELL=CMD" "COMPILER=arm-none-eabi-gcc" "ASSEMBLER=arm-none
TRACE::2025-03-11.14:11:15::SCWBDomain::-eabi-as" "ARCHIVER=arm-none-eabi-ar" "COMPILER_FLAGS=  -O2 -c" "EXTRA_COMPILER_FLAGS=-mcpu=cortex-a9 -mfpu=vfpv3 -mfloat-abi=h
TRACE::2025-03-11.14:11:15::SCWBDomain::ard -nostartfiles -g -Wall -Wextra -fno-tree-loop-distribute-patterns"

TRACE::2025-03-11.14:11:15::SCWBDomain::"Running Make include in ps7_cortexa9_0/libsrc/cpu_cortexa9_v2_11/src"

TRACE::2025-03-11.14:11:15::SCWBDomain::make -C ps7_cortexa9_0/libsrc/cpu_cortexa9_v2_11/src -s include  "SHELL=CMD" "COMPILER=arm-none-eabi-gcc" "ASSEMBLER=arm-none-e
TRACE::2025-03-11.14:11:15::SCWBDomain::abi-as" "ARCHIVER=arm-none-eabi-ar" "COMPILER_FLAGS=  -O2 -c" "EXTRA_COMPILER_FLAGS=-mcpu=cortex-a9 -mfpu=vfpv3 -mfloat-abi=har
TRACE::2025-03-11.14:11:15::SCWBDomain::d -nostartfiles -g -Wall -Wextra -fno-tree-loop-distribute-patterns"

TRACE::2025-03-11.14:11:15::SCWBDomain::"Running Make include in ps7_cortexa9_0/libsrc/ddrps_v1_2/src"

TRACE::2025-03-11.14:11:15::SCWBDomain::make -C ps7_cortexa9_0/libsrc/ddrps_v1_2/src -s include  "SHELL=CMD" "COMPILER=arm-none-eabi-gcc" "ASSEMBLER=arm-none-eabi-as" 
TRACE::2025-03-11.14:11:15::SCWBDomain::"ARCHIVER=arm-none-eabi-ar" "COMPILER_FLAGS=  -O2 -c" "EXTRA_COMPILER_FLAGS=-mcpu=cortex-a9 -mfpu=vfpv3 -mfloat-abi=hard -nosta
TRACE::2025-03-11.14:11:15::SCWBDomain::rtfiles -g -Wall -Wextra -fno-tree-loop-distribute-patterns"

TRACE::2025-03-11.14:11:15::SCWBDomain::"Running Make include in ps7_cortexa9_0/libsrc/devcfg_v3_7/src"

TRACE::2025-03-11.14:11:15::SCWBDomain::make -C ps7_cortexa9_0/libsrc/devcfg_v3_7/src -s include  "SHELL=CMD" "COMPILER=arm-none-eabi-gcc" "ASSEMBLER=arm-none-eabi-as"
TRACE::2025-03-11.14:11:15::SCWBDomain:: "ARCHIVER=arm-none-eabi-ar" "COMPILER_FLAGS=  -O2 -c" "EXTRA_COMPILER_FLAGS=-mcpu=cortex-a9 -mfpu=vfpv3 -mfloat-abi=hard -nost
TRACE::2025-03-11.14:11:15::SCWBDomain::artfiles -g -Wall -Wextra -fno-tree-loop-distribute-patterns"

TRACE::2025-03-11.14:11:15::SCWBDomain::"Running Make include in ps7_cortexa9_0/libsrc/dmaps_v2_8/src"

TRACE::2025-03-11.14:11:15::SCWBDomain::make -C ps7_cortexa9_0/libsrc/dmaps_v2_8/src -s include  "SHELL=CMD" "COMPILER=arm-none-eabi-gcc" "ASSEMBLER=arm-none-eabi-as" 
TRACE::2025-03-11.14:11:15::SCWBDomain::"ARCHIVER=arm-none-eabi-ar" "COMPILER_FLAGS=  -O2 -c" "EXTRA_COMPILER_FLAGS=-mcpu=cortex-a9 -mfpu=vfpv3 -mfloat-abi=hard -nosta
TRACE::2025-03-11.14:11:15::SCWBDomain::rtfiles -g -Wall -Wextra -fno-tree-loop-distribute-patterns"

TRACE::2025-03-11.14:11:15::SCWBDomain::"Running Make include in ps7_cortexa9_0/libsrc/gpiops_v3_11/src"

TRACE::2025-03-11.14:11:15::SCWBDomain::make -C ps7_cortexa9_0/libsrc/gpiops_v3_11/src -s include  "SHELL=CMD" "COMPILER=arm-none-eabi-gcc" "ASSEMBLER=arm-none-eabi-as
TRACE::2025-03-11.14:11:15::SCWBDomain::" "ARCHIVER=arm-none-eabi-ar" "COMPILER_FLAGS=  -O2 -c" "EXTRA_COMPILER_FLAGS=-mcpu=cortex-a9 -mfpu=vfpv3 -mfloat-abi=hard -nos
TRACE::2025-03-11.14:11:15::SCWBDomain::tartfiles -g -Wall -Wextra -fno-tree-loop-distribute-patterns"

TRACE::2025-03-11.14:11:16::SCWBDomain::"Running Make include in ps7_cortexa9_0/libsrc/scugic_v5_1/src"

TRACE::2025-03-11.14:11:16::SCWBDomain::make -C ps7_cortexa9_0/libsrc/scugic_v5_1/src -s include  "SHELL=CMD" "COMPILER=arm-none-eabi-gcc" "ASSEMBLER=arm-none-eabi-as"
TRACE::2025-03-11.14:11:16::SCWBDomain:: "ARCHIVER=arm-none-eabi-ar" "COMPILER_FLAGS=  -O2 -c" "EXTRA_COMPILER_FLAGS=-mcpu=cortex-a9 -mfpu=vfpv3 -mfloat-abi=hard -nost
TRACE::2025-03-11.14:11:16::SCWBDomain::artfiles -g -Wall -Wextra -fno-tree-loop-distribute-patterns"

TRACE::2025-03-11.14:11:16::SCWBDomain::"Running Make include in ps7_cortexa9_0/libsrc/scutimer_v2_4/src"

TRACE::2025-03-11.14:11:16::SCWBDomain::make -C ps7_cortexa9_0/libsrc/scutimer_v2_4/src -s include  "SHELL=CMD" "COMPILER=arm-none-eabi-gcc" "ASSEMBLER=arm-none-eabi-a
TRACE::2025-03-11.14:11:16::SCWBDomain::s" "ARCHIVER=arm-none-eabi-ar" "COMPILER_FLAGS=  -O2 -c" "EXTRA_COMPILER_FLAGS=-mcpu=cortex-a9 -mfpu=vfpv3 -mfloat-abi=hard -no
TRACE::2025-03-11.14:11:16::SCWBDomain::startfiles -g -Wall -Wextra -fno-tree-loop-distribute-patterns"

TRACE::2025-03-11.14:11:16::SCWBDomain::"Running Make include in ps7_cortexa9_0/libsrc/scuwdt_v2_4/src"

TRACE::2025-03-11.14:11:16::SCWBDomain::make -C ps7_cortexa9_0/libsrc/scuwdt_v2_4/src -s include  "SHELL=CMD" "COMPILER=arm-none-eabi-gcc" "ASSEMBLER=arm-none-eabi-as"
TRACE::2025-03-11.14:11:16::SCWBDomain:: "ARCHIVER=arm-none-eabi-ar" "COMPILER_FLAGS=  -O2 -c" "EXTRA_COMPILER_FLAGS=-mcpu=cortex-a9 -mfpu=vfpv3 -mfloat-abi=hard -nost
TRACE::2025-03-11.14:11:16::SCWBDomain::artfiles -g -Wall -Wextra -fno-tree-loop-distribute-patterns"

TRACE::2025-03-11.14:11:16::SCWBDomain::"Running Make include in ps7_cortexa9_0/libsrc/standalone_v8_1/src"

TRACE::2025-03-11.14:11:16::SCWBDomain::make -C ps7_cortexa9_0/libsrc/standalone_v8_1/src -s include  "SHELL=CMD" "COMPILER=arm-none-eabi-gcc" "ASSEMBLER=arm-none-eabi
TRACE::2025-03-11.14:11:16::SCWBDomain::-as" "ARCHIVER=arm-none-eabi-ar" "COMPILER_FLAGS=  -O2 -c" "EXTRA_COMPILER_FLAGS=-mcpu=cortex-a9 -mfpu=vfpv3 -mfloat-abi=hard -
TRACE::2025-03-11.14:11:16::SCWBDomain::nostartfiles -g -Wall -Wextra -fno-tree-loop-distribute-patterns"

TRACE::2025-03-11.14:11:16::SCWBDomain::"Running Make include in ps7_cortexa9_0/libsrc/uartps_v3_12/src"

TRACE::2025-03-11.14:11:16::SCWBDomain::make -C ps7_cortexa9_0/libsrc/uartps_v3_12/src -s include  "SHELL=CMD" "COMPILER=arm-none-eabi-gcc" "ASSEMBLER=arm-none-eabi-as
TRACE::2025-03-11.14:11:16::SCWBDomain::" "ARCHIVER=arm-none-eabi-ar" "COMPILER_FLAGS=  -O2 -c" "EXTRA_COMPILER_FLAGS=-mcpu=cortex-a9 -mfpu=vfpv3 -mfloat-abi=hard -nos
TRACE::2025-03-11.14:11:16::SCWBDomain::tartfiles -g -Wall -Wextra -fno-tree-loop-distribute-patterns"

TRACE::2025-03-11.14:11:16::SCWBDomain::"Running Make include in ps7_cortexa9_0/libsrc/xadcps_v2_6/src"

TRACE::2025-03-11.14:11:16::SCWBDomain::make -C ps7_cortexa9_0/libsrc/xadcps_v2_6/src -s include  "SHELL=CMD" "COMPILER=arm-none-eabi-gcc" "ASSEMBLER=arm-none-eabi-as"
TRACE::2025-03-11.14:11:16::SCWBDomain:: "ARCHIVER=arm-none-eabi-ar" "COMPILER_FLAGS=  -O2 -c" "EXTRA_COMPILER_FLAGS=-mcpu=cortex-a9 -mfpu=vfpv3 -mfloat-abi=hard -nost
TRACE::2025-03-11.14:11:16::SCWBDomain::artfiles -g -Wall -Wextra -fno-tree-loop-distribute-patterns"

TRACE::2025-03-11.14:11:16::SCWBDomain::"Running Make include in ps7_cortexa9_0/libsrc/xilffs_v5_0/src"

TRACE::2025-03-11.14:11:16::SCWBDomain::make -C ps7_cortexa9_0/libsrc/xilffs_v5_0/src -s include  "SHELL=CMD" "COMPILER=arm-none-eabi-gcc" "ASSEMBLER=arm-none-eabi-as"
TRACE::2025-03-11.14:11:16::SCWBDomain:: "ARCHIVER=arm-none-eabi-ar" "COMPILER_FLAGS=  -O2 -c" "EXTRA_COMPILER_FLAGS=-mcpu=cortex-a9 -mfpu=vfpv3 -mfloat-abi=hard -nost
TRACE::2025-03-11.14:11:16::SCWBDomain::artfiles -g -Wall -Wextra -fno-tree-loop-distribute-patterns"

TRACE::2025-03-11.14:11:16::SCWBDomain::"Running Make include in ps7_cortexa9_0/libsrc/xilrsa_v1_6/src"

TRACE::2025-03-11.14:11:16::SCWBDomain::make -C ps7_cortexa9_0/libsrc/xilrsa_v1_6/src -s include  "SHELL=CMD" "COMPILER=arm-none-eabi-gcc" "ASSEMBLER=arm-none-eabi-as"
TRACE::2025-03-11.14:11:16::SCWBDomain:: "ARCHIVER=arm-none-eabi-ar" "COMPILER_FLAGS=  -O2 -c" "EXTRA_COMPILER_FLAGS=-mcpu=cortex-a9 -mfpu=vfpv3 -mfloat-abi=hard -nost
TRACE::2025-03-11.14:11:16::SCWBDomain::artfiles -g -Wall -Wextra -fno-tree-loop-distribute-patterns"

TRACE::2025-03-11.14:11:16::SCWBDomain::"Running Make libs in ps7_cortexa9_0/libsrc/xilrsa_v1_6/src"

TRACE::2025-03-11.14:11:16::SCWBDomain::make -C ps7_cortexa9_0/libsrc/xilrsa_v1_6/src -s libs  "SHELL=CMD" "COMPILER=arm-none-eabi-gcc" "ASSEMBLER=arm-none-eabi-as" "A
TRACE::2025-03-11.14:11:16::SCWBDomain::RCHIVER=arm-none-eabi-ar" "COMPILER_FLAGS=  -O2 -c" "EXTRA_COMPILER_FLAGS=-mcpu=cortex-a9 -mfpu=vfpv3 -mfloat-abi=hard -nostart
TRACE::2025-03-11.14:11:16::SCWBDomain::files -g -Wall -Wextra -fno-tree-loop-distribute-patterns"

TRACE::2025-03-11.14:11:16::SCWBDomain::'Finished building libraries sequentially.'

TRACE::2025-03-11.14:11:16::SCWBDomain::make -j 10 --no-print-directory par_libs

TRACE::2025-03-11.14:11:17::SCWBDomain::"Running Make include in ps7_cortexa9_0/libsrc/bram_v4_8/src"

TRACE::2025-03-11.14:11:17::SCWBDomain::make -C ps7_cortexa9_0/libsrc/bram_v4_8/src -s include  "SHELL=CMD" "COMPILER=arm-none-eabi-gcc" "ASSEMBLER=arm-none-eabi-as" "
TRACE::2025-03-11.14:11:17::SCWBDomain::ARCHIVER=arm-none-eabi-ar" "COMPILER_FLAGS=  -O2 -c" "EXTRA_COMPILER_FLAGS=-mcpu=cortex-a9 -mfpu=vfpv3 -mfloat-abi=hard -nostar
TRACE::2025-03-11.14:11:17::SCWBDomain::tfiles -g -Wall -Wextra -fno-tree-loop-distribute-patterns"

TRACE::2025-03-11.14:11:17::SCWBDomain::"Running Make include in ps7_cortexa9_0/libsrc/coresightps_dcc_v1_8/src"

TRACE::2025-03-11.14:11:17::SCWBDomain::make -C ps7_cortexa9_0/libsrc/coresightps_dcc_v1_8/src -s include  "SHELL=CMD" "COMPILER=arm-none-eabi-gcc" "ASSEMBLER=arm-none
TRACE::2025-03-11.14:11:17::SCWBDomain::-eabi-as" "ARCHIVER=arm-none-eabi-ar" "COMPILER_FLAGS=  -O2 -c" "EXTRA_COMPILER_FLAGS=-mcpu=cortex-a9 -mfpu=vfpv3 -mfloat-abi=h
TRACE::2025-03-11.14:11:17::SCWBDomain::ard -nostartfiles -g -Wall -Wextra -fno-tree-loop-distribute-patterns"

TRACE::2025-03-11.14:11:17::SCWBDomain::"Running Make include in ps7_cortexa9_0/libsrc/cpu_cortexa9_v2_11/src"

TRACE::2025-03-11.14:11:17::SCWBDomain::make -C ps7_cortexa9_0/libsrc/cpu_cortexa9_v2_11/src -s include  "SHELL=CMD" "COMPILER=arm-none-eabi-gcc" "ASSEMBLER=arm-none-e
TRACE::2025-03-11.14:11:17::SCWBDomain::abi-as" "ARCHIVER=arm-none-eabi-ar" "COMPILER_FLAGS=  -O2 -c" "EXTRA_COMPILER_FLAGS=-mcpu=cortex-a9 -mfpu=vfpv3 -mfloat-abi=har
TRACE::2025-03-11.14:11:17::SCWBDomain::d -nostartfiles -g -Wall -Wextra -fno-tree-loop-distribute-patterns"

TRACE::2025-03-11.14:11:17::SCWBDomain::"Running Make include in ps7_cortexa9_0/libsrc/ddrps_v1_2/src"

TRACE::2025-03-11.14:11:17::SCWBDomain::make -C ps7_cortexa9_0/libsrc/ddrps_v1_2/src -s include  "SHELL=CMD" "COMPILER=arm-none-eabi-gcc" "ASSEMBLER=arm-none-eabi-as" 
TRACE::2025-03-11.14:11:17::SCWBDomain::"ARCHIVER=arm-none-eabi-ar" "COMPILER_FLAGS=  -O2 -c" "EXTRA_COMPILER_FLAGS=-mcpu=cortex-a9 -mfpu=vfpv3 -mfloat-abi=hard -nosta
TRACE::2025-03-11.14:11:17::SCWBDomain::rtfiles -g -Wall -Wextra -fno-tree-loop-distribute-patterns"

TRACE::2025-03-11.14:11:17::SCWBDomain::"Running Make include in ps7_cortexa9_0/libsrc/devcfg_v3_7/src"

TRACE::2025-03-11.14:11:17::SCWBDomain::make -C ps7_cortexa9_0/libsrc/devcfg_v3_7/src -s include  "SHELL=CMD" "COMPILER=arm-none-eabi-gcc" "ASSEMBLER=arm-none-eabi-as"
TRACE::2025-03-11.14:11:17::SCWBDomain:: "ARCHIVER=arm-none-eabi-ar" "COMPILER_FLAGS=  -O2 -c" "EXTRA_COMPILER_FLAGS=-mcpu=cortex-a9 -mfpu=vfpv3 -mfloat-abi=hard -nost
TRACE::2025-03-11.14:11:17::SCWBDomain::artfiles -g -Wall -Wextra -fno-tree-loop-distribute-patterns"

TRACE::2025-03-11.14:11:17::SCWBDomain::"Running Make include in ps7_cortexa9_0/libsrc/dmaps_v2_8/src"

TRACE::2025-03-11.14:11:17::SCWBDomain::make -C ps7_cortexa9_0/libsrc/dmaps_v2_8/src -s include  "SHELL=CMD" "COMPILER=arm-none-eabi-gcc" "ASSEMBLER=arm-none-eabi-as" 
TRACE::2025-03-11.14:11:17::SCWBDomain::"ARCHIVER=arm-none-eabi-ar" "COMPILER_FLAGS=  -O2 -c" "EXTRA_COMPILER_FLAGS=-mcpu=cortex-a9 -mfpu=vfpv3 -mfloat-abi=hard -nosta
TRACE::2025-03-11.14:11:17::SCWBDomain::rtfiles -g -Wall -Wextra -fno-tree-loop-distribute-patterns"

TRACE::2025-03-11.14:11:17::SCWBDomain::"Running Make include in ps7_cortexa9_0/libsrc/gpiops_v3_11/src"

TRACE::2025-03-11.14:11:17::SCWBDomain::make -C ps7_cortexa9_0/libsrc/gpiops_v3_11/src -s include  "SHELL=CMD" "COMPILER=arm-none-eabi-gcc" "ASSEMBLER=arm-none-eabi-as
TRACE::2025-03-11.14:11:17::SCWBDomain::" "ARCHIVER=arm-none-eabi-ar" "COMPILER_FLAGS=  -O2 -c" "EXTRA_COMPILER_FLAGS=-mcpu=cortex-a9 -mfpu=vfpv3 -mfloat-abi=hard -nos
TRACE::2025-03-11.14:11:17::SCWBDomain::tartfiles -g -Wall -Wextra -fno-tree-loop-distribute-patterns"

TRACE::2025-03-11.14:11:17::SCWBDomain::"Running Make include in ps7_cortexa9_0/libsrc/scugic_v5_1/src"

TRACE::2025-03-11.14:11:17::SCWBDomain::make -C ps7_cortexa9_0/libsrc/scugic_v5_1/src -s include  "SHELL=CMD" "COMPILER=arm-none-eabi-gcc" "ASSEMBLER=arm-none-eabi-as"
TRACE::2025-03-11.14:11:17::SCWBDomain:: "ARCHIVER=arm-none-eabi-ar" "COMPILER_FLAGS=  -O2 -c" "EXTRA_COMPILER_FLAGS=-mcpu=cortex-a9 -mfpu=vfpv3 -mfloat-abi=hard -nost
TRACE::2025-03-11.14:11:17::SCWBDomain::artfiles -g -Wall -Wextra -fno-tree-loop-distribute-patterns"

TRACE::2025-03-11.14:11:17::SCWBDomain::"Running Make include in ps7_cortexa9_0/libsrc/scutimer_v2_4/src"

TRACE::2025-03-11.14:11:17::SCWBDomain::make -C ps7_cortexa9_0/libsrc/scutimer_v2_4/src -s include  "SHELL=CMD" "COMPILER=arm-none-eabi-gcc" "ASSEMBLER=arm-none-eabi-a
TRACE::2025-03-11.14:11:17::SCWBDomain::s" "ARCHIVER=arm-none-eabi-ar" "COMPILER_FLAGS=  -O2 -c" "EXTRA_COMPILER_FLAGS=-mcpu=cortex-a9 -mfpu=vfpv3 -mfloat-abi=hard -no
TRACE::2025-03-11.14:11:17::SCWBDomain::startfiles -g -Wall -Wextra -fno-tree-loop-distribute-patterns"

TRACE::2025-03-11.14:11:17::SCWBDomain::"Running Make include in ps7_cortexa9_0/libsrc/scuwdt_v2_4/src"

TRACE::2025-03-11.14:11:17::SCWBDomain::make -C ps7_cortexa9_0/libsrc/scuwdt_v2_4/src -s include  "SHELL=CMD" "COMPILER=arm-none-eabi-gcc" "ASSEMBLER=arm-none-eabi-as"
TRACE::2025-03-11.14:11:17::SCWBDomain:: "ARCHIVER=arm-none-eabi-ar" "COMPILER_FLAGS=  -O2 -c" "EXTRA_COMPILER_FLAGS=-mcpu=cortex-a9 -mfpu=vfpv3 -mfloat-abi=hard -nost
TRACE::2025-03-11.14:11:17::SCWBDomain::artfiles -g -Wall -Wextra -fno-tree-loop-distribute-patterns"

TRACE::2025-03-11.14:11:17::SCWBDomain::"Running Make include in ps7_cortexa9_0/libsrc/standalone_v8_1/src"

TRACE::2025-03-11.14:11:17::SCWBDomain::make -C ps7_cortexa9_0/libsrc/standalone_v8_1/src -s include  "SHELL=CMD" "COMPILER=arm-none-eabi-gcc" "ASSEMBLER=arm-none-eabi
TRACE::2025-03-11.14:11:17::SCWBDomain::-as" "ARCHIVER=arm-none-eabi-ar" "COMPILER_FLAGS=  -O2 -c" "EXTRA_COMPILER_FLAGS=-mcpu=cortex-a9 -mfpu=vfpv3 -mfloat-abi=hard -
TRACE::2025-03-11.14:11:17::SCWBDomain::nostartfiles -g -Wall -Wextra -fno-tree-loop-distribute-patterns"

TRACE::2025-03-11.14:11:17::SCWBDomain::"Running Make include in ps7_cortexa9_0/libsrc/uartps_v3_12/src"

TRACE::2025-03-11.14:11:17::SCWBDomain::make -C ps7_cortexa9_0/libsrc/uartps_v3_12/src -s include  "SHELL=CMD" "COMPILER=arm-none-eabi-gcc" "ASSEMBLER=arm-none-eabi-as
TRACE::2025-03-11.14:11:17::SCWBDomain::" "ARCHIVER=arm-none-eabi-ar" "COMPILER_FLAGS=  -O2 -c" "EXTRA_COMPILER_FLAGS=-mcpu=cortex-a9 -mfpu=vfpv3 -mfloat-abi=hard -nos
TRACE::2025-03-11.14:11:17::SCWBDomain::tartfiles -g -Wall -Wextra -fno-tree-loop-distribute-patterns"

TRACE::2025-03-11.14:11:17::SCWBDomain::"Running Make include in ps7_cortexa9_0/libsrc/xadcps_v2_6/src"

TRACE::2025-03-11.14:11:17::SCWBDomain::make -C ps7_cortexa9_0/libsrc/xadcps_v2_6/src -s include  "SHELL=CMD" "COMPILER=arm-none-eabi-gcc" "ASSEMBLER=arm-none-eabi-as"
TRACE::2025-03-11.14:11:17::SCWBDomain:: "ARCHIVER=arm-none-eabi-ar" "COMPILER_FLAGS=  -O2 -c" "EXTRA_COMPILER_FLAGS=-mcpu=cortex-a9 -mfpu=vfpv3 -mfloat-abi=hard -nost
TRACE::2025-03-11.14:11:17::SCWBDomain::artfiles -g -Wall -Wextra -fno-tree-loop-distribute-patterns"

TRACE::2025-03-11.14:11:17::SCWBDomain::"Running Make include in ps7_cortexa9_0/libsrc/xilffs_v5_0/src"

TRACE::2025-03-11.14:11:17::SCWBDomain::make -C ps7_cortexa9_0/libsrc/xilffs_v5_0/src -s include  "SHELL=CMD" "COMPILER=arm-none-eabi-gcc" "ASSEMBLER=arm-none-eabi-as"
TRACE::2025-03-11.14:11:17::SCWBDomain:: "ARCHIVER=arm-none-eabi-ar" "COMPILER_FLAGS=  -O2 -c" "EXTRA_COMPILER_FLAGS=-mcpu=cortex-a9 -mfpu=vfpv3 -mfloat-abi=hard -nost
TRACE::2025-03-11.14:11:17::SCWBDomain::artfiles -g -Wall -Wextra -fno-tree-loop-distribute-patterns"

TRACE::2025-03-11.14:11:17::SCWBDomain::"Running Make include in ps7_cortexa9_0/libsrc/xilrsa_v1_6/src"

TRACE::2025-03-11.14:11:17::SCWBDomain::make -C ps7_cortexa9_0/libsrc/xilrsa_v1_6/src -s include  "SHELL=CMD" "COMPILER=arm-none-eabi-gcc" "ASSEMBLER=arm-none-eabi-as"
TRACE::2025-03-11.14:11:17::SCWBDomain:: "ARCHIVER=arm-none-eabi-ar" "COMPILER_FLAGS=  -O2 -c" "EXTRA_COMPILER_FLAGS=-mcpu=cortex-a9 -mfpu=vfpv3 -mfloat-abi=hard -nost
TRACE::2025-03-11.14:11:17::SCWBDomain::artfiles -g -Wall -Wextra -fno-tree-loop-distribute-patterns"

TRACE::2025-03-11.14:11:17::SCWBDomain::"Running Make libs in ps7_cortexa9_0/libsrc/bram_v4_8/src"

TRACE::2025-03-11.14:11:17::SCWBDomain::make -C ps7_cortexa9_0/libsrc/bram_v4_8/src -s libs  "SHELL=CMD" "COMPILER=arm-none-eabi-gcc" "ASSEMBLER=arm-none-eabi-as" "ARC
TRACE::2025-03-11.14:11:17::SCWBDomain::HIVER=arm-none-eabi-ar" "COMPILER_FLAGS=  -O2 -c" "EXTRA_COMPILER_FLAGS=-mcpu=cortex-a9 -mfpu=vfpv3 -mfloat-abi=hard -nostartfi
TRACE::2025-03-11.14:11:17::SCWBDomain::les -g -Wall -Wextra -fno-tree-loop-distribute-patterns"

TRACE::2025-03-11.14:11:17::SCWBDomain::"Running Make libs in ps7_cortexa9_0/libsrc/coresightps_dcc_v1_8/src"

TRACE::2025-03-11.14:11:17::SCWBDomain::make -C ps7_cortexa9_0/libsrc/coresightps_dcc_v1_8/src -s libs  "SHELL=CMD" "COMPILER=arm-none-eabi-gcc" "ASSEMBLER=arm-none-ea
TRACE::2025-03-11.14:11:17::SCWBDomain::bi-as" "ARCHIVER=arm-none-eabi-ar" "COMPILER_FLAGS=  -O2 -c" "EXTRA_COMPILER_FLAGS=-mcpu=cortex-a9 -mfpu=vfpv3 -mfloat-abi=hard
TRACE::2025-03-11.14:11:17::SCWBDomain:: -nostartfiles -g -Wall -Wextra -fno-tree-loop-distribute-patterns"

TRACE::2025-03-11.14:11:17::SCWBDomain::"Running Make libs in ps7_cortexa9_0/libsrc/cpu_cortexa9_v2_11/src"

TRACE::2025-03-11.14:11:17::SCWBDomain::make -C ps7_cortexa9_0/libsrc/cpu_cortexa9_v2_11/src -s libs  "SHELL=CMD" "COMPILER=arm-none-eabi-gcc" "ASSEMBLER=arm-none-eabi
TRACE::2025-03-11.14:11:17::SCWBDomain::-as" "ARCHIVER=arm-none-eabi-ar" "COMPILER_FLAGS=  -O2 -c" "EXTRA_COMPILER_FLAGS=-mcpu=cortex-a9 -mfpu=vfpv3 -mfloat-abi=hard -
TRACE::2025-03-11.14:11:17::SCWBDomain::nostartfiles -g -Wall -Wextra -fno-tree-loop-distribute-patterns"

TRACE::2025-03-11.14:11:17::SCWBDomain::"Running Make libs in ps7_cortexa9_0/libsrc/ddrps_v1_2/src"

TRACE::2025-03-11.14:11:17::SCWBDomain::make -C ps7_cortexa9_0/libsrc/ddrps_v1_2/src -s libs  "SHELL=CMD" "COMPILER=arm-none-eabi-gcc" "ASSEMBLER=arm-none-eabi-as" "AR
TRACE::2025-03-11.14:11:17::SCWBDomain::CHIVER=arm-none-eabi-ar" "COMPILER_FLAGS=  -O2 -c" "EXTRA_COMPILER_FLAGS=-mcpu=cortex-a9 -mfpu=vfpv3 -mfloat-abi=hard -nostartf
TRACE::2025-03-11.14:11:17::SCWBDomain::iles -g -Wall -Wextra -fno-tree-loop-distribute-patterns"

TRACE::2025-03-11.14:11:17::SCWBDomain::"Running Make libs in ps7_cortexa9_0/libsrc/devcfg_v3_7/src"

TRACE::2025-03-11.14:11:17::SCWBDomain::make -C ps7_cortexa9_0/libsrc/devcfg_v3_7/src -s libs  "SHELL=CMD" "COMPILER=arm-none-eabi-gcc" "ASSEMBLER=arm-none-eabi-as" "A
TRACE::2025-03-11.14:11:17::SCWBDomain::RCHIVER=arm-none-eabi-ar" "COMPILER_FLAGS=  -O2 -c" "EXTRA_COMPILER_FLAGS=-mcpu=cortex-a9 -mfpu=vfpv3 -mfloat-abi=hard -nostart
TRACE::2025-03-11.14:11:17::SCWBDomain::files -g -Wall -Wextra -fno-tree-loop-distribute-patterns"

TRACE::2025-03-11.14:11:17::SCWBDomain::"Running Make libs in ps7_cortexa9_0/libsrc/dmaps_v2_8/src"

TRACE::2025-03-11.14:11:17::SCWBDomain::make -C ps7_cortexa9_0/libsrc/dmaps_v2_8/src -s libs  "SHELL=CMD" "COMPILER=arm-none-eabi-gcc" "ASSEMBLER=arm-none-eabi-as" "AR
TRACE::2025-03-11.14:11:17::SCWBDomain::CHIVER=arm-none-eabi-ar" "COMPILER_FLAGS=  -O2 -c" "EXTRA_COMPILER_FLAGS=-mcpu=cortex-a9 -mfpu=vfpv3 -mfloat-abi=hard -nostartf
TRACE::2025-03-11.14:11:17::SCWBDomain::iles -g -Wall -Wextra -fno-tree-loop-distribute-patterns"

TRACE::2025-03-11.14:11:17::SCWBDomain::"Running Make libs in ps7_cortexa9_0/libsrc/gpiops_v3_11/src"

TRACE::2025-03-11.14:11:17::SCWBDomain::make -C ps7_cortexa9_0/libsrc/gpiops_v3_11/src -s libs  "SHELL=CMD" "COMPILER=arm-none-eabi-gcc" "ASSEMBLER=arm-none-eabi-as" "
TRACE::2025-03-11.14:11:17::SCWBDomain::ARCHIVER=arm-none-eabi-ar" "COMPILER_FLAGS=  -O2 -c" "EXTRA_COMPILER_FLAGS=-mcpu=cortex-a9 -mfpu=vfpv3 -mfloat-abi=hard -nostar
TRACE::2025-03-11.14:11:17::SCWBDomain::tfiles -g -Wall -Wextra -fno-tree-loop-distribute-patterns"

TRACE::2025-03-11.14:11:18::SCWBDomain::"Running Make libs in ps7_cortexa9_0/libsrc/scugic_v5_1/src"

TRACE::2025-03-11.14:11:18::SCWBDomain::make -C ps7_cortexa9_0/libsrc/scugic_v5_1/src -s libs  "SHELL=CMD" "COMPILER=arm-none-eabi-gcc" "ASSEMBLER=arm-none-eabi-as" "A
TRACE::2025-03-11.14:11:18::SCWBDomain::RCHIVER=arm-none-eabi-ar" "COMPILER_FLAGS=  -O2 -c" "EXTRA_COMPILER_FLAGS=-mcpu=cortex-a9 -mfpu=vfpv3 -mfloat-abi=hard -nostart
TRACE::2025-03-11.14:11:18::SCWBDomain::files -g -Wall -Wextra -fno-tree-loop-distribute-patterns"

TRACE::2025-03-11.14:11:18::SCWBDomain::"Running Make libs in ps7_cortexa9_0/libsrc/scutimer_v2_4/src"

TRACE::2025-03-11.14:11:18::SCWBDomain::make -C ps7_cortexa9_0/libsrc/scutimer_v2_4/src -s libs  "SHELL=CMD" "COMPILER=arm-none-eabi-gcc" "ASSEMBLER=arm-none-eabi-as" 
TRACE::2025-03-11.14:11:18::SCWBDomain::"ARCHIVER=arm-none-eabi-ar" "COMPILER_FLAGS=  -O2 -c" "EXTRA_COMPILER_FLAGS=-mcpu=cortex-a9 -mfpu=vfpv3 -mfloat-abi=hard -nosta
TRACE::2025-03-11.14:11:18::SCWBDomain::rtfiles -g -Wall -Wextra -fno-tree-loop-distribute-patterns"

TRACE::2025-03-11.14:11:18::SCWBDomain::"Running Make libs in ps7_cortexa9_0/libsrc/scuwdt_v2_4/src"

TRACE::2025-03-11.14:11:18::SCWBDomain::make -C ps7_cortexa9_0/libsrc/scuwdt_v2_4/src -s libs  "SHELL=CMD" "COMPILER=arm-none-eabi-gcc" "ASSEMBLER=arm-none-eabi-as" "A
TRACE::2025-03-11.14:11:18::SCWBDomain::RCHIVER=arm-none-eabi-ar" "COMPILER_FLAGS=  -O2 -c" "EXTRA_COMPILER_FLAGS=-mcpu=cortex-a9 -mfpu=vfpv3 -mfloat-abi=hard -nostart
TRACE::2025-03-11.14:11:18::SCWBDomain::files -g -Wall -Wextra -fno-tree-loop-distribute-patterns"

TRACE::2025-03-11.14:11:19::SCWBDomain::"Running Make libs in ps7_cortexa9_0/libsrc/standalone_v8_1/src"

TRACE::2025-03-11.14:11:19::SCWBDomain::make -C ps7_cortexa9_0/libsrc/standalone_v8_1/src -s libs  "SHELL=CMD" "COMPILER=arm-none-eabi-gcc" "ASSEMBLER=arm-none-eabi-as
TRACE::2025-03-11.14:11:19::SCWBDomain::" "ARCHIVER=arm-none-eabi-ar" "COMPILER_FLAGS=  -O2 -c" "EXTRA_COMPILER_FLAGS=-mcpu=cortex-a9 -mfpu=vfpv3 -mfloat-abi=hard -nos
TRACE::2025-03-11.14:11:19::SCWBDomain::tartfiles -g -Wall -Wextra -fno-tree-loop-distribute-patterns"

TRACE::2025-03-11.14:11:19::SCWBDomain::"Running Make libs in ps7_cortexa9_0/libsrc/uartps_v3_12/src"

TRACE::2025-03-11.14:11:19::SCWBDomain::make -C ps7_cortexa9_0/libsrc/uartps_v3_12/src -s libs  "SHELL=CMD" "COMPILER=arm-none-eabi-gcc" "ASSEMBLER=arm-none-eabi-as" "
TRACE::2025-03-11.14:11:19::SCWBDomain::ARCHIVER=arm-none-eabi-ar" "COMPILER_FLAGS=  -O2 -c" "EXTRA_COMPILER_FLAGS=-mcpu=cortex-a9 -mfpu=vfpv3 -mfloat-abi=hard -nostar
TRACE::2025-03-11.14:11:19::SCWBDomain::tfiles -g -Wall -Wextra -fno-tree-loop-distribute-patterns"

TRACE::2025-03-11.14:11:19::SCWBDomain::"Running Make libs in ps7_cortexa9_0/libsrc/xadcps_v2_6/src"

TRACE::2025-03-11.14:11:19::SCWBDomain::make -C ps7_cortexa9_0/libsrc/xadcps_v2_6/src -s libs  "SHELL=CMD" "COMPILER=arm-none-eabi-gcc" "ASSEMBLER=arm-none-eabi-as" "A
TRACE::2025-03-11.14:11:19::SCWBDomain::RCHIVER=arm-none-eabi-ar" "COMPILER_FLAGS=  -O2 -c" "EXTRA_COMPILER_FLAGS=-mcpu=cortex-a9 -mfpu=vfpv3 -mfloat-abi=hard -nostart
TRACE::2025-03-11.14:11:19::SCWBDomain::files -g -Wall -Wextra -fno-tree-loop-distribute-patterns"

TRACE::2025-03-11.14:11:19::SCWBDomain::"Running Make libs in ps7_cortexa9_0/libsrc/xilffs_v5_0/src"

TRACE::2025-03-11.14:11:19::SCWBDomain::make -C ps7_cortexa9_0/libsrc/xilffs_v5_0/src -s libs  "SHELL=CMD" "COMPILER=arm-none-eabi-gcc" "ASSEMBLER=arm-none-eabi-as" "A
TRACE::2025-03-11.14:11:19::SCWBDomain::RCHIVER=arm-none-eabi-ar" "COMPILER_FLAGS=  -O2 -c" "EXTRA_COMPILER_FLAGS=-mcpu=cortex-a9 -mfpu=vfpv3 -mfloat-abi=hard -nostart
TRACE::2025-03-11.14:11:19::SCWBDomain::files -g -Wall -Wextra -fno-tree-loop-distribute-patterns"

TRACE::2025-03-11.14:11:21::SCWBDomain::'Finished building libraries parallelly.'

TRACE::2025-03-11.14:11:21::SCWBDomain::make --no-print-directory archive

TRACE::2025-03-11.14:11:21::SCWBDomain::arm-none-eabi-ar -r  ps7_cortexa9_0/lib/libxil.a ps7_cortexa9_0/lib/_exit.o ps7_cortexa9_0/lib/_open.o ps7_cortexa9_0/lib/_sbrk
TRACE::2025-03-11.14:11:21::SCWBDomain::.o ps7_cortexa9_0/lib/abort.o ps7_cortexa9_0/lib/asm_vectors.o ps7_cortexa9_0/lib/boot.o ps7_cortexa9_0/lib/close.o ps7_cortexa
TRACE::2025-03-11.14:11:21::SCWBDomain::9_0/lib/cpputest_time.o ps7_cortexa9_0/lib/cpu_init.o ps7_cortexa9_0/lib/errno.o ps7_cortexa9_0/lib/fcntl.o ps7_cortexa9_0/lib/
TRACE::2025-03-11.14:11:21::SCWBDomain::fstat.o ps7_cortexa9_0/lib/getentropy.o ps7_cortexa9_0/lib/getpid.o ps7_cortexa9_0/lib/inbyte.o ps7_cortexa9_0/lib/isatty.o ps7
TRACE::2025-03-11.14:11:21::SCWBDomain::_cortexa9_0/lib/kill.o ps7_cortexa9_0/lib/lseek.o ps7_cortexa9_0/lib/open.o ps7_cortexa9_0/lib/outbyte.o ps7_cortexa9_0/lib/pri
TRACE::2025-03-11.14:11:21::SCWBDomain::nt.o ps7_cortexa9_0/lib/putnum.o ps7_cortexa9_0/lib/read.o ps7_cortexa9_0/lib/sbrk.o ps7_cortexa9_0/lib/sleep.o ps7_cortexa9_0/
TRACE::2025-03-11.14:11:21::SCWBDomain::lib/time.o ps7_cortexa9_0/lib/translation_table.o ps7_cortexa9_0/lib/unlink.o ps7_cortexa9_0/lib/usleep.o ps7_cortexa9_0/lib/ve
TRACE::2025-03-11.14:11:21::SCWBDomain::ctors.o ps7_cortexa9_0/lib/write.o ps7_cortexa9_0/lib/xadcps.o ps7_cortexa9_0/lib/xadcps_g.o ps7_cortexa9_0/lib/xadcps_intr.o p
TRACE::2025-03-11.14:11:21::SCWBDomain::s7_cortexa9_0/lib/xadcps_selftest.o ps7_cortexa9_0/lib/xadcps_sinit.o ps7_cortexa9_0/lib/xbram.o ps7_cortexa9_0/lib/xbram_g.o p
TRACE::2025-03-11.14:11:21::SCWBDomain::s7_cortexa9_0/lib/xbram_intr.o ps7_cortexa9_0/lib/xbram_selftest.o ps7_cortexa9_0/lib/xbram_sinit.o ps7_cortexa9_0/lib/xcoresig
TRACE::2025-03-11.14:11:21::SCWBDomain::htpsdcc.o ps7_cortexa9_0/lib/xdevcfg.o ps7_cortexa9_0/lib/xdevcfg_g.o ps7_cortexa9_0/lib/xdevcfg_hw.o ps7_cortexa9_0/lib/xdevcf
TRACE::2025-03-11.14:11:21::SCWBDomain::g_intr.o ps7_cortexa9_0/lib/xdevcfg_selftest.o ps7_cortexa9_0/lib/xdevcfg_sinit.o ps7_cortexa9_0/lib/xdmaps.o ps7_cortexa9_0/li
TRACE::2025-03-11.14:11:21::SCWBDomain::b/xdmaps_g.o ps7_cortexa9_0/lib/xdmaps_hw.o ps7_cortexa9_0/lib/xdmaps_selftest.o ps7_cortexa9_0/lib/xdmaps_sinit.o ps7_cortexa9
TRACE::2025-03-11.14:11:21::SCWBDomain::_0/lib/xgpiops.o ps7_cortexa9_0/lib/xgpiops_g.o ps7_cortexa9_0/lib/xgpiops_hw.o ps7_cortexa9_0/lib/xgpiops_intr.o ps7_cortexa9_
TRACE::2025-03-11.14:11:21::SCWBDomain::0/lib/xgpiops_selftest.o ps7_cortexa9_0/lib/xgpiops_sinit.o ps7_cortexa9_0/lib/xil-crt0.o ps7_cortexa9_0/lib/xil_assert.o ps7_c
TRACE::2025-03-11.14:11:21::SCWBDomain::ortexa9_0/lib/xil_cache.o ps7_cortexa9_0/lib/xil_clocking.o ps7_cortexa9_0/lib/xil_exception.o ps7_cortexa9_0/lib/xil_mem.o ps7
TRACE::2025-03-11.14:11:21::SCWBDomain::_cortexa9_0/lib/xil_misc_psreset_api.o ps7_cortexa9_0/lib/xil_mmu.o ps7_cortexa9_0/lib/xil_printf.o ps7_cortexa9_0/lib/xil_slee
TRACE::2025-03-11.14:11:21::SCWBDomain::pcommon.o ps7_cortexa9_0/lib/xil_sleeptimer.o ps7_cortexa9_0/lib/xil_spinlock.o ps7_cortexa9_0/lib/xil_testcache.o ps7_cortexa9
TRACE::2025-03-11.14:11:21::SCWBDomain::_0/lib/xil_testio.o ps7_cortexa9_0/lib/xil_testmem.o ps7_cortexa9_0/lib/xil_util.o ps7_cortexa9_0/lib/xinterrupt_wrap.o ps7_cor
TRACE::2025-03-11.14:11:21::SCWBDomain::texa9_0/lib/xl2cc_counter.o ps7_cortexa9_0/lib/xplatform_info.o ps7_cortexa9_0/lib/xpm_counter.o ps7_cortexa9_0/lib/xscugic.o p
TRACE::2025-03-11.14:11:21::SCWBDomain::s7_cortexa9_0/lib/xscugic_g.o ps7_cortexa9_0/lib/xscugic_hw.o ps7_cortexa9_0/lib/xscugic_intr.o ps7_cortexa9_0/lib/xscugic_self
TRACE::2025-03-11.14:11:21::SCWBDomain::test.o ps7_cortexa9_0/lib/xscugic_sinit.o ps7_cortexa9_0/lib/xscutimer.o ps7_cortexa9_0/lib/xscutimer_g.o ps7_cortexa9_0/lib/xs
TRACE::2025-03-11.14:11:21::SCWBDomain::cutimer_selftest.o ps7_cortexa9_0/lib/xscutimer_sinit.o ps7_cortexa9_0/lib/xscuwdt.o ps7_cortexa9_0/lib/xscuwdt_g.o ps7_cortexa
TRACE::2025-03-11.14:11:21::SCWBDomain::9_0/lib/xscuwdt_selftest.o ps7_cortexa9_0/lib/xscuwdt_sinit.o ps7_cortexa9_0/lib/xtime_l.o ps7_cortexa9_0/lib/xuartps.o ps7_cor
TRACE::2025-03-11.14:11:21::SCWBDomain::texa9_0/lib/xuartps_g.o ps7_cortexa9_0/lib/xuartps_hw.o ps7_cortexa9_0/lib/xuartps_intr.o ps7_cortexa9_0/lib/xuartps_options.o 
TRACE::2025-03-11.14:11:21::SCWBDomain::ps7_cortexa9_0/lib/xuartps_selftest.o ps7_cortexa9_0/lib/xuartps_sinit.o

TRACE::2025-03-11.14:11:21::SCWBDomain::'Finished building libraries'

TRACE::2025-03-11.14:11:21::SCWBDomain::make: Leaving directory 'C:/Users/junoh/vivado23/DSD25_Termprj/00_RTL_Skeleton/workspace/design_1_wrapper/zynq_fsbl/zynq_fsbl_b
TRACE::2025-03-11.14:11:21::SCWBDomain::sp'

TRACE::2025-03-11.14:11:21::SCWBDomain::arm-none-eabi-gcc  -O2 -c -MMD -MP       -mcpu=cortex-a9 -mfpu=vfpv3 -mfloat-abi=hard  -c sd.c -o sd.o -Izynq_fsbl_bsp/ps7_cort
TRACE::2025-03-11.14:11:21::SCWBDomain::exa9_0/include -I.

TRACE::2025-03-11.14:11:21::SCWBDomain::arm-none-eabi-gcc  -O2 -c -MMD -MP       -mcpu=cortex-a9 -mfpu=vfpv3 -mfloat-abi=hard  -c nand.c -o nand.o -Izynq_fsbl_bsp/ps7_
TRACE::2025-03-11.14:11:21::SCWBDomain::cortexa9_0/include -I.

TRACE::2025-03-11.14:11:21::SCWBDomain::arm-none-eabi-gcc  -O2 -c -MMD -MP       -mcpu=cortex-a9 -mfpu=vfpv3 -mfloat-abi=hard  -c image_mover.c -o image_mover.o -Izynq
TRACE::2025-03-11.14:11:21::SCWBDomain::_fsbl_bsp/ps7_cortexa9_0/include -I.

TRACE::2025-03-11.14:11:21::SCWBDomain::arm-none-eabi-gcc  -O2 -c -MMD -MP       -mcpu=cortex-a9 -mfpu=vfpv3 -mfloat-abi=hard  -c md5.c -o md5.o -Izynq_fsbl_bsp/ps7_co
TRACE::2025-03-11.14:11:21::SCWBDomain::rtexa9_0/include -I.

TRACE::2025-03-11.14:11:22::SCWBDomain::arm-none-eabi-gcc  -O2 -c -MMD -MP       -mcpu=cortex-a9 -mfpu=vfpv3 -mfloat-abi=hard  -c fsbl_hooks.c -o fsbl_hooks.o -Izynq_f
TRACE::2025-03-11.14:11:22::SCWBDomain::sbl_bsp/ps7_cortexa9_0/include -I.

TRACE::2025-03-11.14:11:22::SCWBDomain::arm-none-eabi-gcc  -O2 -c -MMD -MP       -mcpu=cortex-a9 -mfpu=vfpv3 -mfloat-abi=hard  -c main.c -o main.o -Izynq_fsbl_bsp/ps7_
TRACE::2025-03-11.14:11:22::SCWBDomain::cortexa9_0/include -I.

TRACE::2025-03-11.14:11:22::SCWBDomain::arm-none-eabi-gcc  -O2 -c -MMD -MP       -mcpu=cortex-a9 -mfpu=vfpv3 -mfloat-abi=hard  -c rsa.c -o rsa.o -Izynq_fsbl_bsp/ps7_co
TRACE::2025-03-11.14:11:22::SCWBDomain::rtexa9_0/include -I.

TRACE::2025-03-11.14:11:22::SCWBDomain::arm-none-eabi-gcc  -O2 -c -MMD -MP       -mcpu=cortex-a9 -mfpu=vfpv3 -mfloat-abi=hard  -c nor.c -o nor.o -Izynq_fsbl_bsp/ps7_co
TRACE::2025-03-11.14:11:22::SCWBDomain::rtexa9_0/include -I.

TRACE::2025-03-11.14:11:22::SCWBDomain::arm-none-eabi-gcc  -O2 -c -MMD -MP       -mcpu=cortex-a9 -mfpu=vfpv3 -mfloat-abi=hard  -c qspi.c -o qspi.o -Izynq_fsbl_bsp/ps7_
TRACE::2025-03-11.14:11:22::SCWBDomain::cortexa9_0/include -I.

TRACE::2025-03-11.14:11:22::SCWBDomain::arm-none-eabi-gcc  -O2 -c -MMD -MP       -mcpu=cortex-a9 -mfpu=vfpv3 -mfloat-abi=hard  -c ps7_init.c -o ps7_init.o -Izynq_fsbl_
TRACE::2025-03-11.14:11:22::SCWBDomain::bsp/ps7_cortexa9_0/include -I.

TRACE::2025-03-11.14:11:22::SCWBDomain::arm-none-eabi-gcc  -O2 -c -MMD -MP       -mcpu=cortex-a9 -mfpu=vfpv3 -mfloat-abi=hard  -c pcap.c -o pcap.o -Izynq_fsbl_bsp/ps7_
TRACE::2025-03-11.14:11:22::SCWBDomain::cortexa9_0/include -I.

TRACE::2025-03-11.14:11:22::SCWBDomain::arm-none-eabi-gcc  -O2 -c -MMD -MP       -mcpu=cortex-a9 -mfpu=vfpv3 -mfloat-abi=hard  -c fsbl_handoff.S -o fsbl_handoff.o -Izy
TRACE::2025-03-11.14:11:22::SCWBDomain::nq_fsbl_bsp/ps7_cortexa9_0/include -I.

TRACE::2025-03-11.14:11:23::SCWBDomain::arm-none-eabi-gcc -o fsbl.elf fsbl_handoff.o fsbl_hooks.o image_mover.o main.o md5.o nand.o nor.o pcap.o ps7_init.o qspi.o rsa.
TRACE::2025-03-11.14:11:23::SCWBDomain::o sd.o -MMD -MP       -mcpu=cortex-a9 -mfpu=vfpv3 -mfloat-abi=hard   -mcpu=cortex-a9 -mfpu=vfpv3 -mfloat-abi=hard -Wl,-build-id
TRACE::2025-03-11.14:11:23::SCWBDomain::=none -specs=Xilinx.spec  -lrsa -Wl,--start-group,-lxil,-lgcc,-lc,--end-group -Wl,--start-group,-lxilffs,-lxil,-lgcc,-lc,--end-
TRACE::2025-03-11.14:11:23::SCWBDomain::group -Wl,--start-group,-lrsa,-lxil,-lgcc,-lc,--end-group                               -Wl,--gc-sections -Lzynq_fsbl_bsp/ps7_c
TRACE::2025-03-11.14:11:23::SCWBDomain::ortexa9_0/lib -L./ -Tlscript.ld

LOG::2025-03-11.14:11:23::SCWSystem::Checking the domain standalone_ps7_cortexa9_0
LOG::2025-03-11.14:11:23::SCWSystem::Not a boot domain 
LOG::2025-03-11.14:11:23::SCWSystem::Started Processing the domain standalone_ps7_cortexa9_0
TRACE::2025-03-11.14:11:23::SCWDomain::Generating domain artifcats
TRACE::2025-03-11.14:11:23::SCWMssOS::Generating standalone artifcats
TRACE::2025-03-11.14:11:23::SCWMssOS::Copying the qemu file from  C:/Users/junoh/vivado23/DSD25_Termprj/00_RTL_Skeleton/workspace/design_1_wrapper/resources/design_1_wrapper/standalone_ps7_cortexa9_0/qemu_args.txt To C:/Users/junoh/vivado23/DSD25_Termprj/00_RTL_Skeleton/workspace/design_1_wrapper/export/design_1_wrapper/sw/design_1_wrapper/qemu/
TRACE::2025-03-11.14:11:23::SCWMssOS::Copying the qemu file from  C:/Users/junoh/vivado23/DSD25_Termprj/00_RTL_Skeleton/workspace/design_1_wrapper/resources/design_1_wrapper/standalone_ps7_cortexa9_0/qemu_args.txt To C:/Users/junoh/vivado23/DSD25_Termprj/00_RTL_Skeleton/workspace/design_1_wrapper/export/design_1_wrapper/sw/design_1_wrapper/standalone_ps7_cortexa9_0/qemu/
TRACE::2025-03-11.14:11:23::SCWMssOS:: Copying the user libraries. 
TRACE::2025-03-11.14:11:23::SCWPlatform::Trying to open the hw design at C:/Users/junoh/vivado23/DSD25_Termprj/00_RTL_Skeleton/workspace/design_1_wrapper/hw/design_1_wrapper.xsa
TRACE::2025-03-11.14:11:23::SCWPlatform::DSA given C:/Users/junoh/vivado23/DSD25_Termprj/00_RTL_Skeleton/workspace/design_1_wrapper/hw/design_1_wrapper.xsa
TRACE::2025-03-11.14:11:23::SCWPlatform::DSA absoulate path C:/Users/junoh/vivado23/DSD25_Termprj/00_RTL_Skeleton/workspace/design_1_wrapper/hw/design_1_wrapper.xsa
TRACE::2025-03-11.14:11:23::SCWPlatform::DSA directory C:/Users/junoh/vivado23/DSD25_Termprj/00_RTL_Skeleton/workspace/design_1_wrapper/hw
TRACE::2025-03-11.14:11:23::SCWPlatform:: Platform Path C:/Users/junoh/vivado23/DSD25_Termprj/00_RTL_Skeleton/workspace/design_1_wrapper/hw/design_1_wrapper.xsa
TRACE::2025-03-11.14:11:23::SCWPlatform:: Unique name xilinx:zybo-z7-20::0.0
TRACE::2025-03-11.14:11:23::SCWPlatform::Trying to set the existing hwdb with name design_1_wrapper
TRACE::2025-03-11.14:11:23::SCWPlatform::Opened existing hwdb design_1_wrapper
TRACE::2025-03-11.14:11:23::SCWPlatform::Found the Hw Db part of the input DSA
TRACE::2025-03-11.14:11:23::SCWMssOS::Checking the sw design at  C:/Users/junoh/vivado23/DSD25_Termprj/00_RTL_Skeleton/workspace/design_1_wrapper/ps7_cortexa9_0/standalone_ps7_cortexa9_0/bsp/system.mss
TRACE::2025-03-11.14:11:23::SCWMssOS::DEBUG:  swdes dump  C:/Users/junoh/vivado23/DSD25_Termprj/00_RTL_Skeleton/workspace/design_1_wrapper/ps7_cortexa9_0/standalone_ps7_cortexa9_0/bsp/system.mss|system_0||
C:/Users/junoh/vivado23/DSD25_Termprj/00_RTL_Skeleton/workspace/design_1_wrapper/zynq_fsbl/zynq_fsbl_bsp/system.mss|system||

TRACE::2025-03-11.14:11:23::SCWMssOS::Sw design exists and opened at  C:/Users/junoh/vivado23/DSD25_Termprj/00_RTL_Skeleton/workspace/design_1_wrapper/ps7_cortexa9_0/standalone_ps7_cortexa9_0/bsp/system.mss
TRACE::2025-03-11.14:11:23::SCWMssOS::Completed writing the mss file at C:/Users/junoh/vivado23/DSD25_Termprj/00_RTL_Skeleton/workspace/design_1_wrapper/ps7_cortexa9_0/standalone_ps7_cortexa9_0/bsp
TRACE::2025-03-11.14:11:23::SCWMssOS::Mss edits present, copying mssfile into export location C:/Users/junoh/vivado23/DSD25_Termprj/00_RTL_Skeleton/workspace/design_1_wrapper/ps7_cortexa9_0/standalone_ps7_cortexa9_0/bsp/system.mss
TRACE::2025-03-11.14:11:23::SCWMssOS::bsp generated is upto date with the mss file. Skipping bsp generation.
TRACE::2025-03-11.14:11:23::SCWMssOS::BSP is already built. skipping the bsp build ... 
TRACE::2025-03-11.14:11:23::SCWDomain::Building the domain as part of full build :  standalone_ps7_cortexa9_0
TRACE::2025-03-11.14:11:23::SCWMssOS::doing bsp build ... 
TRACE::2025-03-11.14:11:23::SCWMssOS::System Command Ran  C: & cd  C:/Users/junoh/vivado23/DSD25_Termprj/00_RTL_Skeleton/workspace/design_1_wrapper/ps7_cortexa9_0/standalone_ps7_cortexa9_0/bsp & make 
TRACE::2025-03-11.14:11:23::SCWMssOS::make --no-print-directory seq_libs

TRACE::2025-03-11.14:11:23::SCWMssOS::'Finished building libraries sequentially.'

TRACE::2025-03-11.14:11:23::SCWMssOS::make -j 10 --no-print-directory par_libs

TRACE::2025-03-11.14:11:23::SCWMssOS::"Running Make include in ps7_cortexa9_0/libsrc/bram_v4_8/src"

TRACE::2025-03-11.14:11:23::SCWMssOS::make -C ps7_cortexa9_0/libsrc/bram_v4_8/src -s include  "SHELL=CMD" "COMPILER=arm-none-eabi-gcc" "ASSEMBLER=arm-none-eabi-as" "
TRACE::2025-03-11.14:11:23::SCWMssOS::ARCHIVER=arm-none-eabi-ar" "COMPILER_FLAGS=  -O2 -c" "EXTRA_COMPILER_FLAGS=-mcpu=cortex-a9 -mfpu=vfpv3 -mfloat-abi=hard -nostar
TRACE::2025-03-11.14:11:23::SCWMssOS::tfiles -g -Wall -Wextra -fno-tree-loop-distribute-patterns"

TRACE::2025-03-11.14:11:23::SCWMssOS::"Running Make include in ps7_cortexa9_0/libsrc/coresightps_dcc_v1_8/src"

TRACE::2025-03-11.14:11:23::SCWMssOS::make -C ps7_cortexa9_0/libsrc/coresightps_dcc_v1_8/src -s include  "SHELL=CMD" "COMPILER=arm-none-eabi-gcc" "ASSEMBLER=arm-none
TRACE::2025-03-11.14:11:23::SCWMssOS::-eabi-as" "ARCHIVER=arm-none-eabi-ar" "COMPILER_FLAGS=  -O2 -c" "EXTRA_COMPILER_FLAGS=-mcpu=cortex-a9 -mfpu=vfpv3 -mfloat-abi=h
TRACE::2025-03-11.14:11:23::SCWMssOS::ard -nostartfiles -g -Wall -Wextra -fno-tree-loop-distribute-patterns"

TRACE::2025-03-11.14:11:23::SCWMssOS::"Running Make include in ps7_cortexa9_0/libsrc/cpu_cortexa9_v2_11/src"

TRACE::2025-03-11.14:11:23::SCWMssOS::make -C ps7_cortexa9_0/libsrc/cpu_cortexa9_v2_11/src -s include  "SHELL=CMD" "COMPILER=arm-none-eabi-gcc" "ASSEMBLER=arm-none-e
TRACE::2025-03-11.14:11:23::SCWMssOS::abi-as" "ARCHIVER=arm-none-eabi-ar" "COMPILER_FLAGS=  -O2 -c" "EXTRA_COMPILER_FLAGS=-mcpu=cortex-a9 -mfpu=vfpv3 -mfloat-abi=har
TRACE::2025-03-11.14:11:23::SCWMssOS::d -nostartfiles -g -Wall -Wextra -fno-tree-loop-distribute-patterns"

TRACE::2025-03-11.14:11:23::SCWMssOS::"Running Make include in ps7_cortexa9_0/libsrc/ddrps_v1_2/src"

TRACE::2025-03-11.14:11:23::SCWMssOS::make -C ps7_cortexa9_0/libsrc/ddrps_v1_2/src -s include  "SHELL=CMD" "COMPILER=arm-none-eabi-gcc" "ASSEMBLER=arm-none-eabi-as" 
TRACE::2025-03-11.14:11:23::SCWMssOS::"ARCHIVER=arm-none-eabi-ar" "COMPILER_FLAGS=  -O2 -c" "EXTRA_COMPILER_FLAGS=-mcpu=cortex-a9 -mfpu=vfpv3 -mfloat-abi=hard -nosta
TRACE::2025-03-11.14:11:23::SCWMssOS::rtfiles -g -Wall -Wextra -fno-tree-loop-distribute-patterns"

TRACE::2025-03-11.14:11:23::SCWMssOS::"Running Make include in ps7_cortexa9_0/libsrc/devcfg_v3_7/src"

TRACE::2025-03-11.14:11:23::SCWMssOS::make -C ps7_cortexa9_0/libsrc/devcfg_v3_7/src -s include  "SHELL=CMD" "COMPILER=arm-none-eabi-gcc" "ASSEMBLER=arm-none-eabi-as"
TRACE::2025-03-11.14:11:23::SCWMssOS:: "ARCHIVER=arm-none-eabi-ar" "COMPILER_FLAGS=  -O2 -c" "EXTRA_COMPILER_FLAGS=-mcpu=cortex-a9 -mfpu=vfpv3 -mfloat-abi=hard -nost
TRACE::2025-03-11.14:11:23::SCWMssOS::artfiles -g -Wall -Wextra -fno-tree-loop-distribute-patterns"

TRACE::2025-03-11.14:11:23::SCWMssOS::"Running Make include in ps7_cortexa9_0/libsrc/dmaps_v2_8/src"

TRACE::2025-03-11.14:11:23::SCWMssOS::make -C ps7_cortexa9_0/libsrc/dmaps_v2_8/src -s include  "SHELL=CMD" "COMPILER=arm-none-eabi-gcc" "ASSEMBLER=arm-none-eabi-as" 
TRACE::2025-03-11.14:11:23::SCWMssOS::"ARCHIVER=arm-none-eabi-ar" "COMPILER_FLAGS=  -O2 -c" "EXTRA_COMPILER_FLAGS=-mcpu=cortex-a9 -mfpu=vfpv3 -mfloat-abi=hard -nosta
TRACE::2025-03-11.14:11:23::SCWMssOS::rtfiles -g -Wall -Wextra -fno-tree-loop-distribute-patterns"

TRACE::2025-03-11.14:11:23::SCWMssOS::"Running Make include in ps7_cortexa9_0/libsrc/gpiops_v3_11/src"

TRACE::2025-03-11.14:11:23::SCWMssOS::make -C ps7_cortexa9_0/libsrc/gpiops_v3_11/src -s include  "SHELL=CMD" "COMPILER=arm-none-eabi-gcc" "ASSEMBLER=arm-none-eabi-as
TRACE::2025-03-11.14:11:23::SCWMssOS::" "ARCHIVER=arm-none-eabi-ar" "COMPILER_FLAGS=  -O2 -c" "EXTRA_COMPILER_FLAGS=-mcpu=cortex-a9 -mfpu=vfpv3 -mfloat-abi=hard -nos
TRACE::2025-03-11.14:11:23::SCWMssOS::tartfiles -g -Wall -Wextra -fno-tree-loop-distribute-patterns"

TRACE::2025-03-11.14:11:23::SCWMssOS::"Running Make include in ps7_cortexa9_0/libsrc/scugic_v5_1/src"

TRACE::2025-03-11.14:11:23::SCWMssOS::make -C ps7_cortexa9_0/libsrc/scugic_v5_1/src -s include  "SHELL=CMD" "COMPILER=arm-none-eabi-gcc" "ASSEMBLER=arm-none-eabi-as"
TRACE::2025-03-11.14:11:23::SCWMssOS:: "ARCHIVER=arm-none-eabi-ar" "COMPILER_FLAGS=  -O2 -c" "EXTRA_COMPILER_FLAGS=-mcpu=cortex-a9 -mfpu=vfpv3 -mfloat-abi=hard -nost
TRACE::2025-03-11.14:11:23::SCWMssOS::artfiles -g -Wall -Wextra -fno-tree-loop-distribute-patterns"

TRACE::2025-03-11.14:11:23::SCWMssOS::"Running Make include in ps7_cortexa9_0/libsrc/scutimer_v2_4/src"

TRACE::2025-03-11.14:11:23::SCWMssOS::make -C ps7_cortexa9_0/libsrc/scutimer_v2_4/src -s include  "SHELL=CMD" "COMPILER=arm-none-eabi-gcc" "ASSEMBLER=arm-none-eabi-a
TRACE::2025-03-11.14:11:23::SCWMssOS::s" "ARCHIVER=arm-none-eabi-ar" "COMPILER_FLAGS=  -O2 -c" "EXTRA_COMPILER_FLAGS=-mcpu=cortex-a9 -mfpu=vfpv3 -mfloat-abi=hard -no
TRACE::2025-03-11.14:11:23::SCWMssOS::startfiles -g -Wall -Wextra -fno-tree-loop-distribute-patterns"

TRACE::2025-03-11.14:11:23::SCWMssOS::"Running Make include in ps7_cortexa9_0/libsrc/scuwdt_v2_4/src"

TRACE::2025-03-11.14:11:23::SCWMssOS::make -C ps7_cortexa9_0/libsrc/scuwdt_v2_4/src -s include  "SHELL=CMD" "COMPILER=arm-none-eabi-gcc" "ASSEMBLER=arm-none-eabi-as"
TRACE::2025-03-11.14:11:23::SCWMssOS:: "ARCHIVER=arm-none-eabi-ar" "COMPILER_FLAGS=  -O2 -c" "EXTRA_COMPILER_FLAGS=-mcpu=cortex-a9 -mfpu=vfpv3 -mfloat-abi=hard -nost
TRACE::2025-03-11.14:11:23::SCWMssOS::artfiles -g -Wall -Wextra -fno-tree-loop-distribute-patterns"

TRACE::2025-03-11.14:11:23::SCWMssOS::"Running Make include in ps7_cortexa9_0/libsrc/standalone_v8_1/src"

TRACE::2025-03-11.14:11:23::SCWMssOS::make -C ps7_cortexa9_0/libsrc/standalone_v8_1/src -s include  "SHELL=CMD" "COMPILER=arm-none-eabi-gcc" "ASSEMBLER=arm-none-eabi
TRACE::2025-03-11.14:11:23::SCWMssOS::-as" "ARCHIVER=arm-none-eabi-ar" "COMPILER_FLAGS=  -O2 -c" "EXTRA_COMPILER_FLAGS=-mcpu=cortex-a9 -mfpu=vfpv3 -mfloat-abi=hard -
TRACE::2025-03-11.14:11:23::SCWMssOS::nostartfiles -g -Wall -Wextra -fno-tree-loop-distribute-patterns"

TRACE::2025-03-11.14:11:23::SCWMssOS::"Running Make include in ps7_cortexa9_0/libsrc/uartps_v3_12/src"

TRACE::2025-03-11.14:11:23::SCWMssOS::make -C ps7_cortexa9_0/libsrc/uartps_v3_12/src -s include  "SHELL=CMD" "COMPILER=arm-none-eabi-gcc" "ASSEMBLER=arm-none-eabi-as
TRACE::2025-03-11.14:11:23::SCWMssOS::" "ARCHIVER=arm-none-eabi-ar" "COMPILER_FLAGS=  -O2 -c" "EXTRA_COMPILER_FLAGS=-mcpu=cortex-a9 -mfpu=vfpv3 -mfloat-abi=hard -nos
TRACE::2025-03-11.14:11:23::SCWMssOS::tartfiles -g -Wall -Wextra -fno-tree-loop-distribute-patterns"

TRACE::2025-03-11.14:11:23::SCWMssOS::"Running Make include in ps7_cortexa9_0/libsrc/xadcps_v2_6/src"

TRACE::2025-03-11.14:11:23::SCWMssOS::make -C ps7_cortexa9_0/libsrc/xadcps_v2_6/src -s include  "SHELL=CMD" "COMPILER=arm-none-eabi-gcc" "ASSEMBLER=arm-none-eabi-as"
TRACE::2025-03-11.14:11:23::SCWMssOS:: "ARCHIVER=arm-none-eabi-ar" "COMPILER_FLAGS=  -O2 -c" "EXTRA_COMPILER_FLAGS=-mcpu=cortex-a9 -mfpu=vfpv3 -mfloat-abi=hard -nost
TRACE::2025-03-11.14:11:23::SCWMssOS::artfiles -g -Wall -Wextra -fno-tree-loop-distribute-patterns"

TRACE::2025-03-11.14:11:23::SCWMssOS::"Running Make libs in ps7_cortexa9_0/libsrc/bram_v4_8/src"

TRACE::2025-03-11.14:11:24::SCWMssOS::make -C ps7_cortexa9_0/libsrc/bram_v4_8/src -s libs  "SHELL=CMD" "COMPILER=arm-none-eabi-gcc" "ASSEMBLER=arm-none-eabi-as" "ARC
TRACE::2025-03-11.14:11:24::SCWMssOS::HIVER=arm-none-eabi-ar" "COMPILER_FLAGS=  -O2 -c" "EXTRA_COMPILER_FLAGS=-mcpu=cortex-a9 -mfpu=vfpv3 -mfloat-abi=hard -nostartfi
TRACE::2025-03-11.14:11:24::SCWMssOS::les -g -Wall -Wextra -fno-tree-loop-distribute-patterns"

TRACE::2025-03-11.14:11:24::SCWMssOS::"Running Make libs in ps7_cortexa9_0/libsrc/coresightps_dcc_v1_8/src"

TRACE::2025-03-11.14:11:24::SCWMssOS::make -C ps7_cortexa9_0/libsrc/coresightps_dcc_v1_8/src -s libs  "SHELL=CMD" "COMPILER=arm-none-eabi-gcc" "ASSEMBLER=arm-none-ea
TRACE::2025-03-11.14:11:24::SCWMssOS::bi-as" "ARCHIVER=arm-none-eabi-ar" "COMPILER_FLAGS=  -O2 -c" "EXTRA_COMPILER_FLAGS=-mcpu=cortex-a9 -mfpu=vfpv3 -mfloat-abi=hard
TRACE::2025-03-11.14:11:24::SCWMssOS:: -nostartfiles -g -Wall -Wextra -fno-tree-loop-distribute-patterns"

TRACE::2025-03-11.14:11:24::SCWMssOS::"Running Make libs in ps7_cortexa9_0/libsrc/cpu_cortexa9_v2_11/src"

TRACE::2025-03-11.14:11:24::SCWMssOS::make -C ps7_cortexa9_0/libsrc/cpu_cortexa9_v2_11/src -s libs  "SHELL=CMD" "COMPILER=arm-none-eabi-gcc" "ASSEMBLER=arm-none-eabi
TRACE::2025-03-11.14:11:24::SCWMssOS::-as" "ARCHIVER=arm-none-eabi-ar" "COMPILER_FLAGS=  -O2 -c" "EXTRA_COMPILER_FLAGS=-mcpu=cortex-a9 -mfpu=vfpv3 -mfloat-abi=hard -
TRACE::2025-03-11.14:11:24::SCWMssOS::nostartfiles -g -Wall -Wextra -fno-tree-loop-distribute-patterns"

TRACE::2025-03-11.14:11:24::SCWMssOS::"Running Make libs in ps7_cortexa9_0/libsrc/ddrps_v1_2/src"

TRACE::2025-03-11.14:11:24::SCWMssOS::make -C ps7_cortexa9_0/libsrc/ddrps_v1_2/src -s libs  "SHELL=CMD" "COMPILER=arm-none-eabi-gcc" "ASSEMBLER=arm-none-eabi-as" "AR
TRACE::2025-03-11.14:11:24::SCWMssOS::CHIVER=arm-none-eabi-ar" "COMPILER_FLAGS=  -O2 -c" "EXTRA_COMPILER_FLAGS=-mcpu=cortex-a9 -mfpu=vfpv3 -mfloat-abi=hard -nostartf
TRACE::2025-03-11.14:11:24::SCWMssOS::iles -g -Wall -Wextra -fno-tree-loop-distribute-patterns"

TRACE::2025-03-11.14:11:24::SCWMssOS::"Running Make libs in ps7_cortexa9_0/libsrc/devcfg_v3_7/src"

TRACE::2025-03-11.14:11:24::SCWMssOS::make -C ps7_cortexa9_0/libsrc/devcfg_v3_7/src -s libs  "SHELL=CMD" "COMPILER=arm-none-eabi-gcc" "ASSEMBLER=arm-none-eabi-as" "A
TRACE::2025-03-11.14:11:24::SCWMssOS::RCHIVER=arm-none-eabi-ar" "COMPILER_FLAGS=  -O2 -c" "EXTRA_COMPILER_FLAGS=-mcpu=cortex-a9 -mfpu=vfpv3 -mfloat-abi=hard -nostart
TRACE::2025-03-11.14:11:24::SCWMssOS::files -g -Wall -Wextra -fno-tree-loop-distribute-patterns"

TRACE::2025-03-11.14:11:24::SCWMssOS::"Running Make libs in ps7_cortexa9_0/libsrc/dmaps_v2_8/src"

TRACE::2025-03-11.14:11:24::SCWMssOS::make -C ps7_cortexa9_0/libsrc/dmaps_v2_8/src -s libs  "SHELL=CMD" "COMPILER=arm-none-eabi-gcc" "ASSEMBLER=arm-none-eabi-as" "AR
TRACE::2025-03-11.14:11:24::SCWMssOS::CHIVER=arm-none-eabi-ar" "COMPILER_FLAGS=  -O2 -c" "EXTRA_COMPILER_FLAGS=-mcpu=cortex-a9 -mfpu=vfpv3 -mfloat-abi=hard -nostartf
TRACE::2025-03-11.14:11:24::SCWMssOS::iles -g -Wall -Wextra -fno-tree-loop-distribute-patterns"

TRACE::2025-03-11.14:11:24::SCWMssOS::"Running Make libs in ps7_cortexa9_0/libsrc/gpiops_v3_11/src"

TRACE::2025-03-11.14:11:24::SCWMssOS::make -C ps7_cortexa9_0/libsrc/gpiops_v3_11/src -s libs  "SHELL=CMD" "COMPILER=arm-none-eabi-gcc" "ASSEMBLER=arm-none-eabi-as" "
TRACE::2025-03-11.14:11:24::SCWMssOS::ARCHIVER=arm-none-eabi-ar" "COMPILER_FLAGS=  -O2 -c" "EXTRA_COMPILER_FLAGS=-mcpu=cortex-a9 -mfpu=vfpv3 -mfloat-abi=hard -nostar
TRACE::2025-03-11.14:11:24::SCWMssOS::tfiles -g -Wall -Wextra -fno-tree-loop-distribute-patterns"

TRACE::2025-03-11.14:11:24::SCWMssOS::"Running Make libs in ps7_cortexa9_0/libsrc/scugic_v5_1/src"

TRACE::2025-03-11.14:11:24::SCWMssOS::make -C ps7_cortexa9_0/libsrc/scugic_v5_1/src -s libs  "SHELL=CMD" "COMPILER=arm-none-eabi-gcc" "ASSEMBLER=arm-none-eabi-as" "A
TRACE::2025-03-11.14:11:24::SCWMssOS::RCHIVER=arm-none-eabi-ar" "COMPILER_FLAGS=  -O2 -c" "EXTRA_COMPILER_FLAGS=-mcpu=cortex-a9 -mfpu=vfpv3 -mfloat-abi=hard -nostart
TRACE::2025-03-11.14:11:24::SCWMssOS::files -g -Wall -Wextra -fno-tree-loop-distribute-patterns"

TRACE::2025-03-11.14:11:24::SCWMssOS::"Running Make libs in ps7_cortexa9_0/libsrc/scutimer_v2_4/src"

TRACE::2025-03-11.14:11:24::SCWMssOS::make -C ps7_cortexa9_0/libsrc/scutimer_v2_4/src -s libs  "SHELL=CMD" "COMPILER=arm-none-eabi-gcc" "ASSEMBLER=arm-none-eabi-as" 
TRACE::2025-03-11.14:11:24::SCWMssOS::"ARCHIVER=arm-none-eabi-ar" "COMPILER_FLAGS=  -O2 -c" "EXTRA_COMPILER_FLAGS=-mcpu=cortex-a9 -mfpu=vfpv3 -mfloat-abi=hard -nosta
TRACE::2025-03-11.14:11:24::SCWMssOS::rtfiles -g -Wall -Wextra -fno-tree-loop-distribute-patterns"

TRACE::2025-03-11.14:11:24::SCWMssOS::"Running Make libs in ps7_cortexa9_0/libsrc/scuwdt_v2_4/src"

TRACE::2025-03-11.14:11:24::SCWMssOS::make -C ps7_cortexa9_0/libsrc/scuwdt_v2_4/src -s libs  "SHELL=CMD" "COMPILER=arm-none-eabi-gcc" "ASSEMBLER=arm-none-eabi-as" "A
TRACE::2025-03-11.14:11:24::SCWMssOS::RCHIVER=arm-none-eabi-ar" "COMPILER_FLAGS=  -O2 -c" "EXTRA_COMPILER_FLAGS=-mcpu=cortex-a9 -mfpu=vfpv3 -mfloat-abi=hard -nostart
TRACE::2025-03-11.14:11:24::SCWMssOS::files -g -Wall -Wextra -fno-tree-loop-distribute-patterns"

TRACE::2025-03-11.14:11:24::SCWMssOS::"Running Make libs in ps7_cortexa9_0/libsrc/standalone_v8_1/src"

TRACE::2025-03-11.14:11:24::SCWMssOS::make -C ps7_cortexa9_0/libsrc/standalone_v8_1/src -s libs  "SHELL=CMD" "COMPILER=arm-none-eabi-gcc" "ASSEMBLER=arm-none-eabi-as
TRACE::2025-03-11.14:11:24::SCWMssOS::" "ARCHIVER=arm-none-eabi-ar" "COMPILER_FLAGS=  -O2 -c" "EXTRA_COMPILER_FLAGS=-mcpu=cortex-a9 -mfpu=vfpv3 -mfloat-abi=hard -nos
TRACE::2025-03-11.14:11:24::SCWMssOS::tartfiles -g -Wall -Wextra -fno-tree-loop-distribute-patterns"

TRACE::2025-03-11.14:11:24::SCWMssOS::"Running Make libs in ps7_cortexa9_0/libsrc/uartps_v3_12/src"

TRACE::2025-03-11.14:11:24::SCWMssOS::make -C ps7_cortexa9_0/libsrc/uartps_v3_12/src -s libs  "SHELL=CMD" "COMPILER=arm-none-eabi-gcc" "ASSEMBLER=arm-none-eabi-as" "
TRACE::2025-03-11.14:11:24::SCWMssOS::ARCHIVER=arm-none-eabi-ar" "COMPILER_FLAGS=  -O2 -c" "EXTRA_COMPILER_FLAGS=-mcpu=cortex-a9 -mfpu=vfpv3 -mfloat-abi=hard -nostar
TRACE::2025-03-11.14:11:24::SCWMssOS::tfiles -g -Wall -Wextra -fno-tree-loop-distribute-patterns"

TRACE::2025-03-11.14:11:25::SCWMssOS::"Running Make libs in ps7_cortexa9_0/libsrc/xadcps_v2_6/src"

TRACE::2025-03-11.14:11:25::SCWMssOS::make -C ps7_cortexa9_0/libsrc/xadcps_v2_6/src -s libs  "SHELL=CMD" "COMPILER=arm-none-eabi-gcc" "ASSEMBLER=arm-none-eabi-as" "A
TRACE::2025-03-11.14:11:25::SCWMssOS::RCHIVER=arm-none-eabi-ar" "COMPILER_FLAGS=  -O2 -c" "EXTRA_COMPILER_FLAGS=-mcpu=cortex-a9 -mfpu=vfpv3 -mfloat-abi=hard -nostart
TRACE::2025-03-11.14:11:25::SCWMssOS::files -g -Wall -Wextra -fno-tree-loop-distribute-patterns"

TRACE::2025-03-11.14:11:27::SCWMssOS::'Finished building libraries parallelly.'

TRACE::2025-03-11.14:11:27::SCWMssOS::make --no-print-directory archive

TRACE::2025-03-11.14:11:27::SCWMssOS::arm-none-eabi-ar -r  ps7_cortexa9_0/lib/libxil.a ps7_cortexa9_0/lib/_exit.o ps7_cortexa9_0/lib/_open.o ps7_cortexa9_0/lib/_sbrk
TRACE::2025-03-11.14:11:27::SCWMssOS::.o ps7_cortexa9_0/lib/abort.o ps7_cortexa9_0/lib/asm_vectors.o ps7_cortexa9_0/lib/boot.o ps7_cortexa9_0/lib/close.o ps7_cortexa
TRACE::2025-03-11.14:11:27::SCWMssOS::9_0/lib/cpputest_time.o ps7_cortexa9_0/lib/cpu_init.o ps7_cortexa9_0/lib/errno.o ps7_cortexa9_0/lib/fcntl.o ps7_cortexa9_0/lib/
TRACE::2025-03-11.14:11:27::SCWMssOS::fstat.o ps7_cortexa9_0/lib/getentropy.o ps7_cortexa9_0/lib/getpid.o ps7_cortexa9_0/lib/inbyte.o ps7_cortexa9_0/lib/isatty.o ps7
TRACE::2025-03-11.14:11:27::SCWMssOS::_cortexa9_0/lib/kill.o ps7_cortexa9_0/lib/lseek.o ps7_cortexa9_0/lib/open.o ps7_cortexa9_0/lib/outbyte.o ps7_cortexa9_0/lib/pri
TRACE::2025-03-11.14:11:27::SCWMssOS::nt.o ps7_cortexa9_0/lib/putnum.o ps7_cortexa9_0/lib/read.o ps7_cortexa9_0/lib/sbrk.o ps7_cortexa9_0/lib/sleep.o ps7_cortexa9_0/
TRACE::2025-03-11.14:11:27::SCWMssOS::lib/time.o ps7_cortexa9_0/lib/translation_table.o ps7_cortexa9_0/lib/unlink.o ps7_cortexa9_0/lib/usleep.o ps7_cortexa9_0/lib/ve
TRACE::2025-03-11.14:11:27::SCWMssOS::ctors.o ps7_cortexa9_0/lib/write.o ps7_cortexa9_0/lib/xadcps.o ps7_cortexa9_0/lib/xadcps_g.o ps7_cortexa9_0/lib/xadcps_intr.o p
TRACE::2025-03-11.14:11:27::SCWMssOS::s7_cortexa9_0/lib/xadcps_selftest.o ps7_cortexa9_0/lib/xadcps_sinit.o ps7_cortexa9_0/lib/xbram.o ps7_cortexa9_0/lib/xbram_g.o p
TRACE::2025-03-11.14:11:27::SCWMssOS::s7_cortexa9_0/lib/xbram_intr.o ps7_cortexa9_0/lib/xbram_selftest.o ps7_cortexa9_0/lib/xbram_sinit.o ps7_cortexa9_0/lib/xcoresig
TRACE::2025-03-11.14:11:27::SCWMssOS::htpsdcc.o ps7_cortexa9_0/lib/xdevcfg.o ps7_cortexa9_0/lib/xdevcfg_g.o ps7_cortexa9_0/lib/xdevcfg_hw.o ps7_cortexa9_0/lib/xdevcf
TRACE::2025-03-11.14:11:27::SCWMssOS::g_intr.o ps7_cortexa9_0/lib/xdevcfg_selftest.o ps7_cortexa9_0/lib/xdevcfg_sinit.o ps7_cortexa9_0/lib/xdmaps.o ps7_cortexa9_0/li
TRACE::2025-03-11.14:11:27::SCWMssOS::b/xdmaps_g.o ps7_cortexa9_0/lib/xdmaps_hw.o ps7_cortexa9_0/lib/xdmaps_selftest.o ps7_cortexa9_0/lib/xdmaps_sinit.o ps7_cortexa9
TRACE::2025-03-11.14:11:27::SCWMssOS::_0/lib/xgpiops.o ps7_cortexa9_0/lib/xgpiops_g.o ps7_cortexa9_0/lib/xgpiops_hw.o ps7_cortexa9_0/lib/xgpiops_intr.o ps7_cortexa9_
TRACE::2025-03-11.14:11:27::SCWMssOS::0/lib/xgpiops_selftest.o ps7_cortexa9_0/lib/xgpiops_sinit.o ps7_cortexa9_0/lib/xil-crt0.o ps7_cortexa9_0/lib/xil_assert.o ps7_c
TRACE::2025-03-11.14:11:27::SCWMssOS::ortexa9_0/lib/xil_cache.o ps7_cortexa9_0/lib/xil_clocking.o ps7_cortexa9_0/lib/xil_exception.o ps7_cortexa9_0/lib/xil_mem.o ps7
TRACE::2025-03-11.14:11:27::SCWMssOS::_cortexa9_0/lib/xil_misc_psreset_api.o ps7_cortexa9_0/lib/xil_mmu.o ps7_cortexa9_0/lib/xil_printf.o ps7_cortexa9_0/lib/xil_slee
TRACE::2025-03-11.14:11:27::SCWMssOS::pcommon.o ps7_cortexa9_0/lib/xil_sleeptimer.o ps7_cortexa9_0/lib/xil_spinlock.o ps7_cortexa9_0/lib/xil_testcache.o ps7_cortexa9
TRACE::2025-03-11.14:11:27::SCWMssOS::_0/lib/xil_testio.o ps7_cortexa9_0/lib/xil_testmem.o ps7_cortexa9_0/lib/xil_util.o ps7_cortexa9_0/lib/xinterrupt_wrap.o ps7_cor
TRACE::2025-03-11.14:11:27::SCWMssOS::texa9_0/lib/xl2cc_counter.o ps7_cortexa9_0/lib/xplatform_info.o ps7_cortexa9_0/lib/xpm_counter.o ps7_cortexa9_0/lib/xscugic.o p
TRACE::2025-03-11.14:11:27::SCWMssOS::s7_cortexa9_0/lib/xscugic_g.o ps7_cortexa9_0/lib/xscugic_hw.o ps7_cortexa9_0/lib/xscugic_intr.o ps7_cortexa9_0/lib/xscugic_self
TRACE::2025-03-11.14:11:27::SCWMssOS::test.o ps7_cortexa9_0/lib/xscugic_sinit.o ps7_cortexa9_0/lib/xscutimer.o ps7_cortexa9_0/lib/xscutimer_g.o ps7_cortexa9_0/lib/xs
TRACE::2025-03-11.14:11:27::SCWMssOS::cutimer_selftest.o ps7_cortexa9_0/lib/xscutimer_sinit.o ps7_cortexa9_0/lib/xscuwdt.o ps7_cortexa9_0/lib/xscuwdt_g.o ps7_cortexa
TRACE::2025-03-11.14:11:27::SCWMssOS::9_0/lib/xscuwdt_selftest.o ps7_cortexa9_0/lib/xscuwdt_sinit.o ps7_cortexa9_0/lib/xtime_l.o ps7_cortexa9_0/lib/xuartps.o ps7_cor
TRACE::2025-03-11.14:11:27::SCWMssOS::texa9_0/lib/xuartps_g.o ps7_cortexa9_0/lib/xuartps_hw.o ps7_cortexa9_0/lib/xuartps_intr.o ps7_cortexa9_0/lib/xuartps_options.o 
TRACE::2025-03-11.14:11:27::SCWMssOS::ps7_cortexa9_0/lib/xuartps_selftest.o ps7_cortexa9_0/lib/xuartps_sinit.o

TRACE::2025-03-11.14:11:27::SCWMssOS::'Finished building libraries'

TRACE::2025-03-11.14:11:27::SCWMssOS::Copying to export directory.
TRACE::2025-03-11.14:11:27::SCWMssOS:: Checking if to create the Supporting Applications
TRACE::2025-03-11.14:11:27::SCWMssOS:: No Linux domain exists, trying to generate FSBL 
LOG::2025-03-11.14:11:27::SCWSystem::Completed Processing the domain standalone_ps7_cortexa9_0
LOG::2025-03-11.14:11:27::SCWSystem::Completed Processing the sysconfig design_1_wrapper
LOG::2025-03-11.14:11:27::SCWPlatform::Completed generating the artifacts for system configuration design_1_wrapper
TRACE::2025-03-11.14:11:27::SCWPlatform::Started preparing the platform 
TRACE::2025-03-11.14:11:27::SCWSystem::Writing the bif file for system config design_1_wrapper
TRACE::2025-03-11.14:11:27::SCWSystem::dir created 
TRACE::2025-03-11.14:11:27::SCWSystem::Writing the bif 
TRACE::2025-03-11.14:11:27::SCWPlatform::Started writing the spfm file 
TRACE::2025-03-11.14:11:27::SCWPlatform::Started writing the xpfm file 
TRACE::2025-03-11.14:11:27::SCWPlatform::Completed generating the platform
TRACE::2025-03-11.14:11:27::SCWMssOS::Saving the mss changes C:/Users/junoh/vivado23/DSD25_Termprj/00_RTL_Skeleton/workspace/design_1_wrapper/zynq_fsbl/zynq_fsbl_bsp/system.mss
TRACE::2025-03-11.14:11:27::SCWMssOS::Found a swdesign opened with the mssfile.
TRACE::2025-03-11.14:11:27::SCWMssOS::Completed writemss as part of save.
TRACE::2025-03-11.14:11:27::SCWMssOS::Commit changes completed.
TRACE::2025-03-11.14:11:27::SCWMssOS::Saving the mss changes C:/Users/junoh/vivado23/DSD25_Termprj/00_RTL_Skeleton/workspace/design_1_wrapper/ps7_cortexa9_0/standalone_ps7_cortexa9_0/bsp/system.mss
TRACE::2025-03-11.14:11:27::SCWMssOS::Found a swdesign opened with the mssfile.
TRACE::2025-03-11.14:11:27::SCWMssOS::Completed writemss as part of save.
TRACE::2025-03-11.14:11:27::SCWMssOS::Commit changes completed.
TRACE::2025-03-11.14:11:27::SCWPlatform::Trying to open the hw design at C:/Users/junoh/vivado23/DSD25_Termprj/00_RTL_Skeleton/workspace/design_1_wrapper/hw/design_1_wrapper.xsa
TRACE::2025-03-11.14:11:27::SCWPlatform::DSA given C:/Users/junoh/vivado23/DSD25_Termprj/00_RTL_Skeleton/workspace/design_1_wrapper/hw/design_1_wrapper.xsa
TRACE::2025-03-11.14:11:27::SCWPlatform::DSA absoulate path C:/Users/junoh/vivado23/DSD25_Termprj/00_RTL_Skeleton/workspace/design_1_wrapper/hw/design_1_wrapper.xsa
TRACE::2025-03-11.14:11:27::SCWPlatform::DSA directory C:/Users/junoh/vivado23/DSD25_Termprj/00_RTL_Skeleton/workspace/design_1_wrapper/hw
TRACE::2025-03-11.14:11:27::SCWPlatform:: Platform Path C:/Users/junoh/vivado23/DSD25_Termprj/00_RTL_Skeleton/workspace/design_1_wrapper/hw/design_1_wrapper.xsa
TRACE::2025-03-11.14:11:27::SCWPlatform:: Unique name xilinx:zybo-z7-20::0.0
TRACE::2025-03-11.14:11:27::SCWPlatform::Trying to set the existing hwdb with name design_1_wrapper
TRACE::2025-03-11.14:11:27::SCWPlatform::Opened existing hwdb design_1_wrapper
TRACE::2025-03-11.14:11:27::SCWPlatform::Found the Hw Db part of the input DSA
TRACE::2025-03-11.14:11:27::SCWMssOS::Checking the sw design at  C:/Users/junoh/vivado23/DSD25_Termprj/00_RTL_Skeleton/workspace/design_1_wrapper/zynq_fsbl/zynq_fsbl_bsp/system.mss
TRACE::2025-03-11.14:11:27::SCWMssOS::DEBUG:  swdes dump  C:/Users/junoh/vivado23/DSD25_Termprj/00_RTL_Skeleton/workspace/design_1_wrapper/ps7_cortexa9_0/standalone_ps7_cortexa9_0/bsp/system.mss|system_0||
C:/Users/junoh/vivado23/DSD25_Termprj/00_RTL_Skeleton/workspace/design_1_wrapper/zynq_fsbl/zynq_fsbl_bsp/system.mss|system||

TRACE::2025-03-11.14:11:27::SCWMssOS::Sw design exists and opened at  C:/Users/junoh/vivado23/DSD25_Termprj/00_RTL_Skeleton/workspace/design_1_wrapper/zynq_fsbl/zynq_fsbl_bsp/system.mss
TRACE::2025-03-11.14:11:27::SCWPlatform::Trying to open the hw design at C:/Users/junoh/vivado23/DSD25_Termprj/00_RTL_Skeleton/workspace/design_1_wrapper/hw/design_1_wrapper.xsa
TRACE::2025-03-11.14:11:27::SCWPlatform::DSA given C:/Users/junoh/vivado23/DSD25_Termprj/00_RTL_Skeleton/workspace/design_1_wrapper/hw/design_1_wrapper.xsa
TRACE::2025-03-11.14:11:27::SCWPlatform::DSA absoulate path C:/Users/junoh/vivado23/DSD25_Termprj/00_RTL_Skeleton/workspace/design_1_wrapper/hw/design_1_wrapper.xsa
TRACE::2025-03-11.14:11:27::SCWPlatform::DSA directory C:/Users/junoh/vivado23/DSD25_Termprj/00_RTL_Skeleton/workspace/design_1_wrapper/hw
TRACE::2025-03-11.14:11:27::SCWPlatform:: Platform Path C:/Users/junoh/vivado23/DSD25_Termprj/00_RTL_Skeleton/workspace/design_1_wrapper/hw/design_1_wrapper.xsa
TRACE::2025-03-11.14:11:27::SCWPlatform:: Unique name xilinx:zybo-z7-20::0.0
TRACE::2025-03-11.14:11:27::SCWPlatform::Trying to set the existing hwdb with name design_1_wrapper
TRACE::2025-03-11.14:11:27::SCWPlatform::Opened existing hwdb design_1_wrapper
TRACE::2025-03-11.14:11:27::SCWPlatform::Found the Hw Db part of the input DSA
TRACE::2025-03-11.14:11:27::SCWMssOS::Checking the sw design at  C:/Users/junoh/vivado23/DSD25_Termprj/00_RTL_Skeleton/workspace/design_1_wrapper/ps7_cortexa9_0/standalone_ps7_cortexa9_0/bsp/system.mss
TRACE::2025-03-11.14:11:27::SCWMssOS::DEBUG:  swdes dump  C:/Users/junoh/vivado23/DSD25_Termprj/00_RTL_Skeleton/workspace/design_1_wrapper/ps7_cortexa9_0/standalone_ps7_cortexa9_0/bsp/system.mss|system_0||
C:/Users/junoh/vivado23/DSD25_Termprj/00_RTL_Skeleton/workspace/design_1_wrapper/zynq_fsbl/zynq_fsbl_bsp/system.mss|system||

TRACE::2025-03-11.14:11:27::SCWMssOS::Sw design exists and opened at  C:/Users/junoh/vivado23/DSD25_Termprj/00_RTL_Skeleton/workspace/design_1_wrapper/ps7_cortexa9_0/standalone_ps7_cortexa9_0/bsp/system.mss
TRACE::2025-03-11.14:11:27::SCWWriter::formatted JSON is {
	"platformName":	"design_1_wrapper",
	"sprVersion":	"2.0",
	"mode":	"gui",
	"dsaType":	"Fixed",
	"platformDesc":	"design_1_wrapper",
	"platHandOff":	"C:/Users/junoh/vivado23/DSD25_Termprj/00_RTL_Skeleton/design_1_wrapper.xsa",
	"platIntHandOff":	"<platformDir>/hw/design_1_wrapper.xsa",
	"deviceType":	"zynq",
	"platIsPrebuiltAutogen":	"false",
	"platIsNoBootBsp":	"false",
	"hasFsblMakeHasChanges":	"false",
	"hasPmufwMakeHasChanges":	"false",
	"fsblExtraCompilerFlags":	"-MMD -MP       -mcpu=cortex-a9 -mfpu=vfpv3 -mfloat-abi=hard ",
	"platPreBuiltFlag":	false,
	"platformSamplesDir":	"",
	"platActiveSys":	"design_1_wrapper",
	"systems":	[{
			"systemName":	"design_1_wrapper",
			"systemDesc":	"design_1_wrapper",
			"sysIsBootAutoGen":	"true",
			"systemDispName":	"design_1_wrapper",
			"sysActiveDom":	"standalone_ps7_cortexa9_0",
			"sysDefaultDom":	"standalone_ps7_cortexa9_0",
			"domains":	[{
					"domainName":	"zynq_fsbl",
					"domainDispName":	"zynq_fsbl",
					"domainDesc":	"FSBL Application BSP - Auto Generated.",
					"processors":	"ps7_cortexa9_0",
					"os":	"standalone",
					"sdxOs":	"standalone",
					"debugEnable":	"",
					"domRuntimes":	["cpp"],
					"swRepo":	"",
					"mssOsVer":	"8.1",
					"mssFile":	"",
					"md5Digest":	"18db037d21630273c43c35eef454af04",
					"compatibleApp":	"zynq_fsbl",
					"domType":	"bootDomain",
					"arch":	"32-bit",
					"appSettings":	{
						"appCompilerFlags":	"",
						"appLinkerFlags":	""
					},
					"addedLibs":	["xilffs:5.0", "xilrsa:1.6"],
					"libOptions":	{
						"libsContainingOptions":	[]
					},
					"prebuiltLibs":	{
						"prebuiltIncPath":	[],
						"prebuiltLibPath":	[]
					},
					"isolation":	{
					}
				}, {
					"domainName":	"standalone_ps7_cortexa9_0",
					"domainDispName":	"standalone_ps7_cortexa9_0",
					"domainDesc":	"standalone_ps7_cortexa9_0",
					"processors":	"ps7_cortexa9_0",
					"os":	"standalone",
					"sdxOs":	"standalone",
					"qemuArgs":	"<platformDir>/resources/design_1_wrapper/standalone_ps7_cortexa9_0/qemu_args.txt",
					"qemuData":	"<platformDir>/resources/design_1_wrapper/standalone_ps7_cortexa9_0/qemu",
					"debugEnable":	"False",
					"domRuntimes":	["cpp"],
					"swRepo":	"",
					"mssOsVer":	"8.1",
					"mssFile":	"",
					"md5Digest":	"f90644cd625b505de1ada2b5ad5e2e1f",
					"compatibleApp":	"",
					"domType":	"mssDomain",
					"arch":	"32-bit",
					"appSettings":	{
						"appCompilerFlags":	"",
						"appLinkerFlags":	""
					},
					"addedLibs":	[],
					"libOptions":	{
						"libsContainingOptions":	[]
					},
					"prebuiltLibs":	{
						"prebuiltIncPath":	[],
						"prebuiltLibPath":	[]
					},
					"isolation":	{
					}
				}]
		}]
}
KEYINFO::2025-03-11.14:11:27::SCWPlatform::updated the xpfm file.
TRACE::2025-03-11.14:11:29::SCWPlatform::Trying to open the hw design at C:/Users/junoh/vivado23/DSD25_Termprj/00_RTL_Skeleton/workspace/design_1_wrapper/hw/design_1_wrapper.xsa
TRACE::2025-03-11.14:11:29::SCWPlatform::DSA given C:/Users/junoh/vivado23/DSD25_Termprj/00_RTL_Skeleton/workspace/design_1_wrapper/hw/design_1_wrapper.xsa
TRACE::2025-03-11.14:11:29::SCWPlatform::DSA absoulate path C:/Users/junoh/vivado23/DSD25_Termprj/00_RTL_Skeleton/workspace/design_1_wrapper/hw/design_1_wrapper.xsa
TRACE::2025-03-11.14:11:29::SCWPlatform::DSA directory C:/Users/junoh/vivado23/DSD25_Termprj/00_RTL_Skeleton/workspace/design_1_wrapper/hw
TRACE::2025-03-11.14:11:29::SCWPlatform:: Platform Path C:/Users/junoh/vivado23/DSD25_Termprj/00_RTL_Skeleton/workspace/design_1_wrapper/hw/design_1_wrapper.xsa
TRACE::2025-03-11.14:11:29::SCWPlatform:: Unique name xilinx:zybo-z7-20::0.0
TRACE::2025-03-11.14:11:29::SCWPlatform::Trying to set the existing hwdb with name design_1_wrapper
TRACE::2025-03-11.14:11:29::SCWPlatform::Opened existing hwdb design_1_wrapper
TRACE::2025-03-11.14:11:29::SCWPlatform::Found the Hw Db part of the input DSA
TRACE::2025-03-11.14:11:29::SCWMssOS::Checking the sw design at  C:/Users/junoh/vivado23/DSD25_Termprj/00_RTL_Skeleton/workspace/design_1_wrapper/ps7_cortexa9_0/standalone_ps7_cortexa9_0/bsp/system.mss
TRACE::2025-03-11.14:11:29::SCWMssOS::DEBUG:  swdes dump  C:/Users/junoh/vivado23/DSD25_Termprj/00_RTL_Skeleton/workspace/design_1_wrapper/ps7_cortexa9_0/standalone_ps7_cortexa9_0/bsp/system.mss|system_0||
C:/Users/junoh/vivado23/DSD25_Termprj/00_RTL_Skeleton/workspace/design_1_wrapper/zynq_fsbl/zynq_fsbl_bsp/system.mss|system||

TRACE::2025-03-11.14:11:29::SCWMssOS::Sw design exists and opened at  C:/Users/junoh/vivado23/DSD25_Termprj/00_RTL_Skeleton/workspace/design_1_wrapper/ps7_cortexa9_0/standalone_ps7_cortexa9_0/bsp/system.mss
TRACE::2025-03-11.14:14:01::SCWBDomain::System Command Ran  C:&  cd  C:/Users/junoh/vivado23/DSD25_Termprj/00_RTL_Skeleton/workspace/design_1_wrapper/zynq_fsbl & make clean
TRACE::2025-03-11.14:14:01::SCWBDomain::rm -rf  sd.o  nand.o  image_mover.o  md5.o  fsbl_hooks.o  main.o  nor.o  qspi.o  rsa.o  ps7_init.o  pcap.o  fsbl_handoff.o zynq
TRACE::2025-03-11.14:14:01::SCWBDomain::_fsbl_bsp/ps7_cortexa9_0/lib/libxil.a fsbl.elf *.o

TRACE::2025-03-11.14:14:01::SCWBDomain::System Command Ran  C:&  cd  C:/Users/junoh/vivado23/DSD25_Termprj/00_RTL_Skeleton/workspace/design_1_wrapper/zynq_fsbl/zynq_fsbl_bsp & make clean
TRACE::2025-03-11.14:14:01::SCWBDomain::make -C ps7_cortexa9_0/libsrc/bram_v4_8/src -s clean 

TRACE::2025-03-11.14:14:01::SCWBDomain::make -C ps7_cortexa9_0/libsrc/coresightps_dcc_v1_8/src -s clean 

TRACE::2025-03-11.14:14:01::SCWBDomain::make -C ps7_cortexa9_0/libsrc/cpu_cortexa9_v2_11/src -s clean 

TRACE::2025-03-11.14:14:01::SCWBDomain::make -C ps7_cortexa9_0/libsrc/ddrps_v1_2/src -s clean 

TRACE::2025-03-11.14:14:01::SCWBDomain::make -C ps7_cortexa9_0/libsrc/devcfg_v3_7/src -s clean 

TRACE::2025-03-11.14:14:01::SCWBDomain::make -C ps7_cortexa9_0/libsrc/dmaps_v2_8/src -s clean 

TRACE::2025-03-11.14:14:02::SCWBDomain::make -C ps7_cortexa9_0/libsrc/gpiops_v3_11/src -s clean 

TRACE::2025-03-11.14:14:02::SCWBDomain::make -C ps7_cortexa9_0/libsrc/scugic_v5_1/src -s clean 

TRACE::2025-03-11.14:14:02::SCWBDomain::make -C ps7_cortexa9_0/libsrc/scutimer_v2_4/src -s clean 

TRACE::2025-03-11.14:14:02::SCWBDomain::make -C ps7_cortexa9_0/libsrc/scuwdt_v2_4/src -s clean 

TRACE::2025-03-11.14:14:02::SCWBDomain::make -C ps7_cortexa9_0/libsrc/standalone_v8_1/src -s clean 

TRACE::2025-03-11.14:14:03::SCWBDomain::make -C ps7_cortexa9_0/libsrc/uartps_v3_12/src -s clean 

TRACE::2025-03-11.14:14:03::SCWBDomain::make -C ps7_cortexa9_0/libsrc/xadcps_v2_6/src -s clean 

TRACE::2025-03-11.14:14:03::SCWBDomain::make -C ps7_cortexa9_0/libsrc/xilffs_v5_0/src -s clean 

TRACE::2025-03-11.14:14:03::SCWBDomain::make -C ps7_cortexa9_0/libsrc/xilrsa_v1_6/src -s clean 

TRACE::2025-03-11.14:14:03::SCWBDomain::rm -f ps7_cortexa9_0/lib/libxil.a

TRACE::2025-03-11.14:14:03::SCWMssOS::cleaning the bsp 
TRACE::2025-03-11.14:14:03::SCWMssOS::System Command Ran  C: & cd  C:/Users/junoh/vivado23/DSD25_Termprj/00_RTL_Skeleton/workspace/design_1_wrapper/ps7_cortexa9_0/standalone_ps7_cortexa9_0/bsp & make clean 
TRACE::2025-03-11.14:14:03::SCWMssOS::make -C ps7_cortexa9_0/libsrc/bram_v4_8/src -s clean 

TRACE::2025-03-11.14:14:03::SCWMssOS::make -C ps7_cortexa9_0/libsrc/coresightps_dcc_v1_8/src -s clean 

TRACE::2025-03-11.14:14:03::SCWMssOS::make -C ps7_cortexa9_0/libsrc/cpu_cortexa9_v2_11/src -s clean 

TRACE::2025-03-11.14:14:03::SCWMssOS::make -C ps7_cortexa9_0/libsrc/ddrps_v1_2/src -s clean 

TRACE::2025-03-11.14:14:03::SCWMssOS::make -C ps7_cortexa9_0/libsrc/devcfg_v3_7/src -s clean 

TRACE::2025-03-11.14:14:04::SCWMssOS::make -C ps7_cortexa9_0/libsrc/dmaps_v2_8/src -s clean 

TRACE::2025-03-11.14:14:04::SCWMssOS::make -C ps7_cortexa9_0/libsrc/gpiops_v3_11/src -s clean 

TRACE::2025-03-11.14:14:04::SCWMssOS::make -C ps7_cortexa9_0/libsrc/scugic_v5_1/src -s clean 

TRACE::2025-03-11.14:14:04::SCWMssOS::make -C ps7_cortexa9_0/libsrc/scutimer_v2_4/src -s clean 

TRACE::2025-03-11.14:14:04::SCWMssOS::make -C ps7_cortexa9_0/libsrc/scuwdt_v2_4/src -s clean 

TRACE::2025-03-11.14:14:04::SCWMssOS::make -C ps7_cortexa9_0/libsrc/standalone_v8_1/src -s clean 

TRACE::2025-03-11.14:14:05::SCWMssOS::make -C ps7_cortexa9_0/libsrc/uartps_v3_12/src -s clean 

TRACE::2025-03-11.14:14:05::SCWMssOS::make -C ps7_cortexa9_0/libsrc/xadcps_v2_6/src -s clean 

TRACE::2025-03-11.14:14:05::SCWMssOS::rm -f ps7_cortexa9_0/lib/libxil.a

LOG::2025-03-11.14:14:19::SCWPlatform::Started generating the artifacts platform design_1_wrapper
TRACE::2025-03-11.14:14:19::SCWPlatform::Sanity checking of platform is completed
LOG::2025-03-11.14:14:19::SCWPlatform::Started generating the artifacts for system configuration design_1_wrapper
LOG::2025-03-11.14:14:19::SCWSystem::Checking the domain zynq_fsbl
LOG::2025-03-11.14:14:19::SCWSystem::Doing application build for :  zynq_fsbl
TRACE::2025-03-11.14:14:19::SCWBDomain::Not a forced makefile updation, No changes are present. 
TRACE::2025-03-11.14:14:19::SCWDomain::Building the domain as part of full build :  zynq_fsbl
TRACE::2025-03-11.14:14:19::SCWPlatform::Trying to open the hw design at C:/Users/junoh/vivado23/DSD25_Termprj/00_RTL_Skeleton/workspace/design_1_wrapper/hw/design_1_wrapper.xsa
TRACE::2025-03-11.14:14:19::SCWPlatform::DSA given C:/Users/junoh/vivado23/DSD25_Termprj/00_RTL_Skeleton/workspace/design_1_wrapper/hw/design_1_wrapper.xsa
TRACE::2025-03-11.14:14:19::SCWPlatform::DSA absoulate path C:/Users/junoh/vivado23/DSD25_Termprj/00_RTL_Skeleton/workspace/design_1_wrapper/hw/design_1_wrapper.xsa
TRACE::2025-03-11.14:14:19::SCWPlatform::DSA directory C:/Users/junoh/vivado23/DSD25_Termprj/00_RTL_Skeleton/workspace/design_1_wrapper/hw
TRACE::2025-03-11.14:14:19::SCWPlatform:: Platform Path C:/Users/junoh/vivado23/DSD25_Termprj/00_RTL_Skeleton/workspace/design_1_wrapper/hw/design_1_wrapper.xsa
TRACE::2025-03-11.14:14:19::SCWPlatform:: Unique name xilinx:zybo-z7-20::0.0
TRACE::2025-03-11.14:14:19::SCWPlatform::Trying to set the existing hwdb with name design_1_wrapper
TRACE::2025-03-11.14:14:19::SCWPlatform::Opened existing hwdb design_1_wrapper
TRACE::2025-03-11.14:14:19::SCWPlatform::Found the Hw Db part of the input DSA
TRACE::2025-03-11.14:14:19::SCWMssOS::Checking the sw design at  C:/Users/junoh/vivado23/DSD25_Termprj/00_RTL_Skeleton/workspace/design_1_wrapper/zynq_fsbl/zynq_fsbl_bsp/system.mss
TRACE::2025-03-11.14:14:19::SCWMssOS::DEBUG:  swdes dump  C:/Users/junoh/vivado23/DSD25_Termprj/00_RTL_Skeleton/workspace/design_1_wrapper/ps7_cortexa9_0/standalone_ps7_cortexa9_0/bsp/system.mss|system_0||
C:/Users/junoh/vivado23/DSD25_Termprj/00_RTL_Skeleton/workspace/design_1_wrapper/zynq_fsbl/zynq_fsbl_bsp/system.mss|system||

TRACE::2025-03-11.14:14:19::SCWMssOS::Sw design exists and opened at  C:/Users/junoh/vivado23/DSD25_Termprj/00_RTL_Skeleton/workspace/design_1_wrapper/zynq_fsbl/zynq_fsbl_bsp/system.mss
TRACE::2025-03-11.14:14:19::SCWBDomain::Completed writing the mss file at C:/Users/junoh/vivado23/DSD25_Termprj/00_RTL_Skeleton/workspace/design_1_wrapper/zynq_fsbl/zynq_fsbl_bsp
TRACE::2025-03-11.14:14:19::SCWBDomain::bsp generated is upto date with the mss file. Skipping bsp generation.
TRACE::2025-03-11.14:14:19::SCWBDomain::Not a forced makefile updation, No changes are present. 
TRACE::2025-03-11.14:14:19::SCWBDomain::System Command Ran  C:&  cd  C:/Users/junoh/vivado23/DSD25_Termprj/00_RTL_Skeleton/workspace/design_1_wrapper/zynq_fsbl& make -C  zynq_fsbl_bsp & make 
TRACE::2025-03-11.14:14:19::SCWBDomain::make: Entering directory 'C:/Users/junoh/vivado23/DSD25_Termprj/00_RTL_Skeleton/workspace/design_1_wrapper/zynq_fsbl/zynq_fsbl_
TRACE::2025-03-11.14:14:19::SCWBDomain::bsp'

TRACE::2025-03-11.14:14:19::SCWBDomain::make --no-print-directory seq_libs

TRACE::2025-03-11.14:14:19::SCWBDomain::"Running Make include in ps7_cortexa9_0/libsrc/bram_v4_8/src"

TRACE::2025-03-11.14:14:19::SCWBDomain::make -C ps7_cortexa9_0/libsrc/bram_v4_8/src -s include  "SHELL=CMD" "COMPILER=arm-none-eabi-gcc" "ASSEMBLER=arm-none-eabi-as" "
TRACE::2025-03-11.14:14:19::SCWBDomain::ARCHIVER=arm-none-eabi-ar" "COMPILER_FLAGS=  -O2 -c" "EXTRA_COMPILER_FLAGS=-mcpu=cortex-a9 -mfpu=vfpv3 -mfloat-abi=hard -nostar
TRACE::2025-03-11.14:14:19::SCWBDomain::tfiles -g -Wall -Wextra -fno-tree-loop-distribute-patterns"

TRACE::2025-03-11.14:14:19::SCWBDomain::"Running Make include in ps7_cortexa9_0/libsrc/coresightps_dcc_v1_8/src"

TRACE::2025-03-11.14:14:19::SCWBDomain::make -C ps7_cortexa9_0/libsrc/coresightps_dcc_v1_8/src -s include  "SHELL=CMD" "COMPILER=arm-none-eabi-gcc" "ASSEMBLER=arm-none
TRACE::2025-03-11.14:14:19::SCWBDomain::-eabi-as" "ARCHIVER=arm-none-eabi-ar" "COMPILER_FLAGS=  -O2 -c" "EXTRA_COMPILER_FLAGS=-mcpu=cortex-a9 -mfpu=vfpv3 -mfloat-abi=h
TRACE::2025-03-11.14:14:19::SCWBDomain::ard -nostartfiles -g -Wall -Wextra -fno-tree-loop-distribute-patterns"

TRACE::2025-03-11.14:14:19::SCWBDomain::"Running Make include in ps7_cortexa9_0/libsrc/cpu_cortexa9_v2_11/src"

TRACE::2025-03-11.14:14:19::SCWBDomain::make -C ps7_cortexa9_0/libsrc/cpu_cortexa9_v2_11/src -s include  "SHELL=CMD" "COMPILER=arm-none-eabi-gcc" "ASSEMBLER=arm-none-e
TRACE::2025-03-11.14:14:19::SCWBDomain::abi-as" "ARCHIVER=arm-none-eabi-ar" "COMPILER_FLAGS=  -O2 -c" "EXTRA_COMPILER_FLAGS=-mcpu=cortex-a9 -mfpu=vfpv3 -mfloat-abi=har
TRACE::2025-03-11.14:14:19::SCWBDomain::d -nostartfiles -g -Wall -Wextra -fno-tree-loop-distribute-patterns"

TRACE::2025-03-11.14:14:19::SCWBDomain::"Running Make include in ps7_cortexa9_0/libsrc/ddrps_v1_2/src"

TRACE::2025-03-11.14:14:19::SCWBDomain::make -C ps7_cortexa9_0/libsrc/ddrps_v1_2/src -s include  "SHELL=CMD" "COMPILER=arm-none-eabi-gcc" "ASSEMBLER=arm-none-eabi-as" 
TRACE::2025-03-11.14:14:19::SCWBDomain::"ARCHIVER=arm-none-eabi-ar" "COMPILER_FLAGS=  -O2 -c" "EXTRA_COMPILER_FLAGS=-mcpu=cortex-a9 -mfpu=vfpv3 -mfloat-abi=hard -nosta
TRACE::2025-03-11.14:14:19::SCWBDomain::rtfiles -g -Wall -Wextra -fno-tree-loop-distribute-patterns"

TRACE::2025-03-11.14:14:19::SCWBDomain::"Running Make include in ps7_cortexa9_0/libsrc/devcfg_v3_7/src"

TRACE::2025-03-11.14:14:19::SCWBDomain::make -C ps7_cortexa9_0/libsrc/devcfg_v3_7/src -s include  "SHELL=CMD" "COMPILER=arm-none-eabi-gcc" "ASSEMBLER=arm-none-eabi-as"
TRACE::2025-03-11.14:14:19::SCWBDomain:: "ARCHIVER=arm-none-eabi-ar" "COMPILER_FLAGS=  -O2 -c" "EXTRA_COMPILER_FLAGS=-mcpu=cortex-a9 -mfpu=vfpv3 -mfloat-abi=hard -nost
TRACE::2025-03-11.14:14:19::SCWBDomain::artfiles -g -Wall -Wextra -fno-tree-loop-distribute-patterns"

TRACE::2025-03-11.14:14:19::SCWBDomain::"Running Make include in ps7_cortexa9_0/libsrc/dmaps_v2_8/src"

TRACE::2025-03-11.14:14:19::SCWBDomain::make -C ps7_cortexa9_0/libsrc/dmaps_v2_8/src -s include  "SHELL=CMD" "COMPILER=arm-none-eabi-gcc" "ASSEMBLER=arm-none-eabi-as" 
TRACE::2025-03-11.14:14:19::SCWBDomain::"ARCHIVER=arm-none-eabi-ar" "COMPILER_FLAGS=  -O2 -c" "EXTRA_COMPILER_FLAGS=-mcpu=cortex-a9 -mfpu=vfpv3 -mfloat-abi=hard -nosta
TRACE::2025-03-11.14:14:19::SCWBDomain::rtfiles -g -Wall -Wextra -fno-tree-loop-distribute-patterns"

TRACE::2025-03-11.14:14:19::SCWBDomain::"Running Make include in ps7_cortexa9_0/libsrc/gpiops_v3_11/src"

TRACE::2025-03-11.14:14:19::SCWBDomain::make -C ps7_cortexa9_0/libsrc/gpiops_v3_11/src -s include  "SHELL=CMD" "COMPILER=arm-none-eabi-gcc" "ASSEMBLER=arm-none-eabi-as
TRACE::2025-03-11.14:14:19::SCWBDomain::" "ARCHIVER=arm-none-eabi-ar" "COMPILER_FLAGS=  -O2 -c" "EXTRA_COMPILER_FLAGS=-mcpu=cortex-a9 -mfpu=vfpv3 -mfloat-abi=hard -nos
TRACE::2025-03-11.14:14:19::SCWBDomain::tartfiles -g -Wall -Wextra -fno-tree-loop-distribute-patterns"

TRACE::2025-03-11.14:14:19::SCWBDomain::"Running Make include in ps7_cortexa9_0/libsrc/scugic_v5_1/src"

TRACE::2025-03-11.14:14:19::SCWBDomain::make -C ps7_cortexa9_0/libsrc/scugic_v5_1/src -s include  "SHELL=CMD" "COMPILER=arm-none-eabi-gcc" "ASSEMBLER=arm-none-eabi-as"
TRACE::2025-03-11.14:14:19::SCWBDomain:: "ARCHIVER=arm-none-eabi-ar" "COMPILER_FLAGS=  -O2 -c" "EXTRA_COMPILER_FLAGS=-mcpu=cortex-a9 -mfpu=vfpv3 -mfloat-abi=hard -nost
TRACE::2025-03-11.14:14:19::SCWBDomain::artfiles -g -Wall -Wextra -fno-tree-loop-distribute-patterns"

TRACE::2025-03-11.14:14:19::SCWBDomain::"Running Make include in ps7_cortexa9_0/libsrc/scutimer_v2_4/src"

TRACE::2025-03-11.14:14:19::SCWBDomain::make -C ps7_cortexa9_0/libsrc/scutimer_v2_4/src -s include  "SHELL=CMD" "COMPILER=arm-none-eabi-gcc" "ASSEMBLER=arm-none-eabi-a
TRACE::2025-03-11.14:14:19::SCWBDomain::s" "ARCHIVER=arm-none-eabi-ar" "COMPILER_FLAGS=  -O2 -c" "EXTRA_COMPILER_FLAGS=-mcpu=cortex-a9 -mfpu=vfpv3 -mfloat-abi=hard -no
TRACE::2025-03-11.14:14:19::SCWBDomain::startfiles -g -Wall -Wextra -fno-tree-loop-distribute-patterns"

TRACE::2025-03-11.14:14:19::SCWBDomain::"Running Make include in ps7_cortexa9_0/libsrc/scuwdt_v2_4/src"

TRACE::2025-03-11.14:14:19::SCWBDomain::make -C ps7_cortexa9_0/libsrc/scuwdt_v2_4/src -s include  "SHELL=CMD" "COMPILER=arm-none-eabi-gcc" "ASSEMBLER=arm-none-eabi-as"
TRACE::2025-03-11.14:14:19::SCWBDomain:: "ARCHIVER=arm-none-eabi-ar" "COMPILER_FLAGS=  -O2 -c" "EXTRA_COMPILER_FLAGS=-mcpu=cortex-a9 -mfpu=vfpv3 -mfloat-abi=hard -nost
TRACE::2025-03-11.14:14:19::SCWBDomain::artfiles -g -Wall -Wextra -fno-tree-loop-distribute-patterns"

TRACE::2025-03-11.14:14:20::SCWBDomain::"Running Make include in ps7_cortexa9_0/libsrc/standalone_v8_1/src"

TRACE::2025-03-11.14:14:20::SCWBDomain::make -C ps7_cortexa9_0/libsrc/standalone_v8_1/src -s include  "SHELL=CMD" "COMPILER=arm-none-eabi-gcc" "ASSEMBLER=arm-none-eabi
TRACE::2025-03-11.14:14:20::SCWBDomain::-as" "ARCHIVER=arm-none-eabi-ar" "COMPILER_FLAGS=  -O2 -c" "EXTRA_COMPILER_FLAGS=-mcpu=cortex-a9 -mfpu=vfpv3 -mfloat-abi=hard -
TRACE::2025-03-11.14:14:20::SCWBDomain::nostartfiles -g -Wall -Wextra -fno-tree-loop-distribute-patterns"

TRACE::2025-03-11.14:14:20::SCWBDomain::"Running Make include in ps7_cortexa9_0/libsrc/uartps_v3_12/src"

TRACE::2025-03-11.14:14:20::SCWBDomain::make -C ps7_cortexa9_0/libsrc/uartps_v3_12/src -s include  "SHELL=CMD" "COMPILER=arm-none-eabi-gcc" "ASSEMBLER=arm-none-eabi-as
TRACE::2025-03-11.14:14:20::SCWBDomain::" "ARCHIVER=arm-none-eabi-ar" "COMPILER_FLAGS=  -O2 -c" "EXTRA_COMPILER_FLAGS=-mcpu=cortex-a9 -mfpu=vfpv3 -mfloat-abi=hard -nos
TRACE::2025-03-11.14:14:20::SCWBDomain::tartfiles -g -Wall -Wextra -fno-tree-loop-distribute-patterns"

TRACE::2025-03-11.14:14:20::SCWBDomain::"Running Make include in ps7_cortexa9_0/libsrc/xadcps_v2_6/src"

TRACE::2025-03-11.14:14:20::SCWBDomain::make -C ps7_cortexa9_0/libsrc/xadcps_v2_6/src -s include  "SHELL=CMD" "COMPILER=arm-none-eabi-gcc" "ASSEMBLER=arm-none-eabi-as"
TRACE::2025-03-11.14:14:20::SCWBDomain:: "ARCHIVER=arm-none-eabi-ar" "COMPILER_FLAGS=  -O2 -c" "EXTRA_COMPILER_FLAGS=-mcpu=cortex-a9 -mfpu=vfpv3 -mfloat-abi=hard -nost
TRACE::2025-03-11.14:14:20::SCWBDomain::artfiles -g -Wall -Wextra -fno-tree-loop-distribute-patterns"

TRACE::2025-03-11.14:14:20::SCWBDomain::"Running Make include in ps7_cortexa9_0/libsrc/xilffs_v5_0/src"

TRACE::2025-03-11.14:14:20::SCWBDomain::make -C ps7_cortexa9_0/libsrc/xilffs_v5_0/src -s include  "SHELL=CMD" "COMPILER=arm-none-eabi-gcc" "ASSEMBLER=arm-none-eabi-as"
TRACE::2025-03-11.14:14:20::SCWBDomain:: "ARCHIVER=arm-none-eabi-ar" "COMPILER_FLAGS=  -O2 -c" "EXTRA_COMPILER_FLAGS=-mcpu=cortex-a9 -mfpu=vfpv3 -mfloat-abi=hard -nost
TRACE::2025-03-11.14:14:20::SCWBDomain::artfiles -g -Wall -Wextra -fno-tree-loop-distribute-patterns"

TRACE::2025-03-11.14:14:20::SCWBDomain::"Running Make include in ps7_cortexa9_0/libsrc/xilrsa_v1_6/src"

TRACE::2025-03-11.14:14:20::SCWBDomain::make -C ps7_cortexa9_0/libsrc/xilrsa_v1_6/src -s include  "SHELL=CMD" "COMPILER=arm-none-eabi-gcc" "ASSEMBLER=arm-none-eabi-as"
TRACE::2025-03-11.14:14:20::SCWBDomain:: "ARCHIVER=arm-none-eabi-ar" "COMPILER_FLAGS=  -O2 -c" "EXTRA_COMPILER_FLAGS=-mcpu=cortex-a9 -mfpu=vfpv3 -mfloat-abi=hard -nost
TRACE::2025-03-11.14:14:20::SCWBDomain::artfiles -g -Wall -Wextra -fno-tree-loop-distribute-patterns"

TRACE::2025-03-11.14:14:20::SCWBDomain::"Running Make libs in ps7_cortexa9_0/libsrc/xilrsa_v1_6/src"

TRACE::2025-03-11.14:14:20::SCWBDomain::make -C ps7_cortexa9_0/libsrc/xilrsa_v1_6/src -s libs  "SHELL=CMD" "COMPILER=arm-none-eabi-gcc" "ASSEMBLER=arm-none-eabi-as" "A
TRACE::2025-03-11.14:14:20::SCWBDomain::RCHIVER=arm-none-eabi-ar" "COMPILER_FLAGS=  -O2 -c" "EXTRA_COMPILER_FLAGS=-mcpu=cortex-a9 -mfpu=vfpv3 -mfloat-abi=hard -nostart
TRACE::2025-03-11.14:14:20::SCWBDomain::files -g -Wall -Wextra -fno-tree-loop-distribute-patterns"

TRACE::2025-03-11.14:14:20::SCWBDomain::'Finished building libraries sequentially.'

TRACE::2025-03-11.14:14:20::SCWBDomain::make -j 10 --no-print-directory par_libs

TRACE::2025-03-11.14:14:20::SCWBDomain::"Running Make include in ps7_cortexa9_0/libsrc/bram_v4_8/src"

TRACE::2025-03-11.14:14:20::SCWBDomain::make -C ps7_cortexa9_0/libsrc/bram_v4_8/src -s include  "SHELL=CMD" "COMPILER=arm-none-eabi-gcc" "ASSEMBLER=arm-none-eabi-as" "
TRACE::2025-03-11.14:14:20::SCWBDomain::ARCHIVER=arm-none-eabi-ar" "COMPILER_FLAGS=  -O2 -c" "EXTRA_COMPILER_FLAGS=-mcpu=cortex-a9 -mfpu=vfpv3 -mfloat-abi=hard -nostar
TRACE::2025-03-11.14:14:20::SCWBDomain::tfiles -g -Wall -Wextra -fno-tree-loop-distribute-patterns"

TRACE::2025-03-11.14:14:20::SCWBDomain::"Running Make include in ps7_cortexa9_0/libsrc/coresightps_dcc_v1_8/src"

TRACE::2025-03-11.14:14:20::SCWBDomain::make -C ps7_cortexa9_0/libsrc/coresightps_dcc_v1_8/src -s include  "SHELL=CMD" "COMPILER=arm-none-eabi-gcc" "ASSEMBLER=arm-none
TRACE::2025-03-11.14:14:20::SCWBDomain::-eabi-as" "ARCHIVER=arm-none-eabi-ar" "COMPILER_FLAGS=  -O2 -c" "EXTRA_COMPILER_FLAGS=-mcpu=cortex-a9 -mfpu=vfpv3 -mfloat-abi=h
TRACE::2025-03-11.14:14:20::SCWBDomain::ard -nostartfiles -g -Wall -Wextra -fno-tree-loop-distribute-patterns"

TRACE::2025-03-11.14:14:20::SCWBDomain::"Running Make include in ps7_cortexa9_0/libsrc/cpu_cortexa9_v2_11/src"

TRACE::2025-03-11.14:14:20::SCWBDomain::make -C ps7_cortexa9_0/libsrc/cpu_cortexa9_v2_11/src -s include  "SHELL=CMD" "COMPILER=arm-none-eabi-gcc" "ASSEMBLER=arm-none-e
TRACE::2025-03-11.14:14:20::SCWBDomain::abi-as" "ARCHIVER=arm-none-eabi-ar" "COMPILER_FLAGS=  -O2 -c" "EXTRA_COMPILER_FLAGS=-mcpu=cortex-a9 -mfpu=vfpv3 -mfloat-abi=har
TRACE::2025-03-11.14:14:20::SCWBDomain::d -nostartfiles -g -Wall -Wextra -fno-tree-loop-distribute-patterns"

TRACE::2025-03-11.14:14:20::SCWBDomain::"Running Make include in ps7_cortexa9_0/libsrc/ddrps_v1_2/src"

TRACE::2025-03-11.14:14:20::SCWBDomain::make -C ps7_cortexa9_0/libsrc/ddrps_v1_2/src -s include  "SHELL=CMD" "COMPILER=arm-none-eabi-gcc" "ASSEMBLER=arm-none-eabi-as" 
TRACE::2025-03-11.14:14:20::SCWBDomain::"ARCHIVER=arm-none-eabi-ar" "COMPILER_FLAGS=  -O2 -c" "EXTRA_COMPILER_FLAGS=-mcpu=cortex-a9 -mfpu=vfpv3 -mfloat-abi=hard -nosta
TRACE::2025-03-11.14:14:20::SCWBDomain::rtfiles -g -Wall -Wextra -fno-tree-loop-distribute-patterns"

TRACE::2025-03-11.14:14:20::SCWBDomain::"Running Make include in ps7_cortexa9_0/libsrc/devcfg_v3_7/src"

TRACE::2025-03-11.14:14:20::SCWBDomain::make -C ps7_cortexa9_0/libsrc/devcfg_v3_7/src -s include  "SHELL=CMD" "COMPILER=arm-none-eabi-gcc" "ASSEMBLER=arm-none-eabi-as"
TRACE::2025-03-11.14:14:20::SCWBDomain:: "ARCHIVER=arm-none-eabi-ar" "COMPILER_FLAGS=  -O2 -c" "EXTRA_COMPILER_FLAGS=-mcpu=cortex-a9 -mfpu=vfpv3 -mfloat-abi=hard -nost
TRACE::2025-03-11.14:14:20::SCWBDomain::artfiles -g -Wall -Wextra -fno-tree-loop-distribute-patterns"

TRACE::2025-03-11.14:14:20::SCWBDomain::"Running Make include in ps7_cortexa9_0/libsrc/dmaps_v2_8/src"

TRACE::2025-03-11.14:14:20::SCWBDomain::make -C ps7_cortexa9_0/libsrc/dmaps_v2_8/src -s include  "SHELL=CMD" "COMPILER=arm-none-eabi-gcc" "ASSEMBLER=arm-none-eabi-as" 
TRACE::2025-03-11.14:14:20::SCWBDomain::"ARCHIVER=arm-none-eabi-ar" "COMPILER_FLAGS=  -O2 -c" "EXTRA_COMPILER_FLAGS=-mcpu=cortex-a9 -mfpu=vfpv3 -mfloat-abi=hard -nosta
TRACE::2025-03-11.14:14:20::SCWBDomain::rtfiles -g -Wall -Wextra -fno-tree-loop-distribute-patterns"

TRACE::2025-03-11.14:14:20::SCWBDomain::"Running Make include in ps7_cortexa9_0/libsrc/gpiops_v3_11/src"

TRACE::2025-03-11.14:14:20::SCWBDomain::make -C ps7_cortexa9_0/libsrc/gpiops_v3_11/src -s include  "SHELL=CMD" "COMPILER=arm-none-eabi-gcc" "ASSEMBLER=arm-none-eabi-as
TRACE::2025-03-11.14:14:20::SCWBDomain::" "ARCHIVER=arm-none-eabi-ar" "COMPILER_FLAGS=  -O2 -c" "EXTRA_COMPILER_FLAGS=-mcpu=cortex-a9 -mfpu=vfpv3 -mfloat-abi=hard -nos
TRACE::2025-03-11.14:14:20::SCWBDomain::tartfiles -g -Wall -Wextra -fno-tree-loop-distribute-patterns"

TRACE::2025-03-11.14:14:20::SCWBDomain::"Running Make include in ps7_cortexa9_0/libsrc/scugic_v5_1/src"

TRACE::2025-03-11.14:14:20::SCWBDomain::make -C ps7_cortexa9_0/libsrc/scugic_v5_1/src -s include  "SHELL=CMD" "COMPILER=arm-none-eabi-gcc" "ASSEMBLER=arm-none-eabi-as"
TRACE::2025-03-11.14:14:20::SCWBDomain:: "ARCHIVER=arm-none-eabi-ar" "COMPILER_FLAGS=  -O2 -c" "EXTRA_COMPILER_FLAGS=-mcpu=cortex-a9 -mfpu=vfpv3 -mfloat-abi=hard -nost
TRACE::2025-03-11.14:14:20::SCWBDomain::artfiles -g -Wall -Wextra -fno-tree-loop-distribute-patterns"

TRACE::2025-03-11.14:14:20::SCWBDomain::"Running Make include in ps7_cortexa9_0/libsrc/scutimer_v2_4/src"

TRACE::2025-03-11.14:14:20::SCWBDomain::make -C ps7_cortexa9_0/libsrc/scutimer_v2_4/src -s include  "SHELL=CMD" "COMPILER=arm-none-eabi-gcc" "ASSEMBLER=arm-none-eabi-a
TRACE::2025-03-11.14:14:20::SCWBDomain::s" "ARCHIVER=arm-none-eabi-ar" "COMPILER_FLAGS=  -O2 -c" "EXTRA_COMPILER_FLAGS=-mcpu=cortex-a9 -mfpu=vfpv3 -mfloat-abi=hard -no
TRACE::2025-03-11.14:14:20::SCWBDomain::startfiles -g -Wall -Wextra -fno-tree-loop-distribute-patterns"

TRACE::2025-03-11.14:14:21::SCWBDomain::"Running Make include in ps7_cortexa9_0/libsrc/scuwdt_v2_4/src"

TRACE::2025-03-11.14:14:21::SCWBDomain::make -C ps7_cortexa9_0/libsrc/scuwdt_v2_4/src -s include  "SHELL=CMD" "COMPILER=arm-none-eabi-gcc" "ASSEMBLER=arm-none-eabi-as"
TRACE::2025-03-11.14:14:21::SCWBDomain:: "ARCHIVER=arm-none-eabi-ar" "COMPILER_FLAGS=  -O2 -c" "EXTRA_COMPILER_FLAGS=-mcpu=cortex-a9 -mfpu=vfpv3 -mfloat-abi=hard -nost
TRACE::2025-03-11.14:14:21::SCWBDomain::artfiles -g -Wall -Wextra -fno-tree-loop-distribute-patterns"

TRACE::2025-03-11.14:14:21::SCWBDomain::"Running Make include in ps7_cortexa9_0/libsrc/standalone_v8_1/src"

TRACE::2025-03-11.14:14:21::SCWBDomain::make -C ps7_cortexa9_0/libsrc/standalone_v8_1/src -s include  "SHELL=CMD" "COMPILER=arm-none-eabi-gcc" "ASSEMBLER=arm-none-eabi
TRACE::2025-03-11.14:14:21::SCWBDomain::-as" "ARCHIVER=arm-none-eabi-ar" "COMPILER_FLAGS=  -O2 -c" "EXTRA_COMPILER_FLAGS=-mcpu=cortex-a9 -mfpu=vfpv3 -mfloat-abi=hard -
TRACE::2025-03-11.14:14:21::SCWBDomain::nostartfiles -g -Wall -Wextra -fno-tree-loop-distribute-patterns"

TRACE::2025-03-11.14:14:21::SCWBDomain::"Running Make include in ps7_cortexa9_0/libsrc/uartps_v3_12/src"

TRACE::2025-03-11.14:14:21::SCWBDomain::make -C ps7_cortexa9_0/libsrc/uartps_v3_12/src -s include  "SHELL=CMD" "COMPILER=arm-none-eabi-gcc" "ASSEMBLER=arm-none-eabi-as
TRACE::2025-03-11.14:14:21::SCWBDomain::" "ARCHIVER=arm-none-eabi-ar" "COMPILER_FLAGS=  -O2 -c" "EXTRA_COMPILER_FLAGS=-mcpu=cortex-a9 -mfpu=vfpv3 -mfloat-abi=hard -nos
TRACE::2025-03-11.14:14:21::SCWBDomain::tartfiles -g -Wall -Wextra -fno-tree-loop-distribute-patterns"

TRACE::2025-03-11.14:14:21::SCWBDomain::"Running Make include in ps7_cortexa9_0/libsrc/xadcps_v2_6/src"

TRACE::2025-03-11.14:14:21::SCWBDomain::make -C ps7_cortexa9_0/libsrc/xadcps_v2_6/src -s include  "SHELL=CMD" "COMPILER=arm-none-eabi-gcc" "ASSEMBLER=arm-none-eabi-as"
TRACE::2025-03-11.14:14:21::SCWBDomain:: "ARCHIVER=arm-none-eabi-ar" "COMPILER_FLAGS=  -O2 -c" "EXTRA_COMPILER_FLAGS=-mcpu=cortex-a9 -mfpu=vfpv3 -mfloat-abi=hard -nost
TRACE::2025-03-11.14:14:21::SCWBDomain::artfiles -g -Wall -Wextra -fno-tree-loop-distribute-patterns"

TRACE::2025-03-11.14:14:21::SCWBDomain::"Running Make include in ps7_cortexa9_0/libsrc/xilffs_v5_0/src"

TRACE::2025-03-11.14:14:21::SCWBDomain::make -C ps7_cortexa9_0/libsrc/xilffs_v5_0/src -s include  "SHELL=CMD" "COMPILER=arm-none-eabi-gcc" "ASSEMBLER=arm-none-eabi-as"
TRACE::2025-03-11.14:14:21::SCWBDomain:: "ARCHIVER=arm-none-eabi-ar" "COMPILER_FLAGS=  -O2 -c" "EXTRA_COMPILER_FLAGS=-mcpu=cortex-a9 -mfpu=vfpv3 -mfloat-abi=hard -nost
TRACE::2025-03-11.14:14:21::SCWBDomain::artfiles -g -Wall -Wextra -fno-tree-loop-distribute-patterns"

TRACE::2025-03-11.14:14:21::SCWBDomain::"Running Make include in ps7_cortexa9_0/libsrc/xilrsa_v1_6/src"

TRACE::2025-03-11.14:14:21::SCWBDomain::make -C ps7_cortexa9_0/libsrc/xilrsa_v1_6/src -s include  "SHELL=CMD" "COMPILER=arm-none-eabi-gcc" "ASSEMBLER=arm-none-eabi-as"
TRACE::2025-03-11.14:14:21::SCWBDomain:: "ARCHIVER=arm-none-eabi-ar" "COMPILER_FLAGS=  -O2 -c" "EXTRA_COMPILER_FLAGS=-mcpu=cortex-a9 -mfpu=vfpv3 -mfloat-abi=hard -nost
TRACE::2025-03-11.14:14:21::SCWBDomain::artfiles -g -Wall -Wextra -fno-tree-loop-distribute-patterns"

TRACE::2025-03-11.14:14:21::SCWBDomain::"Running Make libs in ps7_cortexa9_0/libsrc/bram_v4_8/src"

TRACE::2025-03-11.14:14:21::SCWBDomain::make -C ps7_cortexa9_0/libsrc/bram_v4_8/src -s libs  "SHELL=CMD" "COMPILER=arm-none-eabi-gcc" "ASSEMBLER=arm-none-eabi-as" "ARC
TRACE::2025-03-11.14:14:21::SCWBDomain::HIVER=arm-none-eabi-ar" "COMPILER_FLAGS=  -O2 -c" "EXTRA_COMPILER_FLAGS=-mcpu=cortex-a9 -mfpu=vfpv3 -mfloat-abi=hard -nostartfi
TRACE::2025-03-11.14:14:21::SCWBDomain::les -g -Wall -Wextra -fno-tree-loop-distribute-patterns"

TRACE::2025-03-11.14:14:21::SCWBDomain::"Running Make libs in ps7_cortexa9_0/libsrc/coresightps_dcc_v1_8/src"

TRACE::2025-03-11.14:14:21::SCWBDomain::make -C ps7_cortexa9_0/libsrc/coresightps_dcc_v1_8/src -s libs  "SHELL=CMD" "COMPILER=arm-none-eabi-gcc" "ASSEMBLER=arm-none-ea
TRACE::2025-03-11.14:14:21::SCWBDomain::bi-as" "ARCHIVER=arm-none-eabi-ar" "COMPILER_FLAGS=  -O2 -c" "EXTRA_COMPILER_FLAGS=-mcpu=cortex-a9 -mfpu=vfpv3 -mfloat-abi=hard
TRACE::2025-03-11.14:14:21::SCWBDomain:: -nostartfiles -g -Wall -Wextra -fno-tree-loop-distribute-patterns"

TRACE::2025-03-11.14:14:21::SCWBDomain::"Running Make libs in ps7_cortexa9_0/libsrc/cpu_cortexa9_v2_11/src"

TRACE::2025-03-11.14:14:21::SCWBDomain::make -C ps7_cortexa9_0/libsrc/cpu_cortexa9_v2_11/src -s libs  "SHELL=CMD" "COMPILER=arm-none-eabi-gcc" "ASSEMBLER=arm-none-eabi
TRACE::2025-03-11.14:14:21::SCWBDomain::-as" "ARCHIVER=arm-none-eabi-ar" "COMPILER_FLAGS=  -O2 -c" "EXTRA_COMPILER_FLAGS=-mcpu=cortex-a9 -mfpu=vfpv3 -mfloat-abi=hard -
TRACE::2025-03-11.14:14:21::SCWBDomain::nostartfiles -g -Wall -Wextra -fno-tree-loop-distribute-patterns"

TRACE::2025-03-11.14:14:21::SCWBDomain::"Running Make libs in ps7_cortexa9_0/libsrc/ddrps_v1_2/src"

TRACE::2025-03-11.14:14:21::SCWBDomain::make -C ps7_cortexa9_0/libsrc/ddrps_v1_2/src -s libs  "SHELL=CMD" "COMPILER=arm-none-eabi-gcc" "ASSEMBLER=arm-none-eabi-as" "AR
TRACE::2025-03-11.14:14:21::SCWBDomain::CHIVER=arm-none-eabi-ar" "COMPILER_FLAGS=  -O2 -c" "EXTRA_COMPILER_FLAGS=-mcpu=cortex-a9 -mfpu=vfpv3 -mfloat-abi=hard -nostartf
TRACE::2025-03-11.14:14:21::SCWBDomain::iles -g -Wall -Wextra -fno-tree-loop-distribute-patterns"

TRACE::2025-03-11.14:14:21::SCWBDomain::"Running Make libs in ps7_cortexa9_0/libsrc/devcfg_v3_7/src"

TRACE::2025-03-11.14:14:21::SCWBDomain::make -C ps7_cortexa9_0/libsrc/devcfg_v3_7/src -s libs  "SHELL=CMD" "COMPILER=arm-none-eabi-gcc" "ASSEMBLER=arm-none-eabi-as" "A
TRACE::2025-03-11.14:14:21::SCWBDomain::RCHIVER=arm-none-eabi-ar" "COMPILER_FLAGS=  -O2 -c" "EXTRA_COMPILER_FLAGS=-mcpu=cortex-a9 -mfpu=vfpv3 -mfloat-abi=hard -nostart
TRACE::2025-03-11.14:14:21::SCWBDomain::files -g -Wall -Wextra -fno-tree-loop-distribute-patterns"

TRACE::2025-03-11.14:14:21::SCWBDomain::"Running Make libs in ps7_cortexa9_0/libsrc/dmaps_v2_8/src"

TRACE::2025-03-11.14:14:21::SCWBDomain::make -C ps7_cortexa9_0/libsrc/dmaps_v2_8/src -s libs  "SHELL=CMD" "COMPILER=arm-none-eabi-gcc" "ASSEMBLER=arm-none-eabi-as" "AR
TRACE::2025-03-11.14:14:21::SCWBDomain::CHIVER=arm-none-eabi-ar" "COMPILER_FLAGS=  -O2 -c" "EXTRA_COMPILER_FLAGS=-mcpu=cortex-a9 -mfpu=vfpv3 -mfloat-abi=hard -nostartf
TRACE::2025-03-11.14:14:21::SCWBDomain::iles -g -Wall -Wextra -fno-tree-loop-distribute-patterns"

TRACE::2025-03-11.14:14:21::SCWBDomain::"Running Make libs in ps7_cortexa9_0/libsrc/gpiops_v3_11/src"

TRACE::2025-03-11.14:14:21::SCWBDomain::make -C ps7_cortexa9_0/libsrc/gpiops_v3_11/src -s libs  "SHELL=CMD" "COMPILER=arm-none-eabi-gcc" "ASSEMBLER=arm-none-eabi-as" "
TRACE::2025-03-11.14:14:21::SCWBDomain::ARCHIVER=arm-none-eabi-ar" "COMPILER_FLAGS=  -O2 -c" "EXTRA_COMPILER_FLAGS=-mcpu=cortex-a9 -mfpu=vfpv3 -mfloat-abi=hard -nostar
TRACE::2025-03-11.14:14:21::SCWBDomain::tfiles -g -Wall -Wextra -fno-tree-loop-distribute-patterns"

TRACE::2025-03-11.14:14:21::SCWBDomain::"Running Make libs in ps7_cortexa9_0/libsrc/scugic_v5_1/src"

TRACE::2025-03-11.14:14:21::SCWBDomain::make -C ps7_cortexa9_0/libsrc/scugic_v5_1/src -s libs  "SHELL=CMD" "COMPILER=arm-none-eabi-gcc" "ASSEMBLER=arm-none-eabi-as" "A
TRACE::2025-03-11.14:14:21::SCWBDomain::RCHIVER=arm-none-eabi-ar" "COMPILER_FLAGS=  -O2 -c" "EXTRA_COMPILER_FLAGS=-mcpu=cortex-a9 -mfpu=vfpv3 -mfloat-abi=hard -nostart
TRACE::2025-03-11.14:14:21::SCWBDomain::files -g -Wall -Wextra -fno-tree-loop-distribute-patterns"

TRACE::2025-03-11.14:14:21::SCWBDomain::"Running Make libs in ps7_cortexa9_0/libsrc/scutimer_v2_4/src"

TRACE::2025-03-11.14:14:21::SCWBDomain::make -C ps7_cortexa9_0/libsrc/scutimer_v2_4/src -s libs  "SHELL=CMD" "COMPILER=arm-none-eabi-gcc" "ASSEMBLER=arm-none-eabi-as" 
TRACE::2025-03-11.14:14:21::SCWBDomain::"ARCHIVER=arm-none-eabi-ar" "COMPILER_FLAGS=  -O2 -c" "EXTRA_COMPILER_FLAGS=-mcpu=cortex-a9 -mfpu=vfpv3 -mfloat-abi=hard -nosta
TRACE::2025-03-11.14:14:21::SCWBDomain::rtfiles -g -Wall -Wextra -fno-tree-loop-distribute-patterns"

TRACE::2025-03-11.14:14:22::SCWBDomain::"Running Make libs in ps7_cortexa9_0/libsrc/scuwdt_v2_4/src"

TRACE::2025-03-11.14:14:22::SCWBDomain::make -C ps7_cortexa9_0/libsrc/scuwdt_v2_4/src -s libs  "SHELL=CMD" "COMPILER=arm-none-eabi-gcc" "ASSEMBLER=arm-none-eabi-as" "A
TRACE::2025-03-11.14:14:22::SCWBDomain::RCHIVER=arm-none-eabi-ar" "COMPILER_FLAGS=  -O2 -c" "EXTRA_COMPILER_FLAGS=-mcpu=cortex-a9 -mfpu=vfpv3 -mfloat-abi=hard -nostart
TRACE::2025-03-11.14:14:22::SCWBDomain::files -g -Wall -Wextra -fno-tree-loop-distribute-patterns"

TRACE::2025-03-11.14:14:22::SCWBDomain::"Running Make libs in ps7_cortexa9_0/libsrc/standalone_v8_1/src"

TRACE::2025-03-11.14:14:22::SCWBDomain::make -C ps7_cortexa9_0/libsrc/standalone_v8_1/src -s libs  "SHELL=CMD" "COMPILER=arm-none-eabi-gcc" "ASSEMBLER=arm-none-eabi-as
TRACE::2025-03-11.14:14:22::SCWBDomain::" "ARCHIVER=arm-none-eabi-ar" "COMPILER_FLAGS=  -O2 -c" "EXTRA_COMPILER_FLAGS=-mcpu=cortex-a9 -mfpu=vfpv3 -mfloat-abi=hard -nos
TRACE::2025-03-11.14:14:22::SCWBDomain::tartfiles -g -Wall -Wextra -fno-tree-loop-distribute-patterns"

TRACE::2025-03-11.14:14:22::SCWBDomain::"Running Make libs in ps7_cortexa9_0/libsrc/uartps_v3_12/src"

TRACE::2025-03-11.14:14:22::SCWBDomain::make -C ps7_cortexa9_0/libsrc/uartps_v3_12/src -s libs  "SHELL=CMD" "COMPILER=arm-none-eabi-gcc" "ASSEMBLER=arm-none-eabi-as" "
TRACE::2025-03-11.14:14:22::SCWBDomain::ARCHIVER=arm-none-eabi-ar" "COMPILER_FLAGS=  -O2 -c" "EXTRA_COMPILER_FLAGS=-mcpu=cortex-a9 -mfpu=vfpv3 -mfloat-abi=hard -nostar
TRACE::2025-03-11.14:14:22::SCWBDomain::tfiles -g -Wall -Wextra -fno-tree-loop-distribute-patterns"

TRACE::2025-03-11.14:14:22::SCWBDomain::"Running Make libs in ps7_cortexa9_0/libsrc/xadcps_v2_6/src"

TRACE::2025-03-11.14:14:22::SCWBDomain::make -C ps7_cortexa9_0/libsrc/xadcps_v2_6/src -s libs  "SHELL=CMD" "COMPILER=arm-none-eabi-gcc" "ASSEMBLER=arm-none-eabi-as" "A
TRACE::2025-03-11.14:14:22::SCWBDomain::RCHIVER=arm-none-eabi-ar" "COMPILER_FLAGS=  -O2 -c" "EXTRA_COMPILER_FLAGS=-mcpu=cortex-a9 -mfpu=vfpv3 -mfloat-abi=hard -nostart
TRACE::2025-03-11.14:14:22::SCWBDomain::files -g -Wall -Wextra -fno-tree-loop-distribute-patterns"

TRACE::2025-03-11.14:14:22::SCWBDomain::"Running Make libs in ps7_cortexa9_0/libsrc/xilffs_v5_0/src"

TRACE::2025-03-11.14:14:23::SCWBDomain::make -C ps7_cortexa9_0/libsrc/xilffs_v5_0/src -s libs  "SHELL=CMD" "COMPILER=arm-none-eabi-gcc" "ASSEMBLER=arm-none-eabi-as" "A
TRACE::2025-03-11.14:14:23::SCWBDomain::RCHIVER=arm-none-eabi-ar" "COMPILER_FLAGS=  -O2 -c" "EXTRA_COMPILER_FLAGS=-mcpu=cortex-a9 -mfpu=vfpv3 -mfloat-abi=hard -nostart
TRACE::2025-03-11.14:14:23::SCWBDomain::files -g -Wall -Wextra -fno-tree-loop-distribute-patterns"

TRACE::2025-03-11.14:14:24::SCWBDomain::'Finished building libraries parallelly.'

TRACE::2025-03-11.14:14:24::SCWBDomain::make --no-print-directory archive

TRACE::2025-03-11.14:14:24::SCWBDomain::arm-none-eabi-ar -r  ps7_cortexa9_0/lib/libxil.a ps7_cortexa9_0/lib/_exit.o ps7_cortexa9_0/lib/_open.o ps7_cortexa9_0/lib/_sbrk
TRACE::2025-03-11.14:14:24::SCWBDomain::.o ps7_cortexa9_0/lib/abort.o ps7_cortexa9_0/lib/asm_vectors.o ps7_cortexa9_0/lib/boot.o ps7_cortexa9_0/lib/close.o ps7_cortexa
TRACE::2025-03-11.14:14:24::SCWBDomain::9_0/lib/cpputest_time.o ps7_cortexa9_0/lib/cpu_init.o ps7_cortexa9_0/lib/errno.o ps7_cortexa9_0/lib/fcntl.o ps7_cortexa9_0/lib/
TRACE::2025-03-11.14:14:24::SCWBDomain::fstat.o ps7_cortexa9_0/lib/getentropy.o ps7_cortexa9_0/lib/getpid.o ps7_cortexa9_0/lib/inbyte.o ps7_cortexa9_0/lib/isatty.o ps7
TRACE::2025-03-11.14:14:24::SCWBDomain::_cortexa9_0/lib/kill.o ps7_cortexa9_0/lib/lseek.o ps7_cortexa9_0/lib/open.o ps7_cortexa9_0/lib/outbyte.o ps7_cortexa9_0/lib/pri
TRACE::2025-03-11.14:14:24::SCWBDomain::nt.o ps7_cortexa9_0/lib/putnum.o ps7_cortexa9_0/lib/read.o ps7_cortexa9_0/lib/sbrk.o ps7_cortexa9_0/lib/sleep.o ps7_cortexa9_0/
TRACE::2025-03-11.14:14:24::SCWBDomain::lib/time.o ps7_cortexa9_0/lib/translation_table.o ps7_cortexa9_0/lib/unlink.o ps7_cortexa9_0/lib/usleep.o ps7_cortexa9_0/lib/ve
TRACE::2025-03-11.14:14:24::SCWBDomain::ctors.o ps7_cortexa9_0/lib/write.o ps7_cortexa9_0/lib/xadcps.o ps7_cortexa9_0/lib/xadcps_g.o ps7_cortexa9_0/lib/xadcps_intr.o p
TRACE::2025-03-11.14:14:24::SCWBDomain::s7_cortexa9_0/lib/xadcps_selftest.o ps7_cortexa9_0/lib/xadcps_sinit.o ps7_cortexa9_0/lib/xbram.o ps7_cortexa9_0/lib/xbram_g.o p
TRACE::2025-03-11.14:14:24::SCWBDomain::s7_cortexa9_0/lib/xbram_intr.o ps7_cortexa9_0/lib/xbram_selftest.o ps7_cortexa9_0/lib/xbram_sinit.o ps7_cortexa9_0/lib/xcoresig
TRACE::2025-03-11.14:14:24::SCWBDomain::htpsdcc.o ps7_cortexa9_0/lib/xdevcfg.o ps7_cortexa9_0/lib/xdevcfg_g.o ps7_cortexa9_0/lib/xdevcfg_hw.o ps7_cortexa9_0/lib/xdevcf
TRACE::2025-03-11.14:14:24::SCWBDomain::g_intr.o ps7_cortexa9_0/lib/xdevcfg_selftest.o ps7_cortexa9_0/lib/xdevcfg_sinit.o ps7_cortexa9_0/lib/xdmaps.o ps7_cortexa9_0/li
TRACE::2025-03-11.14:14:24::SCWBDomain::b/xdmaps_g.o ps7_cortexa9_0/lib/xdmaps_hw.o ps7_cortexa9_0/lib/xdmaps_selftest.o ps7_cortexa9_0/lib/xdmaps_sinit.o ps7_cortexa9
TRACE::2025-03-11.14:14:24::SCWBDomain::_0/lib/xgpiops.o ps7_cortexa9_0/lib/xgpiops_g.o ps7_cortexa9_0/lib/xgpiops_hw.o ps7_cortexa9_0/lib/xgpiops_intr.o ps7_cortexa9_
TRACE::2025-03-11.14:14:24::SCWBDomain::0/lib/xgpiops_selftest.o ps7_cortexa9_0/lib/xgpiops_sinit.o ps7_cortexa9_0/lib/xil-crt0.o ps7_cortexa9_0/lib/xil_assert.o ps7_c
TRACE::2025-03-11.14:14:24::SCWBDomain::ortexa9_0/lib/xil_cache.o ps7_cortexa9_0/lib/xil_clocking.o ps7_cortexa9_0/lib/xil_exception.o ps7_cortexa9_0/lib/xil_mem.o ps7
TRACE::2025-03-11.14:14:24::SCWBDomain::_cortexa9_0/lib/xil_misc_psreset_api.o ps7_cortexa9_0/lib/xil_mmu.o ps7_cortexa9_0/lib/xil_printf.o ps7_cortexa9_0/lib/xil_slee
TRACE::2025-03-11.14:14:24::SCWBDomain::pcommon.o ps7_cortexa9_0/lib/xil_sleeptimer.o ps7_cortexa9_0/lib/xil_spinlock.o ps7_cortexa9_0/lib/xil_testcache.o ps7_cortexa9
TRACE::2025-03-11.14:14:24::SCWBDomain::_0/lib/xil_testio.o ps7_cortexa9_0/lib/xil_testmem.o ps7_cortexa9_0/lib/xil_util.o ps7_cortexa9_0/lib/xinterrupt_wrap.o ps7_cor
TRACE::2025-03-11.14:14:24::SCWBDomain::texa9_0/lib/xl2cc_counter.o ps7_cortexa9_0/lib/xplatform_info.o ps7_cortexa9_0/lib/xpm_counter.o ps7_cortexa9_0/lib/xscugic.o p
TRACE::2025-03-11.14:14:24::SCWBDomain::s7_cortexa9_0/lib/xscugic_g.o ps7_cortexa9_0/lib/xscugic_hw.o ps7_cortexa9_0/lib/xscugic_intr.o ps7_cortexa9_0/lib/xscugic_self
TRACE::2025-03-11.14:14:24::SCWBDomain::test.o ps7_cortexa9_0/lib/xscugic_sinit.o ps7_cortexa9_0/lib/xscutimer.o ps7_cortexa9_0/lib/xscutimer_g.o ps7_cortexa9_0/lib/xs
TRACE::2025-03-11.14:14:24::SCWBDomain::cutimer_selftest.o ps7_cortexa9_0/lib/xscutimer_sinit.o ps7_cortexa9_0/lib/xscuwdt.o ps7_cortexa9_0/lib/xscuwdt_g.o ps7_cortexa
TRACE::2025-03-11.14:14:24::SCWBDomain::9_0/lib/xscuwdt_selftest.o ps7_cortexa9_0/lib/xscuwdt_sinit.o ps7_cortexa9_0/lib/xtime_l.o ps7_cortexa9_0/lib/xuartps.o ps7_cor
TRACE::2025-03-11.14:14:24::SCWBDomain::texa9_0/lib/xuartps_g.o ps7_cortexa9_0/lib/xuartps_hw.o ps7_cortexa9_0/lib/xuartps_intr.o ps7_cortexa9_0/lib/xuartps_options.o 
TRACE::2025-03-11.14:14:24::SCWBDomain::ps7_cortexa9_0/lib/xuartps_selftest.o ps7_cortexa9_0/lib/xuartps_sinit.o

TRACE::2025-03-11.14:14:24::SCWBDomain::'Finished building libraries'

TRACE::2025-03-11.14:14:24::SCWBDomain::make: Leaving directory 'C:/Users/junoh/vivado23/DSD25_Termprj/00_RTL_Skeleton/workspace/design_1_wrapper/zynq_fsbl/zynq_fsbl_b
TRACE::2025-03-11.14:14:24::SCWBDomain::sp'

TRACE::2025-03-11.14:14:25::SCWBDomain::arm-none-eabi-gcc  -O2 -c -MMD -MP       -mcpu=cortex-a9 -mfpu=vfpv3 -mfloat-abi=hard  -c sd.c -o sd.o -Izynq_fsbl_bsp/ps7_cort
TRACE::2025-03-11.14:14:25::SCWBDomain::exa9_0/include -I.

TRACE::2025-03-11.14:14:25::SCWBDomain::arm-none-eabi-gcc  -O2 -c -MMD -MP       -mcpu=cortex-a9 -mfpu=vfpv3 -mfloat-abi=hard  -c nand.c -o nand.o -Izynq_fsbl_bsp/ps7_
TRACE::2025-03-11.14:14:25::SCWBDomain::cortexa9_0/include -I.

TRACE::2025-03-11.14:14:25::SCWBDomain::arm-none-eabi-gcc  -O2 -c -MMD -MP       -mcpu=cortex-a9 -mfpu=vfpv3 -mfloat-abi=hard  -c image_mover.c -o image_mover.o -Izynq
TRACE::2025-03-11.14:14:25::SCWBDomain::_fsbl_bsp/ps7_cortexa9_0/include -I.

TRACE::2025-03-11.14:14:25::SCWBDomain::arm-none-eabi-gcc  -O2 -c -MMD -MP       -mcpu=cortex-a9 -mfpu=vfpv3 -mfloat-abi=hard  -c md5.c -o md5.o -Izynq_fsbl_bsp/ps7_co
TRACE::2025-03-11.14:14:25::SCWBDomain::rtexa9_0/include -I.

TRACE::2025-03-11.14:14:25::SCWBDomain::arm-none-eabi-gcc  -O2 -c -MMD -MP       -mcpu=cortex-a9 -mfpu=vfpv3 -mfloat-abi=hard  -c fsbl_hooks.c -o fsbl_hooks.o -Izynq_f
TRACE::2025-03-11.14:14:25::SCWBDomain::sbl_bsp/ps7_cortexa9_0/include -I.

TRACE::2025-03-11.14:14:25::SCWBDomain::arm-none-eabi-gcc  -O2 -c -MMD -MP       -mcpu=cortex-a9 -mfpu=vfpv3 -mfloat-abi=hard  -c main.c -o main.o -Izynq_fsbl_bsp/ps7_
TRACE::2025-03-11.14:14:25::SCWBDomain::cortexa9_0/include -I.

TRACE::2025-03-11.14:14:26::SCWBDomain::arm-none-eabi-gcc  -O2 -c -MMD -MP       -mcpu=cortex-a9 -mfpu=vfpv3 -mfloat-abi=hard  -c rsa.c -o rsa.o -Izynq_fsbl_bsp/ps7_co
TRACE::2025-03-11.14:14:26::SCWBDomain::rtexa9_0/include -I.

TRACE::2025-03-11.14:14:26::SCWBDomain::arm-none-eabi-gcc  -O2 -c -MMD -MP       -mcpu=cortex-a9 -mfpu=vfpv3 -mfloat-abi=hard  -c nor.c -o nor.o -Izynq_fsbl_bsp/ps7_co
TRACE::2025-03-11.14:14:26::SCWBDomain::rtexa9_0/include -I.

TRACE::2025-03-11.14:14:26::SCWBDomain::arm-none-eabi-gcc  -O2 -c -MMD -MP       -mcpu=cortex-a9 -mfpu=vfpv3 -mfloat-abi=hard  -c qspi.c -o qspi.o -Izynq_fsbl_bsp/ps7_
TRACE::2025-03-11.14:14:26::SCWBDomain::cortexa9_0/include -I.

TRACE::2025-03-11.14:14:26::SCWBDomain::arm-none-eabi-gcc  -O2 -c -MMD -MP       -mcpu=cortex-a9 -mfpu=vfpv3 -mfloat-abi=hard  -c ps7_init.c -o ps7_init.o -Izynq_fsbl_
TRACE::2025-03-11.14:14:26::SCWBDomain::bsp/ps7_cortexa9_0/include -I.

TRACE::2025-03-11.14:14:26::SCWBDomain::arm-none-eabi-gcc  -O2 -c -MMD -MP       -mcpu=cortex-a9 -mfpu=vfpv3 -mfloat-abi=hard  -c pcap.c -o pcap.o -Izynq_fsbl_bsp/ps7_
TRACE::2025-03-11.14:14:26::SCWBDomain::cortexa9_0/include -I.

TRACE::2025-03-11.14:14:26::SCWBDomain::arm-none-eabi-gcc  -O2 -c -MMD -MP       -mcpu=cortex-a9 -mfpu=vfpv3 -mfloat-abi=hard  -c fsbl_handoff.S -o fsbl_handoff.o -Izy
TRACE::2025-03-11.14:14:26::SCWBDomain::nq_fsbl_bsp/ps7_cortexa9_0/include -I.

TRACE::2025-03-11.14:14:26::SCWBDomain::arm-none-eabi-gcc -o fsbl.elf fsbl_handoff.o fsbl_hooks.o image_mover.o main.o md5.o nand.o nor.o pcap.o ps7_init.o qspi.o rsa.
TRACE::2025-03-11.14:14:26::SCWBDomain::o sd.o -MMD -MP       -mcpu=cortex-a9 -mfpu=vfpv3 -mfloat-abi=hard   -mcpu=cortex-a9 -mfpu=vfpv3 -mfloat-abi=hard -Wl,-build-id
TRACE::2025-03-11.14:14:26::SCWBDomain::=none -specs=Xilinx.spec  -lrsa -Wl,--start-group,-lxil,-lgcc,-lc,--end-group -Wl,--start-group,-lxilffs,-lxil,-lgcc,-lc,--end-
TRACE::2025-03-11.14:14:26::SCWBDomain::group -Wl,--start-group,-lrsa,-lxil,-lgcc,-lc,--end-group                               -Wl,--gc-sections -Lzynq_fsbl_bsp/ps7_c
TRACE::2025-03-11.14:14:26::SCWBDomain::ortexa9_0/lib -L./ -Tlscript.ld

LOG::2025-03-11.14:14:26::SCWSystem::Checking the domain standalone_ps7_cortexa9_0
LOG::2025-03-11.14:14:26::SCWSystem::Not a boot domain 
LOG::2025-03-11.14:14:26::SCWSystem::Started Processing the domain standalone_ps7_cortexa9_0
TRACE::2025-03-11.14:14:26::SCWDomain::Generating domain artifcats
TRACE::2025-03-11.14:14:26::SCWMssOS::Generating standalone artifcats
TRACE::2025-03-11.14:14:26::SCWMssOS::Copying the qemu file from  C:/Users/junoh/vivado23/DSD25_Termprj/00_RTL_Skeleton/workspace/design_1_wrapper/resources/design_1_wrapper/standalone_ps7_cortexa9_0/qemu_args.txt To C:/Users/junoh/vivado23/DSD25_Termprj/00_RTL_Skeleton/workspace/design_1_wrapper/export/design_1_wrapper/sw/design_1_wrapper/qemu/
TRACE::2025-03-11.14:14:26::SCWMssOS::Copying the qemu file from  C:/Users/junoh/vivado23/DSD25_Termprj/00_RTL_Skeleton/workspace/design_1_wrapper/resources/design_1_wrapper/standalone_ps7_cortexa9_0/qemu_args.txt To C:/Users/junoh/vivado23/DSD25_Termprj/00_RTL_Skeleton/workspace/design_1_wrapper/export/design_1_wrapper/sw/design_1_wrapper/standalone_ps7_cortexa9_0/qemu/
TRACE::2025-03-11.14:14:26::SCWMssOS:: Copying the user libraries. 
TRACE::2025-03-11.14:14:26::SCWPlatform::Trying to open the hw design at C:/Users/junoh/vivado23/DSD25_Termprj/00_RTL_Skeleton/workspace/design_1_wrapper/hw/design_1_wrapper.xsa
TRACE::2025-03-11.14:14:26::SCWPlatform::DSA given C:/Users/junoh/vivado23/DSD25_Termprj/00_RTL_Skeleton/workspace/design_1_wrapper/hw/design_1_wrapper.xsa
TRACE::2025-03-11.14:14:26::SCWPlatform::DSA absoulate path C:/Users/junoh/vivado23/DSD25_Termprj/00_RTL_Skeleton/workspace/design_1_wrapper/hw/design_1_wrapper.xsa
TRACE::2025-03-11.14:14:26::SCWPlatform::DSA directory C:/Users/junoh/vivado23/DSD25_Termprj/00_RTL_Skeleton/workspace/design_1_wrapper/hw
TRACE::2025-03-11.14:14:26::SCWPlatform:: Platform Path C:/Users/junoh/vivado23/DSD25_Termprj/00_RTL_Skeleton/workspace/design_1_wrapper/hw/design_1_wrapper.xsa
TRACE::2025-03-11.14:14:26::SCWPlatform:: Unique name xilinx:zybo-z7-20::0.0
TRACE::2025-03-11.14:14:26::SCWPlatform::Trying to set the existing hwdb with name design_1_wrapper
TRACE::2025-03-11.14:14:26::SCWPlatform::Opened existing hwdb design_1_wrapper
TRACE::2025-03-11.14:14:26::SCWPlatform::Found the Hw Db part of the input DSA
TRACE::2025-03-11.14:14:26::SCWMssOS::Checking the sw design at  C:/Users/junoh/vivado23/DSD25_Termprj/00_RTL_Skeleton/workspace/design_1_wrapper/ps7_cortexa9_0/standalone_ps7_cortexa9_0/bsp/system.mss
TRACE::2025-03-11.14:14:26::SCWMssOS::DEBUG:  swdes dump  C:/Users/junoh/vivado23/DSD25_Termprj/00_RTL_Skeleton/workspace/design_1_wrapper/ps7_cortexa9_0/standalone_ps7_cortexa9_0/bsp/system.mss|system_0||
C:/Users/junoh/vivado23/DSD25_Termprj/00_RTL_Skeleton/workspace/design_1_wrapper/zynq_fsbl/zynq_fsbl_bsp/system.mss|system||

TRACE::2025-03-11.14:14:26::SCWMssOS::Sw design exists and opened at  C:/Users/junoh/vivado23/DSD25_Termprj/00_RTL_Skeleton/workspace/design_1_wrapper/ps7_cortexa9_0/standalone_ps7_cortexa9_0/bsp/system.mss
TRACE::2025-03-11.14:14:26::SCWMssOS::Completed writing the mss file at C:/Users/junoh/vivado23/DSD25_Termprj/00_RTL_Skeleton/workspace/design_1_wrapper/ps7_cortexa9_0/standalone_ps7_cortexa9_0/bsp
TRACE::2025-03-11.14:14:26::SCWMssOS::Mss edits present, copying mssfile into export location C:/Users/junoh/vivado23/DSD25_Termprj/00_RTL_Skeleton/workspace/design_1_wrapper/ps7_cortexa9_0/standalone_ps7_cortexa9_0/bsp/system.mss
TRACE::2025-03-11.14:14:26::SCWMssOS::bsp generated is upto date with the mss file. Skipping bsp generation.
TRACE::2025-03-11.14:14:26::SCWMssOS::BSP is already built. skipping the bsp build ... 
TRACE::2025-03-11.14:14:26::SCWDomain::Building the domain as part of full build :  standalone_ps7_cortexa9_0
TRACE::2025-03-11.14:14:26::SCWMssOS::doing bsp build ... 
TRACE::2025-03-11.14:14:26::SCWMssOS::System Command Ran  C: & cd  C:/Users/junoh/vivado23/DSD25_Termprj/00_RTL_Skeleton/workspace/design_1_wrapper/ps7_cortexa9_0/standalone_ps7_cortexa9_0/bsp & make 
TRACE::2025-03-11.14:14:26::SCWMssOS::make --no-print-directory seq_libs

TRACE::2025-03-11.14:14:27::SCWMssOS::'Finished building libraries sequentially.'

TRACE::2025-03-11.14:14:27::SCWMssOS::make -j 10 --no-print-directory par_libs

TRACE::2025-03-11.14:14:27::SCWMssOS::"Running Make include in ps7_cortexa9_0/libsrc/bram_v4_8/src"

TRACE::2025-03-11.14:14:27::SCWMssOS::make -C ps7_cortexa9_0/libsrc/bram_v4_8/src -s include  "SHELL=CMD" "COMPILER=arm-none-eabi-gcc" "ASSEMBLER=arm-none-eabi-as" "
TRACE::2025-03-11.14:14:27::SCWMssOS::ARCHIVER=arm-none-eabi-ar" "COMPILER_FLAGS=  -O2 -c" "EXTRA_COMPILER_FLAGS=-mcpu=cortex-a9 -mfpu=vfpv3 -mfloat-abi=hard -nostar
TRACE::2025-03-11.14:14:27::SCWMssOS::tfiles -g -Wall -Wextra -fno-tree-loop-distribute-patterns"

TRACE::2025-03-11.14:14:27::SCWMssOS::"Running Make include in ps7_cortexa9_0/libsrc/coresightps_dcc_v1_8/src"

TRACE::2025-03-11.14:14:27::SCWMssOS::make -C ps7_cortexa9_0/libsrc/coresightps_dcc_v1_8/src -s include  "SHELL=CMD" "COMPILER=arm-none-eabi-gcc" "ASSEMBLER=arm-none
TRACE::2025-03-11.14:14:27::SCWMssOS::-eabi-as" "ARCHIVER=arm-none-eabi-ar" "COMPILER_FLAGS=  -O2 -c" "EXTRA_COMPILER_FLAGS=-mcpu=cortex-a9 -mfpu=vfpv3 -mfloat-abi=h
TRACE::2025-03-11.14:14:27::SCWMssOS::ard -nostartfiles -g -Wall -Wextra -fno-tree-loop-distribute-patterns"

TRACE::2025-03-11.14:14:27::SCWMssOS::"Running Make include in ps7_cortexa9_0/libsrc/cpu_cortexa9_v2_11/src"

TRACE::2025-03-11.14:14:27::SCWMssOS::make -C ps7_cortexa9_0/libsrc/cpu_cortexa9_v2_11/src -s include  "SHELL=CMD" "COMPILER=arm-none-eabi-gcc" "ASSEMBLER=arm-none-e
TRACE::2025-03-11.14:14:27::SCWMssOS::abi-as" "ARCHIVER=arm-none-eabi-ar" "COMPILER_FLAGS=  -O2 -c" "EXTRA_COMPILER_FLAGS=-mcpu=cortex-a9 -mfpu=vfpv3 -mfloat-abi=har
TRACE::2025-03-11.14:14:27::SCWMssOS::d -nostartfiles -g -Wall -Wextra -fno-tree-loop-distribute-patterns"

TRACE::2025-03-11.14:14:27::SCWMssOS::"Running Make include in ps7_cortexa9_0/libsrc/ddrps_v1_2/src"

TRACE::2025-03-11.14:14:27::SCWMssOS::make -C ps7_cortexa9_0/libsrc/ddrps_v1_2/src -s include  "SHELL=CMD" "COMPILER=arm-none-eabi-gcc" "ASSEMBLER=arm-none-eabi-as" 
TRACE::2025-03-11.14:14:27::SCWMssOS::"ARCHIVER=arm-none-eabi-ar" "COMPILER_FLAGS=  -O2 -c" "EXTRA_COMPILER_FLAGS=-mcpu=cortex-a9 -mfpu=vfpv3 -mfloat-abi=hard -nosta
TRACE::2025-03-11.14:14:27::SCWMssOS::rtfiles -g -Wall -Wextra -fno-tree-loop-distribute-patterns"

TRACE::2025-03-11.14:14:27::SCWMssOS::"Running Make include in ps7_cortexa9_0/libsrc/devcfg_v3_7/src"

TRACE::2025-03-11.14:14:27::SCWMssOS::make -C ps7_cortexa9_0/libsrc/devcfg_v3_7/src -s include  "SHELL=CMD" "COMPILER=arm-none-eabi-gcc" "ASSEMBLER=arm-none-eabi-as"
TRACE::2025-03-11.14:14:27::SCWMssOS:: "ARCHIVER=arm-none-eabi-ar" "COMPILER_FLAGS=  -O2 -c" "EXTRA_COMPILER_FLAGS=-mcpu=cortex-a9 -mfpu=vfpv3 -mfloat-abi=hard -nost
TRACE::2025-03-11.14:14:27::SCWMssOS::artfiles -g -Wall -Wextra -fno-tree-loop-distribute-patterns"

TRACE::2025-03-11.14:14:27::SCWMssOS::"Running Make include in ps7_cortexa9_0/libsrc/dmaps_v2_8/src"

TRACE::2025-03-11.14:14:27::SCWMssOS::make -C ps7_cortexa9_0/libsrc/dmaps_v2_8/src -s include  "SHELL=CMD" "COMPILER=arm-none-eabi-gcc" "ASSEMBLER=arm-none-eabi-as" 
TRACE::2025-03-11.14:14:27::SCWMssOS::"ARCHIVER=arm-none-eabi-ar" "COMPILER_FLAGS=  -O2 -c" "EXTRA_COMPILER_FLAGS=-mcpu=cortex-a9 -mfpu=vfpv3 -mfloat-abi=hard -nosta
TRACE::2025-03-11.14:14:27::SCWMssOS::rtfiles -g -Wall -Wextra -fno-tree-loop-distribute-patterns"

TRACE::2025-03-11.14:14:27::SCWMssOS::"Running Make include in ps7_cortexa9_0/libsrc/gpiops_v3_11/src"

TRACE::2025-03-11.14:14:27::SCWMssOS::make -C ps7_cortexa9_0/libsrc/gpiops_v3_11/src -s include  "SHELL=CMD" "COMPILER=arm-none-eabi-gcc" "ASSEMBLER=arm-none-eabi-as
TRACE::2025-03-11.14:14:27::SCWMssOS::" "ARCHIVER=arm-none-eabi-ar" "COMPILER_FLAGS=  -O2 -c" "EXTRA_COMPILER_FLAGS=-mcpu=cortex-a9 -mfpu=vfpv3 -mfloat-abi=hard -nos
TRACE::2025-03-11.14:14:27::SCWMssOS::tartfiles -g -Wall -Wextra -fno-tree-loop-distribute-patterns"

TRACE::2025-03-11.14:14:27::SCWMssOS::"Running Make include in ps7_cortexa9_0/libsrc/scugic_v5_1/src"

TRACE::2025-03-11.14:14:27::SCWMssOS::make -C ps7_cortexa9_0/libsrc/scugic_v5_1/src -s include  "SHELL=CMD" "COMPILER=arm-none-eabi-gcc" "ASSEMBLER=arm-none-eabi-as"
TRACE::2025-03-11.14:14:27::SCWMssOS:: "ARCHIVER=arm-none-eabi-ar" "COMPILER_FLAGS=  -O2 -c" "EXTRA_COMPILER_FLAGS=-mcpu=cortex-a9 -mfpu=vfpv3 -mfloat-abi=hard -nost
TRACE::2025-03-11.14:14:27::SCWMssOS::artfiles -g -Wall -Wextra -fno-tree-loop-distribute-patterns"

TRACE::2025-03-11.14:14:27::SCWMssOS::"Running Make include in ps7_cortexa9_0/libsrc/scutimer_v2_4/src"

TRACE::2025-03-11.14:14:27::SCWMssOS::make -C ps7_cortexa9_0/libsrc/scutimer_v2_4/src -s include  "SHELL=CMD" "COMPILER=arm-none-eabi-gcc" "ASSEMBLER=arm-none-eabi-a
TRACE::2025-03-11.14:14:27::SCWMssOS::s" "ARCHIVER=arm-none-eabi-ar" "COMPILER_FLAGS=  -O2 -c" "EXTRA_COMPILER_FLAGS=-mcpu=cortex-a9 -mfpu=vfpv3 -mfloat-abi=hard -no
TRACE::2025-03-11.14:14:27::SCWMssOS::startfiles -g -Wall -Wextra -fno-tree-loop-distribute-patterns"

TRACE::2025-03-11.14:14:27::SCWMssOS::"Running Make include in ps7_cortexa9_0/libsrc/scuwdt_v2_4/src"

TRACE::2025-03-11.14:14:27::SCWMssOS::make -C ps7_cortexa9_0/libsrc/scuwdt_v2_4/src -s include  "SHELL=CMD" "COMPILER=arm-none-eabi-gcc" "ASSEMBLER=arm-none-eabi-as"
TRACE::2025-03-11.14:14:27::SCWMssOS:: "ARCHIVER=arm-none-eabi-ar" "COMPILER_FLAGS=  -O2 -c" "EXTRA_COMPILER_FLAGS=-mcpu=cortex-a9 -mfpu=vfpv3 -mfloat-abi=hard -nost
TRACE::2025-03-11.14:14:27::SCWMssOS::artfiles -g -Wall -Wextra -fno-tree-loop-distribute-patterns"

TRACE::2025-03-11.14:14:27::SCWMssOS::"Running Make include in ps7_cortexa9_0/libsrc/standalone_v8_1/src"

TRACE::2025-03-11.14:14:27::SCWMssOS::make -C ps7_cortexa9_0/libsrc/standalone_v8_1/src -s include  "SHELL=CMD" "COMPILER=arm-none-eabi-gcc" "ASSEMBLER=arm-none-eabi
TRACE::2025-03-11.14:14:27::SCWMssOS::-as" "ARCHIVER=arm-none-eabi-ar" "COMPILER_FLAGS=  -O2 -c" "EXTRA_COMPILER_FLAGS=-mcpu=cortex-a9 -mfpu=vfpv3 -mfloat-abi=hard -
TRACE::2025-03-11.14:14:27::SCWMssOS::nostartfiles -g -Wall -Wextra -fno-tree-loop-distribute-patterns"

TRACE::2025-03-11.14:14:27::SCWMssOS::"Running Make include in ps7_cortexa9_0/libsrc/uartps_v3_12/src"

TRACE::2025-03-11.14:14:27::SCWMssOS::make -C ps7_cortexa9_0/libsrc/uartps_v3_12/src -s include  "SHELL=CMD" "COMPILER=arm-none-eabi-gcc" "ASSEMBLER=arm-none-eabi-as
TRACE::2025-03-11.14:14:27::SCWMssOS::" "ARCHIVER=arm-none-eabi-ar" "COMPILER_FLAGS=  -O2 -c" "EXTRA_COMPILER_FLAGS=-mcpu=cortex-a9 -mfpu=vfpv3 -mfloat-abi=hard -nos
TRACE::2025-03-11.14:14:27::SCWMssOS::tartfiles -g -Wall -Wextra -fno-tree-loop-distribute-patterns"

TRACE::2025-03-11.14:14:27::SCWMssOS::"Running Make include in ps7_cortexa9_0/libsrc/xadcps_v2_6/src"

TRACE::2025-03-11.14:14:27::SCWMssOS::make -C ps7_cortexa9_0/libsrc/xadcps_v2_6/src -s include  "SHELL=CMD" "COMPILER=arm-none-eabi-gcc" "ASSEMBLER=arm-none-eabi-as"
TRACE::2025-03-11.14:14:27::SCWMssOS:: "ARCHIVER=arm-none-eabi-ar" "COMPILER_FLAGS=  -O2 -c" "EXTRA_COMPILER_FLAGS=-mcpu=cortex-a9 -mfpu=vfpv3 -mfloat-abi=hard -nost
TRACE::2025-03-11.14:14:27::SCWMssOS::artfiles -g -Wall -Wextra -fno-tree-loop-distribute-patterns"

TRACE::2025-03-11.14:14:27::SCWMssOS::"Running Make libs in ps7_cortexa9_0/libsrc/bram_v4_8/src"

TRACE::2025-03-11.14:14:27::SCWMssOS::make -C ps7_cortexa9_0/libsrc/bram_v4_8/src -s libs  "SHELL=CMD" "COMPILER=arm-none-eabi-gcc" "ASSEMBLER=arm-none-eabi-as" "ARC
TRACE::2025-03-11.14:14:27::SCWMssOS::HIVER=arm-none-eabi-ar" "COMPILER_FLAGS=  -O2 -c" "EXTRA_COMPILER_FLAGS=-mcpu=cortex-a9 -mfpu=vfpv3 -mfloat-abi=hard -nostartfi
TRACE::2025-03-11.14:14:27::SCWMssOS::les -g -Wall -Wextra -fno-tree-loop-distribute-patterns"

TRACE::2025-03-11.14:14:27::SCWMssOS::"Running Make libs in ps7_cortexa9_0/libsrc/coresightps_dcc_v1_8/src"

TRACE::2025-03-11.14:14:27::SCWMssOS::make -C ps7_cortexa9_0/libsrc/coresightps_dcc_v1_8/src -s libs  "SHELL=CMD" "COMPILER=arm-none-eabi-gcc" "ASSEMBLER=arm-none-ea
TRACE::2025-03-11.14:14:27::SCWMssOS::bi-as" "ARCHIVER=arm-none-eabi-ar" "COMPILER_FLAGS=  -O2 -c" "EXTRA_COMPILER_FLAGS=-mcpu=cortex-a9 -mfpu=vfpv3 -mfloat-abi=hard
TRACE::2025-03-11.14:14:27::SCWMssOS:: -nostartfiles -g -Wall -Wextra -fno-tree-loop-distribute-patterns"

TRACE::2025-03-11.14:14:27::SCWMssOS::"Running Make libs in ps7_cortexa9_0/libsrc/cpu_cortexa9_v2_11/src"

TRACE::2025-03-11.14:14:27::SCWMssOS::make -C ps7_cortexa9_0/libsrc/cpu_cortexa9_v2_11/src -s libs  "SHELL=CMD" "COMPILER=arm-none-eabi-gcc" "ASSEMBLER=arm-none-eabi
TRACE::2025-03-11.14:14:27::SCWMssOS::-as" "ARCHIVER=arm-none-eabi-ar" "COMPILER_FLAGS=  -O2 -c" "EXTRA_COMPILER_FLAGS=-mcpu=cortex-a9 -mfpu=vfpv3 -mfloat-abi=hard -
TRACE::2025-03-11.14:14:27::SCWMssOS::nostartfiles -g -Wall -Wextra -fno-tree-loop-distribute-patterns"

TRACE::2025-03-11.14:14:27::SCWMssOS::"Running Make libs in ps7_cortexa9_0/libsrc/ddrps_v1_2/src"

TRACE::2025-03-11.14:14:27::SCWMssOS::make -C ps7_cortexa9_0/libsrc/ddrps_v1_2/src -s libs  "SHELL=CMD" "COMPILER=arm-none-eabi-gcc" "ASSEMBLER=arm-none-eabi-as" "AR
TRACE::2025-03-11.14:14:27::SCWMssOS::CHIVER=arm-none-eabi-ar" "COMPILER_FLAGS=  -O2 -c" "EXTRA_COMPILER_FLAGS=-mcpu=cortex-a9 -mfpu=vfpv3 -mfloat-abi=hard -nostartf
TRACE::2025-03-11.14:14:27::SCWMssOS::iles -g -Wall -Wextra -fno-tree-loop-distribute-patterns"

TRACE::2025-03-11.14:14:27::SCWMssOS::"Running Make libs in ps7_cortexa9_0/libsrc/devcfg_v3_7/src"

TRACE::2025-03-11.14:14:27::SCWMssOS::make -C ps7_cortexa9_0/libsrc/devcfg_v3_7/src -s libs  "SHELL=CMD" "COMPILER=arm-none-eabi-gcc" "ASSEMBLER=arm-none-eabi-as" "A
TRACE::2025-03-11.14:14:27::SCWMssOS::RCHIVER=arm-none-eabi-ar" "COMPILER_FLAGS=  -O2 -c" "EXTRA_COMPILER_FLAGS=-mcpu=cortex-a9 -mfpu=vfpv3 -mfloat-abi=hard -nostart
TRACE::2025-03-11.14:14:27::SCWMssOS::files -g -Wall -Wextra -fno-tree-loop-distribute-patterns"

TRACE::2025-03-11.14:14:27::SCWMssOS::"Running Make libs in ps7_cortexa9_0/libsrc/dmaps_v2_8/src"

TRACE::2025-03-11.14:14:27::SCWMssOS::make -C ps7_cortexa9_0/libsrc/dmaps_v2_8/src -s libs  "SHELL=CMD" "COMPILER=arm-none-eabi-gcc" "ASSEMBLER=arm-none-eabi-as" "AR
TRACE::2025-03-11.14:14:27::SCWMssOS::CHIVER=arm-none-eabi-ar" "COMPILER_FLAGS=  -O2 -c" "EXTRA_COMPILER_FLAGS=-mcpu=cortex-a9 -mfpu=vfpv3 -mfloat-abi=hard -nostartf
TRACE::2025-03-11.14:14:27::SCWMssOS::iles -g -Wall -Wextra -fno-tree-loop-distribute-patterns"

TRACE::2025-03-11.14:14:27::SCWMssOS::"Running Make libs in ps7_cortexa9_0/libsrc/gpiops_v3_11/src"

TRACE::2025-03-11.14:14:27::SCWMssOS::make -C ps7_cortexa9_0/libsrc/gpiops_v3_11/src -s libs  "SHELL=CMD" "COMPILER=arm-none-eabi-gcc" "ASSEMBLER=arm-none-eabi-as" "
TRACE::2025-03-11.14:14:27::SCWMssOS::ARCHIVER=arm-none-eabi-ar" "COMPILER_FLAGS=  -O2 -c" "EXTRA_COMPILER_FLAGS=-mcpu=cortex-a9 -mfpu=vfpv3 -mfloat-abi=hard -nostar
TRACE::2025-03-11.14:14:27::SCWMssOS::tfiles -g -Wall -Wextra -fno-tree-loop-distribute-patterns"

TRACE::2025-03-11.14:14:28::SCWMssOS::"Running Make libs in ps7_cortexa9_0/libsrc/scugic_v5_1/src"

TRACE::2025-03-11.14:14:28::SCWMssOS::make -C ps7_cortexa9_0/libsrc/scugic_v5_1/src -s libs  "SHELL=CMD" "COMPILER=arm-none-eabi-gcc" "ASSEMBLER=arm-none-eabi-as" "A
TRACE::2025-03-11.14:14:28::SCWMssOS::RCHIVER=arm-none-eabi-ar" "COMPILER_FLAGS=  -O2 -c" "EXTRA_COMPILER_FLAGS=-mcpu=cortex-a9 -mfpu=vfpv3 -mfloat-abi=hard -nostart
TRACE::2025-03-11.14:14:28::SCWMssOS::files -g -Wall -Wextra -fno-tree-loop-distribute-patterns"

TRACE::2025-03-11.14:14:28::SCWMssOS::"Running Make libs in ps7_cortexa9_0/libsrc/scutimer_v2_4/src"

TRACE::2025-03-11.14:14:28::SCWMssOS::make -C ps7_cortexa9_0/libsrc/scutimer_v2_4/src -s libs  "SHELL=CMD" "COMPILER=arm-none-eabi-gcc" "ASSEMBLER=arm-none-eabi-as" 
TRACE::2025-03-11.14:14:28::SCWMssOS::"ARCHIVER=arm-none-eabi-ar" "COMPILER_FLAGS=  -O2 -c" "EXTRA_COMPILER_FLAGS=-mcpu=cortex-a9 -mfpu=vfpv3 -mfloat-abi=hard -nosta
TRACE::2025-03-11.14:14:28::SCWMssOS::rtfiles -g -Wall -Wextra -fno-tree-loop-distribute-patterns"

TRACE::2025-03-11.14:14:28::SCWMssOS::"Running Make libs in ps7_cortexa9_0/libsrc/scuwdt_v2_4/src"

TRACE::2025-03-11.14:14:28::SCWMssOS::make -C ps7_cortexa9_0/libsrc/scuwdt_v2_4/src -s libs  "SHELL=CMD" "COMPILER=arm-none-eabi-gcc" "ASSEMBLER=arm-none-eabi-as" "A
TRACE::2025-03-11.14:14:28::SCWMssOS::RCHIVER=arm-none-eabi-ar" "COMPILER_FLAGS=  -O2 -c" "EXTRA_COMPILER_FLAGS=-mcpu=cortex-a9 -mfpu=vfpv3 -mfloat-abi=hard -nostart
TRACE::2025-03-11.14:14:28::SCWMssOS::files -g -Wall -Wextra -fno-tree-loop-distribute-patterns"

TRACE::2025-03-11.14:14:28::SCWMssOS::"Running Make libs in ps7_cortexa9_0/libsrc/standalone_v8_1/src"

TRACE::2025-03-11.14:14:28::SCWMssOS::make -C ps7_cortexa9_0/libsrc/standalone_v8_1/src -s libs  "SHELL=CMD" "COMPILER=arm-none-eabi-gcc" "ASSEMBLER=arm-none-eabi-as
TRACE::2025-03-11.14:14:28::SCWMssOS::" "ARCHIVER=arm-none-eabi-ar" "COMPILER_FLAGS=  -O2 -c" "EXTRA_COMPILER_FLAGS=-mcpu=cortex-a9 -mfpu=vfpv3 -mfloat-abi=hard -nos
TRACE::2025-03-11.14:14:28::SCWMssOS::tartfiles -g -Wall -Wextra -fno-tree-loop-distribute-patterns"

TRACE::2025-03-11.14:14:28::SCWMssOS::"Running Make libs in ps7_cortexa9_0/libsrc/uartps_v3_12/src"

TRACE::2025-03-11.14:14:28::SCWMssOS::make -C ps7_cortexa9_0/libsrc/uartps_v3_12/src -s libs  "SHELL=CMD" "COMPILER=arm-none-eabi-gcc" "ASSEMBLER=arm-none-eabi-as" "
TRACE::2025-03-11.14:14:28::SCWMssOS::ARCHIVER=arm-none-eabi-ar" "COMPILER_FLAGS=  -O2 -c" "EXTRA_COMPILER_FLAGS=-mcpu=cortex-a9 -mfpu=vfpv3 -mfloat-abi=hard -nostar
TRACE::2025-03-11.14:14:28::SCWMssOS::tfiles -g -Wall -Wextra -fno-tree-loop-distribute-patterns"

TRACE::2025-03-11.14:14:28::SCWMssOS::"Running Make libs in ps7_cortexa9_0/libsrc/xadcps_v2_6/src"

TRACE::2025-03-11.14:14:28::SCWMssOS::make -C ps7_cortexa9_0/libsrc/xadcps_v2_6/src -s libs  "SHELL=CMD" "COMPILER=arm-none-eabi-gcc" "ASSEMBLER=arm-none-eabi-as" "A
TRACE::2025-03-11.14:14:28::SCWMssOS::RCHIVER=arm-none-eabi-ar" "COMPILER_FLAGS=  -O2 -c" "EXTRA_COMPILER_FLAGS=-mcpu=cortex-a9 -mfpu=vfpv3 -mfloat-abi=hard -nostart
TRACE::2025-03-11.14:14:28::SCWMssOS::files -g -Wall -Wextra -fno-tree-loop-distribute-patterns"

TRACE::2025-03-11.14:14:30::SCWMssOS::'Finished building libraries parallelly.'

TRACE::2025-03-11.14:14:30::SCWMssOS::make --no-print-directory archive

TRACE::2025-03-11.14:14:30::SCWMssOS::arm-none-eabi-ar -r  ps7_cortexa9_0/lib/libxil.a ps7_cortexa9_0/lib/_exit.o ps7_cortexa9_0/lib/_open.o ps7_cortexa9_0/lib/_sbrk
TRACE::2025-03-11.14:14:30::SCWMssOS::.o ps7_cortexa9_0/lib/abort.o ps7_cortexa9_0/lib/asm_vectors.o ps7_cortexa9_0/lib/boot.o ps7_cortexa9_0/lib/close.o ps7_cortexa
TRACE::2025-03-11.14:14:30::SCWMssOS::9_0/lib/cpputest_time.o ps7_cortexa9_0/lib/cpu_init.o ps7_cortexa9_0/lib/errno.o ps7_cortexa9_0/lib/fcntl.o ps7_cortexa9_0/lib/
TRACE::2025-03-11.14:14:30::SCWMssOS::fstat.o ps7_cortexa9_0/lib/getentropy.o ps7_cortexa9_0/lib/getpid.o ps7_cortexa9_0/lib/inbyte.o ps7_cortexa9_0/lib/isatty.o ps7
TRACE::2025-03-11.14:14:30::SCWMssOS::_cortexa9_0/lib/kill.o ps7_cortexa9_0/lib/lseek.o ps7_cortexa9_0/lib/open.o ps7_cortexa9_0/lib/outbyte.o ps7_cortexa9_0/lib/pri
TRACE::2025-03-11.14:14:30::SCWMssOS::nt.o ps7_cortexa9_0/lib/putnum.o ps7_cortexa9_0/lib/read.o ps7_cortexa9_0/lib/sbrk.o ps7_cortexa9_0/lib/sleep.o ps7_cortexa9_0/
TRACE::2025-03-11.14:14:30::SCWMssOS::lib/time.o ps7_cortexa9_0/lib/translation_table.o ps7_cortexa9_0/lib/unlink.o ps7_cortexa9_0/lib/usleep.o ps7_cortexa9_0/lib/ve
TRACE::2025-03-11.14:14:30::SCWMssOS::ctors.o ps7_cortexa9_0/lib/write.o ps7_cortexa9_0/lib/xadcps.o ps7_cortexa9_0/lib/xadcps_g.o ps7_cortexa9_0/lib/xadcps_intr.o p
TRACE::2025-03-11.14:14:30::SCWMssOS::s7_cortexa9_0/lib/xadcps_selftest.o ps7_cortexa9_0/lib/xadcps_sinit.o ps7_cortexa9_0/lib/xbram.o ps7_cortexa9_0/lib/xbram_g.o p
TRACE::2025-03-11.14:14:30::SCWMssOS::s7_cortexa9_0/lib/xbram_intr.o ps7_cortexa9_0/lib/xbram_selftest.o ps7_cortexa9_0/lib/xbram_sinit.o ps7_cortexa9_0/lib/xcoresig
TRACE::2025-03-11.14:14:30::SCWMssOS::htpsdcc.o ps7_cortexa9_0/lib/xdevcfg.o ps7_cortexa9_0/lib/xdevcfg_g.o ps7_cortexa9_0/lib/xdevcfg_hw.o ps7_cortexa9_0/lib/xdevcf
TRACE::2025-03-11.14:14:30::SCWMssOS::g_intr.o ps7_cortexa9_0/lib/xdevcfg_selftest.o ps7_cortexa9_0/lib/xdevcfg_sinit.o ps7_cortexa9_0/lib/xdmaps.o ps7_cortexa9_0/li
TRACE::2025-03-11.14:14:30::SCWMssOS::b/xdmaps_g.o ps7_cortexa9_0/lib/xdmaps_hw.o ps7_cortexa9_0/lib/xdmaps_selftest.o ps7_cortexa9_0/lib/xdmaps_sinit.o ps7_cortexa9
TRACE::2025-03-11.14:14:30::SCWMssOS::_0/lib/xgpiops.o ps7_cortexa9_0/lib/xgpiops_g.o ps7_cortexa9_0/lib/xgpiops_hw.o ps7_cortexa9_0/lib/xgpiops_intr.o ps7_cortexa9_
TRACE::2025-03-11.14:14:30::SCWMssOS::0/lib/xgpiops_selftest.o ps7_cortexa9_0/lib/xgpiops_sinit.o ps7_cortexa9_0/lib/xil-crt0.o ps7_cortexa9_0/lib/xil_assert.o ps7_c
TRACE::2025-03-11.14:14:30::SCWMssOS::ortexa9_0/lib/xil_cache.o ps7_cortexa9_0/lib/xil_clocking.o ps7_cortexa9_0/lib/xil_exception.o ps7_cortexa9_0/lib/xil_mem.o ps7
TRACE::2025-03-11.14:14:30::SCWMssOS::_cortexa9_0/lib/xil_misc_psreset_api.o ps7_cortexa9_0/lib/xil_mmu.o ps7_cortexa9_0/lib/xil_printf.o ps7_cortexa9_0/lib/xil_slee
TRACE::2025-03-11.14:14:30::SCWMssOS::pcommon.o ps7_cortexa9_0/lib/xil_sleeptimer.o ps7_cortexa9_0/lib/xil_spinlock.o ps7_cortexa9_0/lib/xil_testcache.o ps7_cortexa9
TRACE::2025-03-11.14:14:30::SCWMssOS::_0/lib/xil_testio.o ps7_cortexa9_0/lib/xil_testmem.o ps7_cortexa9_0/lib/xil_util.o ps7_cortexa9_0/lib/xinterrupt_wrap.o ps7_cor
TRACE::2025-03-11.14:14:30::SCWMssOS::texa9_0/lib/xl2cc_counter.o ps7_cortexa9_0/lib/xplatform_info.o ps7_cortexa9_0/lib/xpm_counter.o ps7_cortexa9_0/lib/xscugic.o p
TRACE::2025-03-11.14:14:30::SCWMssOS::s7_cortexa9_0/lib/xscugic_g.o ps7_cortexa9_0/lib/xscugic_hw.o ps7_cortexa9_0/lib/xscugic_intr.o ps7_cortexa9_0/lib/xscugic_self
TRACE::2025-03-11.14:14:30::SCWMssOS::test.o ps7_cortexa9_0/lib/xscugic_sinit.o ps7_cortexa9_0/lib/xscutimer.o ps7_cortexa9_0/lib/xscutimer_g.o ps7_cortexa9_0/lib/xs
TRACE::2025-03-11.14:14:30::SCWMssOS::cutimer_selftest.o ps7_cortexa9_0/lib/xscutimer_sinit.o ps7_cortexa9_0/lib/xscuwdt.o ps7_cortexa9_0/lib/xscuwdt_g.o ps7_cortexa
TRACE::2025-03-11.14:14:30::SCWMssOS::9_0/lib/xscuwdt_selftest.o ps7_cortexa9_0/lib/xscuwdt_sinit.o ps7_cortexa9_0/lib/xtime_l.o ps7_cortexa9_0/lib/xuartps.o ps7_cor
TRACE::2025-03-11.14:14:30::SCWMssOS::texa9_0/lib/xuartps_g.o ps7_cortexa9_0/lib/xuartps_hw.o ps7_cortexa9_0/lib/xuartps_intr.o ps7_cortexa9_0/lib/xuartps_options.o 
TRACE::2025-03-11.14:14:30::SCWMssOS::ps7_cortexa9_0/lib/xuartps_selftest.o ps7_cortexa9_0/lib/xuartps_sinit.o

TRACE::2025-03-11.14:14:31::SCWMssOS::'Finished building libraries'

TRACE::2025-03-11.14:14:31::SCWMssOS::Copying to export directory.
TRACE::2025-03-11.14:14:31::SCWMssOS:: Checking if to create the Supporting Applications
TRACE::2025-03-11.14:14:31::SCWMssOS:: No Linux domain exists, trying to generate FSBL 
LOG::2025-03-11.14:14:31::SCWSystem::Completed Processing the domain standalone_ps7_cortexa9_0
LOG::2025-03-11.14:14:31::SCWSystem::Completed Processing the sysconfig design_1_wrapper
LOG::2025-03-11.14:14:31::SCWPlatform::Completed generating the artifacts for system configuration design_1_wrapper
TRACE::2025-03-11.14:14:31::SCWPlatform::Started preparing the platform 
TRACE::2025-03-11.14:14:31::SCWSystem::Writing the bif file for system config design_1_wrapper
TRACE::2025-03-11.14:14:31::SCWSystem::dir created 
TRACE::2025-03-11.14:14:31::SCWSystem::Writing the bif 
TRACE::2025-03-11.14:14:31::SCWPlatform::Started writing the spfm file 
TRACE::2025-03-11.14:14:31::SCWPlatform::Started writing the xpfm file 
TRACE::2025-03-11.14:14:31::SCWPlatform::Completed generating the platform
TRACE::2025-03-11.14:14:31::SCWMssOS::Saving the mss changes C:/Users/junoh/vivado23/DSD25_Termprj/00_RTL_Skeleton/workspace/design_1_wrapper/zynq_fsbl/zynq_fsbl_bsp/system.mss
TRACE::2025-03-11.14:14:31::SCWMssOS::Found a swdesign opened with the mssfile.
TRACE::2025-03-11.14:14:31::SCWMssOS::Completed writemss as part of save.
TRACE::2025-03-11.14:14:31::SCWMssOS::Commit changes completed.
TRACE::2025-03-11.14:14:31::SCWMssOS::Saving the mss changes C:/Users/junoh/vivado23/DSD25_Termprj/00_RTL_Skeleton/workspace/design_1_wrapper/ps7_cortexa9_0/standalone_ps7_cortexa9_0/bsp/system.mss
TRACE::2025-03-11.14:14:31::SCWMssOS::Found a swdesign opened with the mssfile.
TRACE::2025-03-11.14:14:31::SCWMssOS::Completed writemss as part of save.
TRACE::2025-03-11.14:14:31::SCWMssOS::Commit changes completed.
TRACE::2025-03-11.14:14:31::SCWPlatform::Trying to open the hw design at C:/Users/junoh/vivado23/DSD25_Termprj/00_RTL_Skeleton/workspace/design_1_wrapper/hw/design_1_wrapper.xsa
TRACE::2025-03-11.14:14:31::SCWPlatform::DSA given C:/Users/junoh/vivado23/DSD25_Termprj/00_RTL_Skeleton/workspace/design_1_wrapper/hw/design_1_wrapper.xsa
TRACE::2025-03-11.14:14:31::SCWPlatform::DSA absoulate path C:/Users/junoh/vivado23/DSD25_Termprj/00_RTL_Skeleton/workspace/design_1_wrapper/hw/design_1_wrapper.xsa
TRACE::2025-03-11.14:14:31::SCWPlatform::DSA directory C:/Users/junoh/vivado23/DSD25_Termprj/00_RTL_Skeleton/workspace/design_1_wrapper/hw
TRACE::2025-03-11.14:14:31::SCWPlatform:: Platform Path C:/Users/junoh/vivado23/DSD25_Termprj/00_RTL_Skeleton/workspace/design_1_wrapper/hw/design_1_wrapper.xsa
TRACE::2025-03-11.14:14:31::SCWPlatform:: Unique name xilinx:zybo-z7-20::0.0
TRACE::2025-03-11.14:14:31::SCWPlatform::Trying to set the existing hwdb with name design_1_wrapper
TRACE::2025-03-11.14:14:31::SCWPlatform::Opened existing hwdb design_1_wrapper
TRACE::2025-03-11.14:14:31::SCWPlatform::Found the Hw Db part of the input DSA
TRACE::2025-03-11.14:14:31::SCWMssOS::Checking the sw design at  C:/Users/junoh/vivado23/DSD25_Termprj/00_RTL_Skeleton/workspace/design_1_wrapper/zynq_fsbl/zynq_fsbl_bsp/system.mss
TRACE::2025-03-11.14:14:31::SCWMssOS::DEBUG:  swdes dump  C:/Users/junoh/vivado23/DSD25_Termprj/00_RTL_Skeleton/workspace/design_1_wrapper/ps7_cortexa9_0/standalone_ps7_cortexa9_0/bsp/system.mss|system_0||
C:/Users/junoh/vivado23/DSD25_Termprj/00_RTL_Skeleton/workspace/design_1_wrapper/zynq_fsbl/zynq_fsbl_bsp/system.mss|system||

TRACE::2025-03-11.14:14:31::SCWMssOS::Sw design exists and opened at  C:/Users/junoh/vivado23/DSD25_Termprj/00_RTL_Skeleton/workspace/design_1_wrapper/zynq_fsbl/zynq_fsbl_bsp/system.mss
TRACE::2025-03-11.14:14:31::SCWPlatform::Trying to open the hw design at C:/Users/junoh/vivado23/DSD25_Termprj/00_RTL_Skeleton/workspace/design_1_wrapper/hw/design_1_wrapper.xsa
TRACE::2025-03-11.14:14:31::SCWPlatform::DSA given C:/Users/junoh/vivado23/DSD25_Termprj/00_RTL_Skeleton/workspace/design_1_wrapper/hw/design_1_wrapper.xsa
TRACE::2025-03-11.14:14:31::SCWPlatform::DSA absoulate path C:/Users/junoh/vivado23/DSD25_Termprj/00_RTL_Skeleton/workspace/design_1_wrapper/hw/design_1_wrapper.xsa
TRACE::2025-03-11.14:14:31::SCWPlatform::DSA directory C:/Users/junoh/vivado23/DSD25_Termprj/00_RTL_Skeleton/workspace/design_1_wrapper/hw
TRACE::2025-03-11.14:14:31::SCWPlatform:: Platform Path C:/Users/junoh/vivado23/DSD25_Termprj/00_RTL_Skeleton/workspace/design_1_wrapper/hw/design_1_wrapper.xsa
TRACE::2025-03-11.14:14:31::SCWPlatform:: Unique name xilinx:zybo-z7-20::0.0
TRACE::2025-03-11.14:14:31::SCWPlatform::Trying to set the existing hwdb with name design_1_wrapper
TRACE::2025-03-11.14:14:31::SCWPlatform::Opened existing hwdb design_1_wrapper
TRACE::2025-03-11.14:14:31::SCWPlatform::Found the Hw Db part of the input DSA
TRACE::2025-03-11.14:14:31::SCWMssOS::Checking the sw design at  C:/Users/junoh/vivado23/DSD25_Termprj/00_RTL_Skeleton/workspace/design_1_wrapper/ps7_cortexa9_0/standalone_ps7_cortexa9_0/bsp/system.mss
TRACE::2025-03-11.14:14:31::SCWMssOS::DEBUG:  swdes dump  C:/Users/junoh/vivado23/DSD25_Termprj/00_RTL_Skeleton/workspace/design_1_wrapper/ps7_cortexa9_0/standalone_ps7_cortexa9_0/bsp/system.mss|system_0||
C:/Users/junoh/vivado23/DSD25_Termprj/00_RTL_Skeleton/workspace/design_1_wrapper/zynq_fsbl/zynq_fsbl_bsp/system.mss|system||

TRACE::2025-03-11.14:14:31::SCWMssOS::Sw design exists and opened at  C:/Users/junoh/vivado23/DSD25_Termprj/00_RTL_Skeleton/workspace/design_1_wrapper/ps7_cortexa9_0/standalone_ps7_cortexa9_0/bsp/system.mss
TRACE::2025-03-11.14:14:31::SCWWriter::formatted JSON is {
	"platformName":	"design_1_wrapper",
	"sprVersion":	"2.0",
	"mode":	"gui",
	"dsaType":	"Fixed",
	"platformDesc":	"design_1_wrapper",
	"platHandOff":	"C:/Users/junoh/vivado23/DSD25_Termprj/00_RTL_Skeleton/design_1_wrapper.xsa",
	"platIntHandOff":	"<platformDir>/hw/design_1_wrapper.xsa",
	"deviceType":	"zynq",
	"platIsPrebuiltAutogen":	"false",
	"platIsNoBootBsp":	"false",
	"hasFsblMakeHasChanges":	"false",
	"hasPmufwMakeHasChanges":	"false",
	"fsblExtraCompilerFlags":	"-MMD -MP       -mcpu=cortex-a9 -mfpu=vfpv3 -mfloat-abi=hard ",
	"platPreBuiltFlag":	false,
	"platformSamplesDir":	"",
	"platActiveSys":	"design_1_wrapper",
	"systems":	[{
			"systemName":	"design_1_wrapper",
			"systemDesc":	"design_1_wrapper",
			"sysIsBootAutoGen":	"true",
			"systemDispName":	"design_1_wrapper",
			"sysActiveDom":	"standalone_ps7_cortexa9_0",
			"sysDefaultDom":	"standalone_ps7_cortexa9_0",
			"domains":	[{
					"domainName":	"zynq_fsbl",
					"domainDispName":	"zynq_fsbl",
					"domainDesc":	"FSBL Application BSP - Auto Generated.",
					"processors":	"ps7_cortexa9_0",
					"os":	"standalone",
					"sdxOs":	"standalone",
					"debugEnable":	"",
					"domRuntimes":	["cpp"],
					"swRepo":	"",
					"mssOsVer":	"8.1",
					"mssFile":	"",
					"md5Digest":	"18db037d21630273c43c35eef454af04",
					"compatibleApp":	"zynq_fsbl",
					"domType":	"bootDomain",
					"arch":	"32-bit",
					"appSettings":	{
						"appCompilerFlags":	"",
						"appLinkerFlags":	""
					},
					"addedLibs":	["xilffs:5.0", "xilrsa:1.6"],
					"libOptions":	{
						"libsContainingOptions":	[]
					},
					"prebuiltLibs":	{
						"prebuiltIncPath":	[],
						"prebuiltLibPath":	[]
					},
					"isolation":	{
					}
				}, {
					"domainName":	"standalone_ps7_cortexa9_0",
					"domainDispName":	"standalone_ps7_cortexa9_0",
					"domainDesc":	"standalone_ps7_cortexa9_0",
					"processors":	"ps7_cortexa9_0",
					"os":	"standalone",
					"sdxOs":	"standalone",
					"qemuArgs":	"<platformDir>/resources/design_1_wrapper/standalone_ps7_cortexa9_0/qemu_args.txt",
					"qemuData":	"<platformDir>/resources/design_1_wrapper/standalone_ps7_cortexa9_0/qemu",
					"debugEnable":	"False",
					"domRuntimes":	["cpp"],
					"swRepo":	"",
					"mssOsVer":	"8.1",
					"mssFile":	"",
					"md5Digest":	"f90644cd625b505de1ada2b5ad5e2e1f",
					"compatibleApp":	"",
					"domType":	"mssDomain",
					"arch":	"32-bit",
					"appSettings":	{
						"appCompilerFlags":	"",
						"appLinkerFlags":	""
					},
					"addedLibs":	[],
					"libOptions":	{
						"libsContainingOptions":	[]
					},
					"prebuiltLibs":	{
						"prebuiltIncPath":	[],
						"prebuiltLibPath":	[]
					},
					"isolation":	{
					}
				}]
		}]
}
KEYINFO::2025-03-11.14:14:31::SCWPlatform::updated the xpfm file.
TRACE::2025-03-11.14:14:32::SCWPlatform::Trying to open the hw design at C:/Users/junoh/vivado23/DSD25_Termprj/00_RTL_Skeleton/workspace/design_1_wrapper/hw/design_1_wrapper.xsa
TRACE::2025-03-11.14:14:32::SCWPlatform::DSA given C:/Users/junoh/vivado23/DSD25_Termprj/00_RTL_Skeleton/workspace/design_1_wrapper/hw/design_1_wrapper.xsa
TRACE::2025-03-11.14:14:32::SCWPlatform::DSA absoulate path C:/Users/junoh/vivado23/DSD25_Termprj/00_RTL_Skeleton/workspace/design_1_wrapper/hw/design_1_wrapper.xsa
TRACE::2025-03-11.14:14:32::SCWPlatform::DSA directory C:/Users/junoh/vivado23/DSD25_Termprj/00_RTL_Skeleton/workspace/design_1_wrapper/hw
TRACE::2025-03-11.14:14:32::SCWPlatform:: Platform Path C:/Users/junoh/vivado23/DSD25_Termprj/00_RTL_Skeleton/workspace/design_1_wrapper/hw/design_1_wrapper.xsa
TRACE::2025-03-11.14:14:32::SCWPlatform:: Unique name xilinx:zybo-z7-20::0.0
TRACE::2025-03-11.14:14:32::SCWPlatform::Trying to set the existing hwdb with name design_1_wrapper
TRACE::2025-03-11.14:14:32::SCWPlatform::Opened existing hwdb design_1_wrapper
TRACE::2025-03-11.14:14:32::SCWPlatform::Found the Hw Db part of the input DSA
TRACE::2025-03-11.14:14:32::SCWMssOS::Checking the sw design at  C:/Users/junoh/vivado23/DSD25_Termprj/00_RTL_Skeleton/workspace/design_1_wrapper/ps7_cortexa9_0/standalone_ps7_cortexa9_0/bsp/system.mss
TRACE::2025-03-11.14:14:32::SCWMssOS::DEBUG:  swdes dump  C:/Users/junoh/vivado23/DSD25_Termprj/00_RTL_Skeleton/workspace/design_1_wrapper/ps7_cortexa9_0/standalone_ps7_cortexa9_0/bsp/system.mss|system_0||
C:/Users/junoh/vivado23/DSD25_Termprj/00_RTL_Skeleton/workspace/design_1_wrapper/zynq_fsbl/zynq_fsbl_bsp/system.mss|system||

TRACE::2025-03-11.14:14:32::SCWMssOS::Sw design exists and opened at  C:/Users/junoh/vivado23/DSD25_Termprj/00_RTL_Skeleton/workspace/design_1_wrapper/ps7_cortexa9_0/standalone_ps7_cortexa9_0/bsp/system.mss
